schema_version,ssoc,title,major_group,major_group_code,gross_monthly_median_sgd,estimated_employment_thousands,employment_basis,ai_task_exposure_index,human_bottleneck_index,ai_exposure_rank,job_change_band,substitution_pressure_score,substitution_pressure_band,augmentation_potential_score,augmentation_potential_band,likely_pathway,demand_context,adoption_context,adoption_coverage,attrition_absorber,entry_level_sensitivity,evidence_confidence,evidence_limiting_factors,sensitivity_label,sensitivity_minimum_points,sensitivity_maximum_points,reference_market,reference_date
8.0,12112,Administration manager,MANAGERS,1,6388,7.5,estimated_sg_submajor_weighted_2025,0.7879,0.7219,82,very_high,57,moderate,97,very_high,workflow_redesign,mixed,leading,partial,medium,unknown,medium,Signal Agreement|Sensitivity|Market Data Granularity,crosses_band,71,93,Singapore SSOC 2020,2026-07-15
8.0,12221,Advertising/Public relations manager,MANAGERS,1,8514,8.6,estimated_sg_submajor_weighted_2025,0.718,0.6961,74,high,56,moderate,89,very_high,augmentation_led_growth,strong,leading,partial,medium,unknown,medium,Sensitivity,stable,68,76,Singapore SSOC 2020,2026-07-15
8.0,13430,Aged care services manager,MANAGERS,1,7759,4.8,estimated_sg_submajor_weighted_2025,0.3433,0.7389,32,low,29,low,56,moderate,limited_direct_change,mixed,leading,partial,medium,unknown,medium,Signal Agreement|Market Data Granularity,crosses_band,24,40,Singapore SSOC 2020,2026-07-15
8.0,14330,Arts and cultural centre manager (including gallery and museum manager),MANAGERS,1,4550,3.2,estimated_sg_submajor_weighted_2025,0.5724,0.9447,57,moderate,9,very_low,95,very_high,workflow_redesign,mixed,unknown,unknown,medium,unknown,medium,Signal Agreement|Crosswalk Quality|Market Data Granularity|Sensitivity,crosses_band,45,72,Singapore SSOC 2020,2026-07-15
8.0,14322,Attractions manager,MANAGERS,1,6195,3.8,estimated_sg_submajor_weighted_2025,0.4133,0.8904,41,moderate,17,very_low,70,high,workflow_redesign,mixed,unknown,unknown,medium,unknown,medium,Crosswalk Quality|Source Coverage|Sensitivity|Market Data Granularity,crosses_band,39,43,Singapore SSOC 2020,2026-07-15
8.0,12113,Audit manager,MANAGERS,1,10041,9.3,estimated_sg_submajor_weighted_2025,0.7879,0.7219,82,very_high,57,moderate,97,very_high,workflow_redesign,mixed,leading,partial,medium,unknown,medium,Signal Agreement|Sensitivity|Market Data Granularity,crosses_band,71,93,Singapore SSOC 2020,2026-07-15
8.0,12111,Budgeting and financial accounting manager (including financial controller),MANAGERS,1,9203,8.9,estimated_sg_submajor_weighted_2025,0.7879,0.7219,82,very_high,57,moderate,97,very_high,workflow_redesign,mixed,leading,partial,medium,unknown,high,Signal Agreement|Sensitivity|Market Data Granularity,crosses_band,71,93,Singapore SSOC 2020,2026-07-15
8.0,12212,Business development manager,MANAGERS,1,8669,8.7,estimated_sg_submajor_weighted_2025,0.7738,0.7291,79,high,53,moderate,96,very_high,workflow_redesign,mixed,leading,partial,medium,unknown,high,Sensitivity|Market Data Granularity,crosses_band,73,84,Singapore SSOC 2020,2026-07-15
8.0,12242,Call centre manager,MANAGERS,1,5968,7.2,estimated_sg_submajor_weighted_2025,0.7109,0.4572,73,high,73,high,64,high,workflow_redesign,mixed,leading,partial,medium,unknown,medium,Sensitivity|Market Data Granularity|Crosswalk Quality,stable,70,75,Singapore SSOC 2020,2026-07-15
8.0,14122,Catering manager,MANAGERS,1,4697,3.3,estimated_sg_submajor_weighted_2025,0.438,0.4742,43,moderate,59,moderate,48,moderate,workflow_redesign,mixed,unknown,unknown,medium,unknown,medium,Signal Agreement|Market Data Granularity,crosses_band,39,51,Singapore SSOC 2020,2026-07-15
8.0,13301,Chief information officer/Chief technology officer/Chief security officer,MANAGERS,1,15258,6.9,estimated_sg_submajor_weighted_2025,0.478,0.9581,49,moderate,6,very_low,86,very_high,workflow_redesign,mixed,leading,partial,medium,unknown,high,Signal Agreement,crosses_band,38,63,Singapore SSOC 2020,2026-07-15
8.0,11203,Chief operating officer/General Manager,MANAGERS,1,12750,17.9,estimated_sg_submajor_weighted_2025,0.6278,0.9412,63,high,13,very_low,98,very_high,workflow_redesign,mixed,leading,partial,medium,unknown,medium,Sensitivity|Market Data Granularity,crosses_band,59,65,Singapore SSOC 2020,2026-07-15
8.0,13492,"Community, partnership and relations manager",MANAGERS,1,6250,4.3,estimated_sg_submajor_weighted_2025,0.6473,0.7932,66,high,37,low,92,very_high,workflow_redesign,mixed,leading,partial,medium,unknown,medium,Market Data Granularity,stable,60,69,Singapore SSOC 2020,2026-07-15
8.0,11202,Company director,MANAGERS,1,11000,16.6,estimated_sg_submajor_weighted_2025,0.6278,0.9412,63,high,13,very_low,98,very_high,workflow_redesign,mixed,leading,partial,medium,unknown,medium,Sensitivity|Market Data Granularity,crosses_band,59,65,Singapore SSOC 2020,2026-07-15
8.0,13230,Construction manager,MANAGERS,1,7600,4.8,estimated_sg_submajor_weighted_2025,0.588,0.9474,58,moderate,8,very_low,95,very_high,workflow_redesign,mixed,leading,partial,medium,unknown,medium,Signal Agreement|Market Data Granularity,crosses_band,56,66,Singapore SSOC 2020,2026-07-15
8.0,12241,Customer service manager,MANAGERS,1,8470,8.6,estimated_sg_submajor_weighted_2025,0.7109,0.4572,73,high,73,high,64,high,workflow_redesign,mixed,leading,partial,medium,unknown,medium,Sensitivity|Market Data Granularity|Crosswalk Quality,stable,70,75,Singapore SSOC 2020,2026-07-15
8.0,14391,Event manager,MANAGERS,1,5960,3.7,estimated_sg_submajor_weighted_2025,0.5997,0.9367,60,high,14,very_low,96,very_high,workflow_redesign,mixed,unknown,unknown,medium,unknown,medium,Policy cap: Insufficient Source Count|Source Coverage|Sensitivity|Market Data Granularity,crosses_band,55,65,Singapore SSOC 2020,2026-07-15
8.0,13463,Financial risk manager,MANAGERS,1,12924,6.3,estimated_sg_submajor_weighted_2025,0.6759,0.5561,69,high,66,high,73,high,workflow_redesign,mixed,leading,partial,medium,unknown,medium,Policy cap: Insufficient Source Count|Source Coverage|Market Data Granularity,crosses_band,56,77,Singapore SSOC 2020,2026-07-15
8.0,13461,Financial services manager,MANAGERS,1,8750,5.1,estimated_sg_submajor_weighted_2025,0.6759,0.5561,69,high,66,high,73,high,workflow_redesign,mixed,leading,partial,medium,unknown,medium,Policy cap: Insufficient Source Count|Source Coverage|Market Data Granularity,crosses_band,56,77,Singapore SSOC 2020,2026-07-15
8.0,14123,Food and beverage operations manager,MANAGERS,1,5286,3.5,estimated_sg_submajor_weighted_2025,0.438,0.4742,43,moderate,59,moderate,48,moderate,workflow_redesign,mixed,unknown,unknown,medium,unknown,medium,Signal Agreement|Sensitivity|Market Data Granularity,crosses_band,39,51,Singapore SSOC 2020,2026-07-15
8.0,13420,Health services manager,MANAGERS,1,9839,5.5,estimated_sg_submajor_weighted_2025,0.5965,0.5865,59,moderate,61,high,67,high,augmentation_led_growth,strong,leading,partial,medium,unknown,medium,Signal Agreement|Sensitivity|Market Data Granularity,crosses_band,55,63,Singapore SSOC 2020,2026-07-15
8.0,14110,Hotel operations/Lodging services manager,MANAGERS,1,4970,3.4,estimated_sg_submajor_weighted_2025,0.5574,0.893,56,moderate,21,low,89,very_high,workflow_redesign,mixed,leading,partial,medium,unknown,medium,Policy cap: Signal Conflict|Sensitivity|Market Data Granularity,stable,52,58,Singapore SSOC 2020,2026-07-15
8.0,13304,ICT service manager,MANAGERS,1,9503,5.4,estimated_sg_submajor_weighted_2025,0.478,0.9581,49,moderate,6,very_low,86,very_high,workflow_redesign,mixed,leading,partial,medium,unknown,medium,Signal Agreement,crosses_band,38,63,Singapore SSOC 2020,2026-07-15
8.0,12122,Industrial relations manager,MANAGERS,1,9176,8.9,estimated_sg_submajor_weighted_2025,0.6853,0.6881,70,high,54,moderate,87,very_high,workflow_redesign,mixed,leading,partial,medium,unknown,medium,Signal Agreement|Sensitivity|Market Data Granularity,stable,66,77,Singapore SSOC 2020,2026-07-15
8.0,13462,Insurance services manager,MANAGERS,1,10466,5.6,estimated_sg_submajor_weighted_2025,0.6759,0.5561,69,high,66,high,73,high,hiring_or_substitution_pressure,mixed,leading,direct,medium,unknown,medium,Policy cap: Insufficient Source Count|Source Coverage|Market Data Granularity,crosses_band,56,77,Singapore SSOC 2020,2026-07-15
8.0,12192,Landscape manager,MANAGERS,1,4300,6.1,estimated_sg_submajor_weighted_2025,0.6729,0.7932,68,high,39,low,93,very_high,workflow_redesign,mixed,unknown,unknown,medium,unknown,medium,,stable,67,73,Singapore SSOC 2020,2026-07-15
8.0,11201,Managing director/Chief executive officer,MANAGERS,1,13000,18.1,estimated_sg_submajor_weighted_2025,0.6278,0.9412,63,high,13,very_low,98,very_high,workflow_redesign,mixed,leading,partial,medium,unknown,medium,Market Data Granularity,crosses_band,59,65,Singapore SSOC 2020,2026-07-15
8.0,13210,Manufacturing manager,MANAGERS,1,8571,5.1,estimated_sg_submajor_weighted_2025,0.6284,0.9474,63,high,10,very_low,98,very_high,workflow_redesign,mixed,unknown,unknown,medium,unknown,medium,Sensitivity|Market Data Granularity,stable,60,68,Singapore SSOC 2020,2026-07-15
8.0,12222,Marketing manager,MANAGERS,1,8841,8.8,estimated_sg_submajor_weighted_2025,0.718,0.6961,74,high,56,moderate,89,very_high,workflow_redesign,mixed,leading,partial,medium,unknown,high,Sensitivity,stable,68,76,Singapore SSOC 2020,2026-07-15
8.0,13493,Media and broadcasting manager,MANAGERS,1,6010,4.3,estimated_sg_submajor_weighted_2025,0.6473,0.7932,66,high,37,low,92,very_high,workflow_redesign,mixed,leading,direct,medium,unknown,medium,Market Data Granularity,stable,60,69,Singapore SSOC 2020,2026-07-15
8.0,12214,Merchandising/Category manager,MANAGERS,1,8746,8.7,estimated_sg_submajor_weighted_2025,0.7738,0.7291,79,high,53,moderate,96,very_high,workflow_redesign,mixed,leading,partial,medium,unknown,medium,Sensitivity|Market Data Granularity,crosses_band,73,84,Singapore SSOC 2020,2026-07-15
8.0,13303,"Network, communications and infrastructure manager",MANAGERS,1,10750,5.7,estimated_sg_submajor_weighted_2025,0.478,0.9581,49,moderate,6,very_low,86,very_high,workflow_redesign,mixed,leading,partial,medium,unknown,medium,Signal Agreement,crosses_band,38,63,Singapore SSOC 2020,2026-07-15
8.0,12215,Online sales channel manager,MANAGERS,1,7614,8.1,estimated_sg_submajor_weighted_2025,0.7738,0.7291,79,high,53,moderate,96,very_high,workflow_redesign,mixed,leading,partial,medium,unknown,medium,Sensitivity|Market Data Granularity,crosses_band,73,84,Singapore SSOC 2020,2026-07-15
8.0,12121,Personnel/Human resource manager,MANAGERS,1,8197,8.4,estimated_sg_submajor_weighted_2025,0.6853,0.6881,70,high,54,moderate,87,very_high,workflow_redesign,mixed,leading,partial,medium,unknown,medium,Signal Agreement|Sensitivity|Market Data Granularity,stable,66,77,Singapore SSOC 2020,2026-07-15
8.0,12131,Policy manager,MANAGERS,1,12053,10.2,estimated_sg_submajor_weighted_2025,0.4489,0.9216,45,moderate,11,very_low,78,high,workflow_redesign,mixed,leading,partial,medium,unknown,medium,,stable,43,49,Singapore SSOC 2020,2026-07-15
8.0,13245,Port/Shipping operations manager,MANAGERS,1,8695,5.1,estimated_sg_submajor_weighted_2025,0.6461,0.836,65,high,33,low,94,very_high,workflow_redesign,mixed,unknown,unknown,medium,unknown,medium,Market Data Granularity,stable,61,68,Singapore SSOC 2020,2026-07-15
8.0,13244,Postal service manager,MANAGERS,1,7910,4.9,estimated_sg_submajor_weighted_2025,0.6461,0.836,65,high,33,low,94,very_high,workflow_redesign,mixed,unknown,unknown,medium,unknown,medium,Market Data Granularity,stable,61,68,Singapore SSOC 2020,2026-07-15
8.0,12191,Premises and facilities maintenance manager (excluding building security manager),MANAGERS,1,6542,7.5,estimated_sg_submajor_weighted_2025,0.6729,0.7932,68,high,39,low,93,very_high,workflow_redesign,mixed,leading,partial,medium,unknown,medium,,stable,67,73,Singapore SSOC 2020,2026-07-15
8.0,13410,Pre-school education manager,MANAGERS,1,6080,4.3,estimated_sg_submajor_weighted_2025,0.3278,0.7389,30,low,28,low,54,moderate,limited_direct_change,mixed,unknown,unknown,medium,unknown,high,Signal Agreement|Sensitivity|Market Data Granularity,stable,22,38,Singapore SSOC 2020,2026-07-15
8.0,13242,Procurement/Purchasing manager,MANAGERS,1,8367,5,estimated_sg_submajor_weighted_2025,0.6461,0.836,65,high,33,low,94,very_high,workflow_redesign,mixed,leading,partial,medium,unknown,medium,Market Data Granularity,stable,61,68,Singapore SSOC 2020,2026-07-15
8.0,13100,Production manager in agriculture and fisheries,MANAGERS,1,6930,4.6,estimated_sg_submajor_weighted_2025,0.2105,0.9332,16,very_low,5,very_low,46,moderate,limited_direct_change,mixed,unknown,unknown,medium,unknown,medium,Policy cap: Insufficient Source Count|Source Coverage|Market Data Granularity,crosses_band,11,26,Singapore SSOC 2020,2026-07-15
8.0,13292,Quality control/assurance manager,MANAGERS,1,9100,5.2,estimated_sg_submajor_weighted_2025,0.5912,0.8583,59,moderate,27,low,90,very_high,workflow_redesign,mixed,leading,partial,medium,unknown,medium,Sensitivity|Market Data Granularity,crosses_band,56,64,Singapore SSOC 2020,2026-07-15
8.0,12213,Regional sales manager,MANAGERS,1,11000,9.8,estimated_sg_submajor_weighted_2025,0.7738,0.7291,79,high,53,moderate,96,very_high,workflow_redesign,mixed,leading,partial,medium,unknown,medium,Sensitivity|Market Data Granularity,crosses_band,73,84,Singapore SSOC 2020,2026-07-15
8.0,12230,Research and development manager,MANAGERS,1,10896,9.7,estimated_sg_submajor_weighted_2025,0.3548,0.9332,36,low,7,very_low,66,high,limited_direct_change,mixed,leading,partial,medium,unknown,high,Signal Agreement|Market Data Granularity,crosses_band,18,47,Singapore SSOC 2020,2026-07-15
8.0,14121,Restaurant manager,MANAGERS,1,4000,3,estimated_sg_submajor_weighted_2025,0.438,0.4742,43,moderate,59,moderate,48,moderate,workflow_redesign,mixed,leading,partial,medium,unknown,medium,Signal Agreement|Market Data Granularity,crosses_band,39,51,Singapore SSOC 2020,2026-07-15
8.0,14201,Retail manager,MANAGERS,1,4500,3.2,estimated_sg_submajor_weighted_2025,0.6647,0.7674,67,high,43,moderate,91,very_high,workflow_redesign,mixed,leading,partial,medium,unknown,medium,Crosswalk Quality|Signal Agreement|Sensitivity|Market Data Granularity,stable,62,72,Singapore SSOC 2020,2026-07-15
8.0,12133,Risk management manager,MANAGERS,1,11946,10.2,estimated_sg_submajor_weighted_2025,0.4489,0.9216,45,moderate,11,very_low,78,high,workflow_redesign,mixed,leading,partial,medium,unknown,medium,,stable,43,49,Singapore SSOC 2020,2026-07-15
8.0,12211,Sales manager,MANAGERS,1,7049,7.8,estimated_sg_submajor_weighted_2025,0.7738,0.7291,79,high,53,moderate,96,very_high,workflow_redesign,mixed,leading,partial,medium,unknown,medium,Sensitivity|Market Data Granularity,crosses_band,73,84,Singapore SSOC 2020,2026-07-15
8.0,13451,School principal,MANAGERS,1,6967,4.6,estimated_sg_submajor_weighted_2025,0.4593,0.9501,46,moderate,7,very_low,83,very_high,workflow_redesign,mixed,unknown,unknown,medium,unknown,medium,Signal Agreement|Crosswalk Quality|Market Data Granularity,crosses_band,32,59,Singapore SSOC 2020,2026-07-15
8.0,12194,Security manager,MANAGERS,1,6729,7.6,estimated_sg_submajor_weighted_2025,0.6729,0.7932,68,high,39,low,93,very_high,workflow_redesign,mixed,leading,partial,medium,unknown,medium,,stable,67,73,Singapore SSOC 2020,2026-07-15
8.0,13441,Social service manager,MANAGERS,1,5643,4.1,estimated_sg_submajor_weighted_2025,0.5408,0.9857,54,moderate,1,very_low,92,very_high,workflow_redesign,mixed,unknown,unknown,medium,unknown,medium,Policy cap: Insufficient Source Count|Source Coverage|Market Data Granularity,stable,53,55,Singapore SSOC 2020,2026-07-15
8.0,13302,Software and applications manager,MANAGERS,1,10779,5.7,estimated_sg_submajor_weighted_2025,0.478,0.9581,49,moderate,6,very_low,86,very_high,augmentation_led_growth,strong,leading,partial,medium,unknown,medium,Signal Agreement,crosses_band,38,63,Singapore SSOC 2020,2026-07-15
8.0,14310,Sports centre manager,MANAGERS,1,4895,3.3,estimated_sg_submajor_weighted_2025,0.3033,0.9305,26,low,7,very_low,60,high,limited_direct_change,mixed,unknown,unknown,medium,unknown,medium,Crosswalk Quality|Signal Agreement|Market Data Granularity,stable,23,35,Singapore SSOC 2020,2026-07-15
8.0,12132,Strategic planning manager,MANAGERS,1,12936,10.9,estimated_sg_submajor_weighted_2025,0.4489,0.9216,45,moderate,11,very_low,78,high,workflow_redesign,mixed,leading,partial,medium,unknown,medium,,stable,43,49,Singapore SSOC 2020,2026-07-15
8.0,13241,Supply and distribution/Logistics/Warehousing manager,MANAGERS,1,6650,4.5,estimated_sg_submajor_weighted_2025,0.6461,0.836,65,high,33,low,94,very_high,workflow_redesign,mixed,leading,partial,medium,unknown,medium,Market Data Granularity,stable,61,68,Singapore SSOC 2020,2026-07-15
8.0,13291,Technical/Engineering services manager (excluding transport),MANAGERS,1,8684,5.1,estimated_sg_submajor_weighted_2025,0.5912,0.8583,59,moderate,27,low,90,very_high,workflow_redesign,mixed,leading,partial,medium,unknown,medium,Sensitivity|Market Data Granularity,crosses_band,56,64,Singapore SSOC 2020,2026-07-15
8.0,12123,Training manager,MANAGERS,1,5960,7.2,estimated_sg_submajor_weighted_2025,0.6853,0.6881,70,high,54,moderate,87,very_high,workflow_redesign,mixed,leading,partial,medium,unknown,high,Signal Agreement|Sensitivity|Market Data Granularity,stable,66,77,Singapore SSOC 2020,2026-07-15
8.0,13243,Transport/Technical operations manager (except port/shipping operations),MANAGERS,1,7679,4.8,estimated_sg_submajor_weighted_2025,0.6461,0.836,65,high,33,low,94,very_high,workflow_redesign,mixed,unknown,unknown,medium,unknown,medium,Sensitivity|Market Data Granularity,stable,61,68,Singapore SSOC 2020,2026-07-15
8.0,14392,Travel agency manager,MANAGERS,1,7770,4.2,estimated_sg_submajor_weighted_2025,0.5997,0.9367,60,high,14,very_low,96,very_high,workflow_redesign,mixed,unknown,unknown,medium,unknown,medium,Policy cap: Insufficient Source Count|Source Coverage|Sensitivity|Market Data Granularity,crosses_band,55,65,Singapore SSOC 2020,2026-07-15
8.0,14324,Wellness centre manager (e.g. hair/beauty/slimming/spa/manicure/massage),MANAGERS,1,5635,3.6,estimated_sg_submajor_weighted_2025,0.4133,0.8904,41,moderate,17,very_low,70,high,workflow_redesign,mixed,unknown,unknown,medium,unknown,medium,Crosswalk Quality|Source Coverage|Sensitivity|Market Data Granularity,crosses_band,39,43,Singapore SSOC 2020,2026-07-15
8.0,14202,Wholesale trade manager,MANAGERS,1,8905,4.5,estimated_sg_submajor_weighted_2025,0.6647,0.7674,67,high,43,moderate,91,very_high,workflow_redesign,mixed,leading,partial,medium,unknown,medium,Crosswalk Quality|Signal Agreement|Market Data Granularity,stable,62,72,Singapore SSOC 2020,2026-07-15
8.0,24111,Accountant (excluding tax accountant),PROFESSIONALS,2,5498,4.2,estimated_sg_submajor_weighted_2025,0.9046,0.2807,98,very_high,92,very_high,57,moderate,workflow_redesign,mixed,leading,partial,low,unknown,high,Sensitivity,stable,91,99,Singapore SSOC 2020,2026-07-15
8.0,21213,Actuary,PROFESSIONALS,2,7572,2.6,estimated_sg_submajor_weighted_2025,0.8899,0.1952,95,very_high,94,very_high,43,moderate,hiring_or_substitution_pressure,mixed,leading,direct,low,unknown,medium,Sensitivity|Market Data Granularity,stable,86,98,Singapore SSOC 2020,2026-07-15
8.0,21471,Aeronautical engineer,PROFESSIONALS,2,6046,2.4,estimated_sg_submajor_weighted_2025,0.6259,0.6667,62,high,52,moderate,80,very_high,workflow_redesign,mixed,leading,partial,low,unknown,medium,Crosswalk Quality|Sensitivity|Market Data Granularity,crosses_band,57,69,Singapore SSOC 2020,2026-07-15
8.0,21443,Air-conditioning/Refrigeration engineer,PROFESSIONALS,2,6503,2.5,estimated_sg_submajor_weighted_2025,0.6275,0.6578,62,high,55,moderate,77,high,workflow_redesign,mixed,unknown,unknown,low,unknown,medium,Signal Agreement|Sensitivity|Market Data Granularity,crosses_band,56,71,Singapore SSOC 2020,2026-07-15
8.0,22141,Anaesthesiologist,PROFESSIONALS,2,6712,2,estimated_sg_submajor_weighted_2025,0.4381,0.9724,44,moderate,4,very_low,82,very_high,workflow_redesign,mixed,unknown,unknown,low,unknown,low,Policy cap: Fallback Mapping|Crosswalk Quality|Market Data Granularity,stable,42,46,Singapore SSOC 2020,2026-07-15
8.0,25140,Applications/Systems programmer,PROFESSIONALS,2,6500,4.1,estimated_sg_submajor_weighted_2025,0.8787,0.1952,93,very_high,94,very_high,42,moderate,demand_buffered_redesign,strong,leading,partial,low,unknown,medium,Policy cap: Signal Conflict|Source Coverage|Sensitivity,stable,85,97,Singapore SSOC 2020,2026-07-15
8.0,26543,"Artistic director (stage, film, television, game and radio)",PROFESSIONALS,2,5500,1.7,estimated_sg_submajor_weighted_2025,0.6117,0.7594,61,high,41,moderate,87,very_high,workflow_redesign,mixed,leading,partial,low,unknown,medium,Sensitivity|Market Data Granularity,crosses_band,58,64,Singapore SSOC 2020,2026-07-15
8.0,21524,Audio and video equipment engineer,PROFESSIONALS,2,4837,2.1,estimated_sg_submajor_weighted_2025,0.6399,0.3788,64,high,75,high,54,moderate,workflow_redesign,mixed,unknown,unknown,low,unknown,medium,Sensitivity,stable,62,67,Singapore SSOC 2020,2026-07-15
8.0,22661,Audiologist,PROFESSIONALS,2,4884,1.7,estimated_sg_submajor_weighted_2025,0.4133,0.91,41,moderate,13,very_low,74,high,workflow_redesign,mixed,unknown,unknown,low,unknown,medium,Signal Agreement|Sensitivity|Market Data Granularity,crosses_band,26,51,Singapore SSOC 2020,2026-07-15
8.0,24112,Auditor (accounting),PROFESSIONALS,2,5575,4.2,estimated_sg_submajor_weighted_2025,0.9046,0.2807,98,very_high,92,very_high,57,moderate,demand_buffered_redesign,strong,leading,partial,low,unknown,medium,Policy cap: Signal Conflict,stable,91,99,Singapore SSOC 2020,2026-07-15
8.0,26411,Author,PROFESSIONALS,2,4000,1.4,estimated_sg_submajor_weighted_2025,0.8557,0.1257,88,very_high,96,very_high,30,low,workflow_redesign,mixed,unknown,unknown,low,unknown,medium,Policy cap: Signal Conflict|Signal Agreement|Market Data Granularity,stable,84,95,Singapore SSOC 2020,2026-07-15
8.0,21413,Automation engineer (including robotics engineer),PROFESSIONALS,2,8588,2.8,estimated_sg_submajor_weighted_2025,0.5836,0.7148,58,moderate,45,moderate,80,very_high,workflow_redesign,mixed,leading,partial,low,unknown,medium,Signal Agreement,crosses_band,52,70,Singapore SSOC 2020,2026-07-15
8.0,21343,Biochemist,PROFESSIONALS,2,6264,2.4,estimated_sg_submajor_weighted_2025,0.5465,0.8271,55,moderate,30,low,85,very_high,workflow_redesign,mixed,unknown,unknown,low,unknown,medium,Signal Agreement|Crosswalk Quality|Sensitivity,crosses_band,47,66,Singapore SSOC 2020,2026-07-15
8.0,21311,Biologist,PROFESSIONALS,2,8352,2.8,estimated_sg_submajor_weighted_2025,0.8188,0.1952,85,very_high,93,very_high,40,moderate,workflow_redesign,mixed,unknown,unknown,low,unknown,low,Signal Agreement|Crosswalk Quality|Market Data Granularity|Sensitivity,stable,80,94,Singapore SSOC 2020,2026-07-15
8.0,21491,Biomedical engineer,PROFESSIONALS,2,5346,2.2,estimated_sg_submajor_weighted_2025,0.5322,0.68,52,moderate,46,moderate,69,high,workflow_redesign,mixed,unknown,unknown,low,unknown,medium,Sensitivity|Market Data Granularity,stable,50,59,Singapore SSOC 2020,2026-07-15
8.0,21610,Building architect,PROFESSIONALS,2,6798,2.5,estimated_sg_submajor_weighted_2025,0.4843,0.7433,50,moderate,36,low,69,high,workflow_redesign,mixed,leading,direct,low,unknown,high,Signal Agreement|Market Data Granularity,crosses_band,39,56,Singapore SSOC 2020,2026-07-15
8.0,21422,Building construction engineer,PROFESSIONALS,2,4800,2.1,estimated_sg_submajor_weighted_2025,0.6749,0.5392,68,high,68,high,70,high,workflow_redesign,mixed,leading,partial,low,unknown,medium,Policy cap: Signal Conflict|Signal Agreement|Sensitivity|Market Data Granularity,stable,60,79,Singapore SSOC 2020,2026-07-15
8.0,24213,Business and financial project management professional,PROFESSIONALS,2,7693,4.9,estimated_sg_submajor_weighted_2025,0.7582,0.5793,77,high,69,high,84,very_high,workflow_redesign,mixed,leading,partial,low,unknown,medium,Signal Agreement|Market Data Granularity,crosses_band,69,87,Singapore SSOC 2020,2026-07-15
8.0,24212,Business consultant,PROFESSIONALS,2,8662,5.3,estimated_sg_submajor_weighted_2025,0.7582,0.5793,77,high,69,high,84,very_high,hiring_or_substitution_pressure,mixed,leading,direct,low,unknown,high,Signal Agreement|Market Data Granularity,crosses_band,69,87,Singapore SSOC 2020,2026-07-15
8.0,24122,Business valuer,PROFESSIONALS,2,9708,5.6,estimated_sg_submajor_weighted_2025,0.7487,0.4519,76,high,77,high,67,high,workflow_redesign,mixed,leading,partial,low,unknown,high,Signal Agreement,crosses_band,70,82,Singapore SSOC 2020,2026-07-15
8.0,22132,Cardiothoracic surgeon,PROFESSIONALS,2,6294,2,estimated_sg_submajor_weighted_2025,0.2302,0.9955,19,very_low,0,very_low,51,moderate,limited_direct_change,mixed,unknown,unknown,low,unknown,low,Signal Agreement|Crosswalk Quality|Market Data Granularity,crosses_band,7,26,Singapore SSOC 2020,2026-07-15
8.0,26375,Career coach (counselling),PROFESSIONALS,2,4415,1.5,estimated_sg_submajor_weighted_2025,0.5738,0.852,57,moderate,28,low,89,very_high,workflow_redesign,mixed,unknown,unknown,low,unknown,medium,Signal Agreement|Crosswalk Quality|Market Data Granularity|Sensitivity,crosses_band,49,74,Singapore SSOC 2020,2026-07-15
8.0,21130,Chemist,PROFESSIONALS,2,6357,2.4,estimated_sg_submajor_weighted_2025,0.6403,0.5971,65,high,63,high,74,high,workflow_redesign,mixed,leading,partial,low,unknown,medium,Crosswalk Quality|Market Data Granularity,crosses_band,57,68,Singapore SSOC 2020,2026-07-15
8.0,21711,Chief engineer/Second engineer (ship),PROFESSIONALS,2,8339,2.8,estimated_sg_submajor_weighted_2025,0.3445,0.8431,33,low,19,very_low,62,high,limited_direct_change,mixed,unknown,unknown,low,unknown,medium,Crosswalk Quality|Sensitivity,stable,31,35,Singapore SSOC 2020,2026-07-15
8.0,21421,Civil engineer,PROFESSIONALS,2,6500,2.5,estimated_sg_submajor_weighted_2025,0.6749,0.5392,68,high,68,high,70,high,workflow_redesign,mixed,leading,partial,low,unknown,medium,Signal Agreement|Sensitivity|Market Data Granularity,stable,60,79,Singapore SSOC 2020,2026-07-15
8.0,26341,Clinical psychologist,PROFESSIONALS,2,5495,1.7,estimated_sg_submajor_weighted_2025,0.4736,0.8209,48,moderate,27,low,75,high,augmentation_led_growth,strong,unknown,unknown,low,unknown,medium,Signal Agreement|Sensitivity|Crosswalk Quality,stable,41,56,Singapore SSOC 2020,2026-07-15
8.0,21347,Clinical research professional,PROFESSIONALS,2,8990,2.9,estimated_sg_submajor_weighted_2025,0.5465,0.8271,55,moderate,30,low,85,very_high,augmentation_led_growth,strong,unknown,unknown,low,unknown,medium,Signal Agreement|Crosswalk Quality|Sensitivity,crosses_band,47,66,Singapore SSOC 2020,2026-07-15
8.0,25231,Cloud specialist,PROFESSIONALS,2,9583,5,estimated_sg_submajor_weighted_2025,0.7088,0.3378,73,high,82,very_high,53,moderate,demand_buffered_redesign,strong,leading,partial,low,unknown,medium,Policy cap: Insufficient Source Count|Signal Agreement|Source Coverage|Sensitivity,crosses_band,52,90,Singapore SSOC 2020,2026-07-15
8.0,21721,Commercial airline pilot,PROFESSIONALS,2,13878,3.6,estimated_sg_submajor_weighted_2025,0.2078,0.926,16,very_low,5,very_low,45,moderate,limited_direct_change,mixed,unknown,unknown,low,unknown,medium,Market Data Granularity,crosses_band,15,22,Singapore SSOC 2020,2026-07-15
8.0,24154,Commodities and freight derivatives broker,PROFESSIONALS,2,12000,6.2,estimated_sg_submajor_weighted_2025,0.8258,0.4474,85,very_high,82,very_high,71,high,workflow_redesign,mixed,leading,partial,low,unknown,medium,Policy cap: Signal Conflict|Signal Agreement|Sensitivity,crosses_band,77,98,Singapore SSOC 2020,2026-07-15
8.0,24351,Commodities trader (excluding oil and bunker),PROFESSIONALS,2,16000,7.1,estimated_sg_submajor_weighted_2025,0.8644,0.4813,90,very_high,80,very_high,79,high,hiring_or_substitution_pressure,mixed,leading,direct,low,unknown,high,Sensitivity|Market Data Granularity,stable,87,93,Singapore SSOC 2020,2026-07-15
8.0,24132,Compliance officer/Risk analyst (financial),PROFESSIONALS,2,7395,4.9,estimated_sg_submajor_weighted_2025,0.8808,0.4029,94,very_high,86,very_high,68,high,workflow_redesign,mixed,leading,partial,low,unknown,low,Signal Agreement|Crosswalk Quality|Sensitivity,stable,87,99,Singapore SSOC 2020,2026-07-15
8.0,21522,Computer engineer,PROFESSIONALS,2,6061,2.4,estimated_sg_submajor_weighted_2025,0.6399,0.3788,64,high,75,high,54,moderate,workflow_redesign,mixed,unknown,unknown,low,unknown,medium,Sensitivity,stable,62,67,Singapore SSOC 2020,2026-07-15
8.0,26413,Content writer,PROFESSIONALS,2,5250,1.7,estimated_sg_submajor_weighted_2025,0.8557,0.1257,88,very_high,96,very_high,30,low,workflow_redesign,mixed,leading,partial,low,unknown,medium,Policy cap: Signal Conflict|Signal Agreement|Market Data Granularity,stable,84,95,Singapore SSOC 2020,2026-07-15
8.0,26373,Counsellor (family),PROFESSIONALS,2,4350,1.5,estimated_sg_submajor_weighted_2025,0.5738,0.852,57,moderate,28,low,89,very_high,workflow_redesign,mixed,leading,partial,low,unknown,medium,Signal Agreement|Crosswalk Quality|Sensitivity|Market Data Granularity,crosses_band,49,74,Singapore SSOC 2020,2026-07-15
8.0,24311,Creative advertising professional,PROFESSIONALS,2,7089,4.8,estimated_sg_submajor_weighted_2025,0.8954,0.5686,96,very_high,74,high,91,very_high,workflow_redesign,mixed,leading,partial,low,unknown,medium,Sensitivity|Market Data Granularity,stable,93,96,Singapore SSOC 2020,2026-07-15
8.0,26212,Curator,PROFESSIONALS,2,5595,1.7,estimated_sg_submajor_weighted_2025,0.557,0.6061,56,moderate,57,moderate,66,high,workflow_redesign,mixed,unknown,unknown,low,unknown,medium,Crosswalk Quality|Signal Agreement|Sensitivity|Market Data Granularity,stable,48,59,Singapore SSOC 2020,2026-07-15
8.0,25241,Cyber risk specialist,PROFESSIONALS,2,10071,5.1,estimated_sg_submajor_weighted_2025,0.8342,0.2656,86,very_high,90,very_high,50,moderate,demand_buffered_redesign,strong,leading,direct,low,unknown,low,Source Coverage|Signal Agreement|Source Freshness,stable,85,87,Singapore SSOC 2020,2026-07-15
8.0,25245,Cybersecurity architect,PROFESSIONALS,2,7826,4.5,estimated_sg_submajor_weighted_2025,0.8342,0.2656,86,very_high,90,very_high,50,moderate,demand_buffered_redesign,strong,leading,direct,low,unknown,low,Source Coverage|Signal Agreement|Source Freshness,stable,85,87,Singapore SSOC 2020,2026-07-15
8.0,25291,Data centre engineer,PROFESSIONALS,2,4863,3.6,estimated_sg_submajor_weighted_2025,0.8132,0.2103,84,very_high,91,very_high,42,moderate,hiring_or_substitution_pressure,mixed,leading,direct,low,unknown,medium,Policy cap: Insufficient Source Count|Source Coverage|Sensitivity|Market Data Granularity,stable,82,86,Singapore SSOC 2020,2026-07-15
8.0,21222,Data scientist,PROFESSIONALS,2,9047,2.9,estimated_sg_submajor_weighted_2025,0.9197,0.5143,99,very_high,79,high,88,very_high,augmentation_led_growth,strong,leading,partial,low,unknown,high,Sensitivity,stable,93,100,Singapore SSOC 2020,2026-07-15
8.0,25211,Database administrator,PROFESSIONALS,2,6717,4.2,estimated_sg_submajor_weighted_2025,0.8952,0.1578,96,very_high,96,very_high,38,low,workflow_redesign,mixed,leading,partial,low,unknown,medium,Policy cap: Insufficient Source Count|Source Coverage|Sensitivity|Market Data Granularity,stable,91,97,Singapore SSOC 2020,2026-07-15
8.0,25212,Database architect,PROFESSIONALS,2,11153,5.4,estimated_sg_submajor_weighted_2025,0.8952,0.1578,96,very_high,96,very_high,38,low,hiring_or_substitution_pressure,mixed,leading,direct,low,unknown,medium,Policy cap: Insufficient Source Count|Source Coverage|Sensitivity|Market Data Granularity,stable,91,97,Singapore SSOC 2020,2026-07-15
8.0,22122,Dermatologist,PROFESSIONALS,2,9035,2.5,estimated_sg_submajor_weighted_2025,0.4254,0.9813,43,moderate,2,very_low,81,very_high,workflow_redesign,mixed,unknown,unknown,low,unknown,low,Policy cap: Fallback Mapping|Crosswalk Quality|Market Data Granularity,crosses_band,38,48,Singapore SSOC 2020,2026-07-15
8.0,22142,Diagnostic radiologist,PROFESSIONALS,2,7016,2.1,estimated_sg_submajor_weighted_2025,0.4381,0.9724,44,moderate,4,very_low,82,very_high,workflow_redesign,mixed,unknown,unknown,low,unknown,low,Policy cap: Fallback Mapping|Crosswalk Quality|Market Data Granularity,stable,42,46,Singapore SSOC 2020,2026-07-15
8.0,22651,Dietitian,PROFESSIONALS,2,4708,1.7,estimated_sg_submajor_weighted_2025,0.7747,0.8155,80,very_high,41,moderate,99,very_high,workflow_redesign,mixed,unknown,unknown,low,unknown,medium,Signal Agreement|Sensitivity|Market Data Granularity,crosses_band,72,85,Singapore SSOC 2020,2026-07-15
8.0,24314,"Digital marketing professional (e.g. online, social media, e-commerce marketing professional)",PROFESSIONALS,2,5300,4.1,estimated_sg_submajor_weighted_2025,0.8954,0.5686,96,very_high,74,high,91,very_high,workflow_redesign,mixed,leading,partial,low,unknown,high,Sensitivity|Market Data Granularity,stable,93,96,Singapore SSOC 2020,2026-07-15
8.0,26542,"Director (stage, film, television, game, commercial, video and radio)",PROFESSIONALS,2,11998,2.5,estimated_sg_submajor_weighted_2025,0.6117,0.7594,61,high,41,moderate,87,very_high,workflow_redesign,mixed,leading,partial,low,unknown,medium,Market Data Granularity,crosses_band,58,64,Singapore SSOC 2020,2026-07-15
8.0,23622,Early intervention teacher for infants and children,PROFESSIONALS,2,4019,13.4,estimated_sg_submajor_weighted_2025,0.5042,0.9911,50,moderate,1,very_low,89,very_high,workflow_redesign,mixed,unknown,unknown,low,unknown,medium,Crosswalk Quality|Signal Agreement|Market Data Granularity,stable,44,56,Singapore SSOC 2020,2026-07-15
8.0,26310,Economist,PROFESSIONALS,2,6080,1.8,estimated_sg_submajor_weighted_2025,0.8847,0.4902,94,very_high,80,very_high,83,very_high,hiring_or_substitution_pressure,mixed,leading,direct,low,unknown,medium,Sensitivity|Market Data Granularity,stable,88,97,Singapore SSOC 2020,2026-07-15
8.0,26422,Editor (news and periodicals),PROFESSIONALS,2,10800,2.4,estimated_sg_submajor_weighted_2025,0.8254,0.6925,85,very_high,62,high,97,very_high,workflow_redesign,mixed,leading,partial,low,unknown,high,Sensitivity|Market Data Granularity,stable,80,88,Singapore SSOC 2020,2026-07-15
8.0,26544,"Editor (radio, television and video)",PROFESSIONALS,2,6909,1.9,estimated_sg_submajor_weighted_2025,0.6117,0.7594,61,high,41,moderate,87,very_high,workflow_redesign,mixed,leading,partial,low,unknown,high,Market Data Granularity,crosses_band,58,64,Singapore SSOC 2020,2026-07-15
8.0,21511,Electrical engineer,PROFESSIONALS,2,6000,2.4,estimated_sg_submajor_weighted_2025,0.5977,0.6453,60,high,54,moderate,74,high,workflow_redesign,mixed,leading,partial,low,unknown,medium,Signal Agreement|Crosswalk Quality|Sensitivity|Market Data Granularity,crosses_band,53,70,Singapore SSOC 2020,2026-07-15
8.0,21521,Electronics engineer,PROFESSIONALS,2,7861,2.7,estimated_sg_submajor_weighted_2025,0.6399,0.3788,64,high,75,high,54,moderate,demand_buffered_redesign,strong,unknown,unknown,low,unknown,medium,,stable,62,67,Singapore SSOC 2020,2026-07-15
8.0,21526,Embedded systems engineer (including port systems engineer),PROFESSIONALS,2,8085,2.7,estimated_sg_submajor_weighted_2025,0.6399,0.3788,64,high,75,high,54,moderate,workflow_redesign,mixed,leading,partial,low,unknown,high,Sensitivity,stable,62,67,Singapore SSOC 2020,2026-07-15
8.0,22143,Emergency physician,PROFESSIONALS,2,6575,2,estimated_sg_submajor_weighted_2025,0.4381,0.9724,44,moderate,4,very_low,82,very_high,workflow_redesign,mixed,unknown,unknown,low,unknown,low,Policy cap: Fallback Mapping|Crosswalk Quality|Market Data Granularity,stable,42,46,Singapore SSOC 2020,2026-07-15
8.0,21496,Energy engineer,PROFESSIONALS,2,12425,3.4,estimated_sg_submajor_weighted_2025,0.5322,0.68,52,moderate,46,moderate,69,high,workflow_redesign,mixed,leading,direct,low,unknown,medium,Market Data Granularity,stable,50,59,Singapore SSOC 2020,2026-07-15
8.0,25113,Enterprise/Solution architect,PROFESSIONALS,2,12137,5.6,estimated_sg_submajor_weighted_2025,0.8065,0.4617,84,very_high,79,high,71,high,workflow_redesign,mixed,leading,partial,low,unknown,medium,Policy cap: Insufficient Source Count|Source Coverage|Sensitivity|Market Data Granularity,stable,82,84,Singapore SSOC 2020,2026-07-15
8.0,21430,Environmental engineer,PROFESSIONALS,2,5710,2.3,estimated_sg_submajor_weighted_2025,0.693,0.8021,70,high,38,low,95,very_high,augmentation_led_growth,strong,leading,partial,low,unknown,medium,Signal Agreement,crosses_band,62,82,Singapore SSOC 2020,2026-07-15
8.0,21331,Environmental officer (environmental protection),PROFESSIONALS,2,7210,2.6,estimated_sg_submajor_weighted_2025,0.5538,0.7986,56,moderate,34,low,84,very_high,workflow_redesign,mixed,unknown,unknown,low,unknown,medium,Signal Agreement|Market Data Granularity,crosses_band,44,63,Singapore SSOC 2020,2026-07-15
8.0,22632,Environmental officer (public health),PROFESSIONALS,2,8752,2.3,estimated_sg_submajor_weighted_2025,0.6845,0.8155,70,high,36,low,95,very_high,workflow_redesign,mixed,unknown,unknown,low,unknown,medium,Signal Agreement|Market Data Granularity,crosses_band,62,85,Singapore SSOC 2020,2026-07-15
8.0,24232,Executive search consultant,PROFESSIONALS,2,5709,4.3,estimated_sg_submajor_weighted_2025,0.8386,0.639,87,very_high,67,high,93,very_high,workflow_redesign,mixed,leading,partial,low,unknown,high,Market Data Granularity,stable,83,92,Singapore SSOC 2020,2026-07-15
8.0,21631,Fashion designer,PROFESSIONALS,2,3500,1.8,estimated_sg_submajor_weighted_2025,0.5495,0.6034,56,moderate,55,moderate,66,high,workflow_redesign,mixed,unknown,unknown,low,unknown,medium,Signal Agreement|Market Data Granularity|Sensitivity|Crosswalk Quality,crosses_band,49,61,Singapore SSOC 2020,2026-07-15
8.0,24131,"Financial analyst (e.g. equities analyst, credit analyst, investment research analyst)",PROFESSIONALS,2,7500,4.9,estimated_sg_submajor_weighted_2025,0.8808,0.4029,94,very_high,86,very_high,68,high,workflow_redesign,mixed,leading,partial,low,unknown,low,Signal Agreement|Crosswalk Quality|Sensitivity,stable,87,99,Singapore SSOC 2020,2026-07-15
8.0,24135,Financial product structurer,PROFESSIONALS,2,12321,6.3,estimated_sg_submajor_weighted_2025,0.8808,0.4029,94,very_high,86,very_high,68,high,hiring_or_substitution_pressure,mixed,leading,direct,low,unknown,low,Signal Agreement|Crosswalk Quality|Sensitivity,stable,87,99,Singapore SSOC 2020,2026-07-15
8.0,24121,Financial/Investment adviser (e.g. relationship manager),PROFESSIONALS,2,8000,5,estimated_sg_submajor_weighted_2025,0.7487,0.4519,76,high,77,high,67,high,augmentation_led_growth,strong,leading,direct,low,unknown,medium,Signal Agreement,crosses_band,70,82,Singapore SSOC 2020,2026-07-15
8.0,21723,Flying instructor (except air force),PROFESSIONALS,2,20000,4,estimated_sg_submajor_weighted_2025,0.2078,0.926,16,very_low,5,very_low,45,moderate,limited_direct_change,mixed,unknown,unknown,low,unknown,medium,Market Data Granularity,crosses_band,15,22,Singapore SSOC 2020,2026-07-15
8.0,21454,Food and drink technologist,PROFESSIONALS,2,4261,2,estimated_sg_submajor_weighted_2025,0.6459,0.7879,65,high,38,low,90,very_high,augmentation_led_growth,strong,unknown,unknown,low,unknown,medium,Signal Agreement,crosses_band,57,72,Singapore SSOC 2020,2026-07-15
8.0,24152,Foreign exchange broker,PROFESSIONALS,2,19750,7.4,estimated_sg_submajor_weighted_2025,0.8258,0.4474,85,very_high,82,very_high,71,high,hiring_or_substitution_pressure,mixed,leading,direct,low,unknown,medium,Policy cap: Signal Conflict|Signal Agreement|Sensitivity,crosses_band,77,98,Singapore SSOC 2020,2026-07-15
8.0,24142,Foreign exchange dealer,PROFESSIONALS,2,13583,6.6,estimated_sg_submajor_weighted_2025,0.8175,0.5036,84,very_high,76,high,77,high,hiring_or_substitution_pressure,mixed,leading,direct,low,unknown,medium,Policy cap: Signal Conflict|Signal Agreement|Sensitivity|Market Data Granularity,crosses_band,75,99,Singapore SSOC 2020,2026-07-15
8.0,24133,Fund/Portfolio manager (including asset allocator),PROFESSIONALS,2,12060,6.2,estimated_sg_submajor_weighted_2025,0.8808,0.4029,94,very_high,86,very_high,68,high,workflow_redesign,mixed,leading,partial,low,unknown,low,Signal Agreement|Crosswalk Quality|Sensitivity,stable,87,99,Singapore SSOC 2020,2026-07-15
8.0,22611,General dental practitioner,PROFESSIONALS,2,5163,1.8,estimated_sg_submajor_weighted_2025,0.1843,1,14,very_low,0,very_low,44,moderate,limited_direct_change,mixed,unknown,unknown,low,unknown,medium,Market Data Granularity,stable,12,19,Singapore SSOC 2020,2026-07-15
8.0,22110,General practitioner/physician,PROFESSIONALS,2,6335,2,estimated_sg_submajor_weighted_2025,0.2375,0.9626,21,low,2,very_low,50,moderate,limited_direct_change,mixed,leading,partial,low,unknown,low,Policy cap: Fallback Mapping|Signal Agreement|Crosswalk Quality|Market Data Granularity,crosses_band,14,28,Singapore SSOC 2020,2026-07-15
8.0,22131,General surgeon,PROFESSIONALS,2,5580,1.9,estimated_sg_submajor_weighted_2025,0.2302,0.9955,19,very_low,0,very_low,51,moderate,limited_direct_change,mixed,unknown,unknown,low,unknown,low,Signal Agreement|Crosswalk Quality|Market Data Granularity,crosses_band,7,26,Singapore SSOC 2020,2026-07-15
8.0,21661,Graphic designer,PROFESSIONALS,2,3765,1.9,estimated_sg_submajor_weighted_2025,0.7459,0.4412,75,high,78,high,65,high,workflow_redesign,mixed,leading,partial,low,unknown,medium,Crosswalk Quality|Sensitivity|Market Data Granularity,stable,73,79,Singapore SSOC 2020,2026-07-15
8.0,24231,Human resource consultant (excluding executive search consultant),PROFESSIONALS,2,8800,5.3,estimated_sg_submajor_weighted_2025,0.8386,0.639,87,very_high,67,high,93,very_high,workflow_redesign,mixed,leading,partial,low,unknown,medium,Market Data Granularity,stable,83,92,Singapore SSOC 2020,2026-07-15
8.0,21652,Hydrographic surveyor,PROFESSIONALS,2,5450,2.2,estimated_sg_submajor_weighted_2025,0.6767,0.2594,69,high,84,very_high,43,moderate,workflow_redesign,mixed,unknown,unknown,low,unknown,medium,Market Data Granularity,stable,66,72,Singapore SSOC 2020,2026-07-15
8.0,25152,ICT auditor,PROFESSIONALS,2,12311,5.6,estimated_sg_submajor_weighted_2025,0.8342,0.2656,86,very_high,90,very_high,50,moderate,hiring_or_substitution_pressure,mixed,leading,direct,low,unknown,low,Source Coverage|Signal Agreement|Source Freshness|Sensitivity,stable,85,87,Singapore SSOC 2020,2026-07-15
8.0,25112,ICT business process consultant/Business analyst,PROFESSIONALS,2,8500,4.7,estimated_sg_submajor_weighted_2025,0.8065,0.4617,84,very_high,79,high,71,high,workflow_redesign,mixed,leading,partial,low,unknown,medium,Policy cap: Insufficient Source Count|Source Coverage|Sensitivity|Market Data Granularity,stable,82,84,Singapore SSOC 2020,2026-07-15
8.0,25151,ICT quality assurance specialist,PROFESSIONALS,2,7666,4.5,estimated_sg_submajor_weighted_2025,0.8342,0.2656,86,very_high,90,very_high,50,moderate,workflow_redesign,mixed,leading,partial,low,unknown,low,Source Coverage|Signal Agreement|Source Freshness|Market Data Granularity,stable,85,87,Singapore SSOC 2020,2026-07-15
8.0,24333,ICT sales and services professional,PROFESSIONALS,2,8433,5.2,estimated_sg_submajor_weighted_2025,0.7818,0.3467,82,very_high,85,very_high,58,moderate,workflow_redesign,mixed,leading,partial,low,unknown,high,Signal Agreement|Crosswalk Quality|Market Data Granularity,crosses_band,75,88,Singapore SSOC 2020,2026-07-15
8.0,26343,Industrial and organisational psychologist,PROFESSIONALS,2,6706,1.9,estimated_sg_submajor_weighted_2025,0.4736,0.8209,48,moderate,27,low,75,high,workflow_redesign,mixed,unknown,unknown,low,unknown,medium,Signal Agreement|Sensitivity|Crosswalk Quality,stable,41,56,Singapore SSOC 2020,2026-07-15
8.0,21442,Industrial machinery and tools engineer,PROFESSIONALS,2,6000,2.4,estimated_sg_submajor_weighted_2025,0.6275,0.6578,62,high,55,moderate,77,high,workflow_redesign,mixed,leading,partial,low,unknown,medium,Signal Agreement|Sensitivity|Market Data Granularity,crosses_band,56,71,Singapore SSOC 2020,2026-07-15
8.0,24234,Industrial relations officer,PROFESSIONALS,2,5292,4.1,estimated_sg_submajor_weighted_2025,0.8386,0.639,87,very_high,67,high,93,very_high,workflow_redesign,mixed,unknown,unknown,low,unknown,medium,Market Data Granularity,stable,83,92,Singapore SSOC 2020,2026-07-15
8.0,21493,Industrial safety engineer,PROFESSIONALS,2,6602,2.5,estimated_sg_submajor_weighted_2025,0.5322,0.68,52,moderate,46,moderate,69,high,workflow_redesign,mixed,leading,partial,low,unknown,medium,Sensitivity|Market Data Granularity,stable,50,59,Singapore SSOC 2020,2026-07-15
8.0,26112,"In-house legal counsel (except judiciary, ministries and statutory boards)",PROFESSIONALS,2,17972,2.8,estimated_sg_submajor_weighted_2025,0.6844,0.7504,69,high,47,moderate,92,very_high,workflow_redesign,mixed,leading,partial,low,unknown,medium,Signal Agreement|Sensitivity|Market Data Granularity,stable,61,77,Singapore SSOC 2020,2026-07-15
8.0,21525,Instrumentation engineer,PROFESSIONALS,2,6945,2.5,estimated_sg_submajor_weighted_2025,0.6399,0.3788,64,high,75,high,54,moderate,demand_buffered_redesign,strong,leading,partial,low,unknown,medium,,stable,62,67,Singapore SSOC 2020,2026-07-15
8.0,24160,Insurance underwriter,PROFESSIONALS,2,6991,4.7,estimated_sg_submajor_weighted_2025,0.7735,0.1444,78,high,93,very_high,31,low,workflow_redesign,mixed,leading,partial,low,unknown,medium,Policy cap: Signal Conflict|Signal Agreement|Sensitivity|Market Data Granularity,crosses_band,70,95,Singapore SSOC 2020,2026-07-15
8.0,24251,Intellectual property agent,PROFESSIONALS,2,4464,3.8,estimated_sg_submajor_weighted_2025,0.8421,0.1364,88,very_high,94,very_high,32,low,hiring_or_substitution_pressure,mixed,leading,direct,low,unknown,high,Market Data Granularity,stable,84,90,Singapore SSOC 2020,2026-07-15
8.0,21664,Interaction designer,PROFESSIONALS,2,7883,2.7,estimated_sg_submajor_weighted_2025,0.7459,0.4412,75,high,78,high,65,high,workflow_redesign,mixed,leading,partial,low,unknown,medium,Crosswalk Quality|Sensitivity|Market Data Granularity,stable,73,79,Singapore SSOC 2020,2026-07-15
8.0,22124,Internal medicine physician,PROFESSIONALS,2,6391,2,estimated_sg_submajor_weighted_2025,0.4254,0.9813,43,moderate,2,very_low,81,very_high,workflow_redesign,mixed,unknown,unknown,low,unknown,low,Policy cap: Fallback Mapping|Crosswalk Quality|Market Data Granularity,crosses_band,38,48,Singapore SSOC 2020,2026-07-15
8.0,25232,IT infrastructure specialist,PROFESSIONALS,2,7881,4.5,estimated_sg_submajor_weighted_2025,0.7088,0.3378,73,high,82,very_high,53,moderate,workflow_redesign,mixed,leading,partial,low,unknown,medium,Signal Agreement|Source Coverage|Sensitivity,crosses_band,52,90,Singapore SSOC 2020,2026-07-15
8.0,26421,Journalist,PROFESSIONALS,2,6000,1.8,estimated_sg_submajor_weighted_2025,0.8254,0.6925,85,very_high,62,high,97,very_high,hiring_or_substitution_pressure,mixed,leading,direct,low,unknown,medium,Market Data Granularity,stable,80,88,Singapore SSOC 2020,2026-07-15
8.0,21651,Land surveyor,PROFESSIONALS,2,5000,2.2,estimated_sg_submajor_weighted_2025,0.6767,0.2594,69,high,84,very_high,43,moderate,workflow_redesign,mixed,leading,partial,low,unknown,medium,Market Data Granularity,stable,66,72,Singapore SSOC 2020,2026-07-15
8.0,21621,Landscape architect,PROFESSIONALS,2,6145,2.4,estimated_sg_submajor_weighted_2025,0.472,0.5597,48,moderate,52,moderate,57,moderate,workflow_redesign,mixed,unknown,unknown,low,unknown,medium,Signal Agreement|Market Data Granularity|Sensitivity,crosses_band,38,58,Singapore SSOC 2020,2026-07-15
8.0,26221,Librarian,PROFESSIONALS,2,6659,1.9,estimated_sg_submajor_weighted_2025,0.7851,0.7415,82,very_high,51,moderate,98,very_high,workflow_redesign,mixed,unknown,unknown,low,unknown,low,Policy cap: Fallback Mapping|Signal Agreement|Crosswalk Quality|Sensitivity,crosses_band,75,86,Singapore SSOC 2020,2026-07-15
8.0,21513,Lift engineer,PROFESSIONALS,2,4842,2.1,estimated_sg_submajor_weighted_2025,0.5977,0.6453,60,high,54,moderate,74,high,workflow_redesign,mixed,unknown,unknown,low,unknown,medium,Signal Agreement|Crosswalk Quality|Sensitivity|Market Data Granularity,crosses_band,53,70,Singapore SSOC 2020,2026-07-15
8.0,24211,Management consultant,PROFESSIONALS,2,10799,5.9,estimated_sg_submajor_weighted_2025,0.7582,0.5793,77,high,69,high,84,very_high,workflow_redesign,mixed,leading,partial,low,unknown,high,Signal Agreement|Market Data Granularity,crosses_band,69,87,Singapore SSOC 2020,2026-07-15
8.0,21411,Manufacturing engineer,PROFESSIONALS,2,4589,2.1,estimated_sg_submajor_weighted_2025,0.5836,0.7148,58,moderate,45,moderate,80,very_high,workflow_redesign,mixed,leading,partial,low,unknown,medium,Signal Agreement,crosses_band,52,70,Singapore SSOC 2020,2026-07-15
8.0,21473,Marine engineer,PROFESSIONALS,2,4603,2.1,estimated_sg_submajor_weighted_2025,0.6259,0.6667,62,high,52,moderate,80,very_high,workflow_redesign,mixed,leading,partial,low,unknown,medium,Crosswalk Quality|Sensitivity|Market Data Granularity,crosses_band,57,69,Singapore SSOC 2020,2026-07-15
8.0,21714,Marine superintendent,PROFESSIONALS,2,9600,3,estimated_sg_submajor_weighted_2025,0.3445,0.8431,33,low,19,very_low,62,high,limited_direct_change,strong,unknown,unknown,low,unknown,medium,Crosswalk Quality,stable,31,35,Singapore SSOC 2020,2026-07-15
8.0,21712,Marine superintendent (engineer),PROFESSIONALS,2,7638,2.7,estimated_sg_submajor_weighted_2025,0.3445,0.8431,33,low,19,very_low,62,high,limited_direct_change,strong,unknown,unknown,low,unknown,medium,Crosswalk Quality,stable,31,35,Singapore SSOC 2020,2026-07-15
8.0,24312,Market research professional,PROFESSIONALS,2,7000,4.7,estimated_sg_submajor_weighted_2025,0.8954,0.5686,96,very_high,74,high,91,very_high,workflow_redesign,mixed,leading,partial,low,unknown,high,Sensitivity|Market Data Granularity,stable,93,96,Singapore SSOC 2020,2026-07-15
8.0,24313,Marketing strategy/planning professional,PROFESSIONALS,2,8060,5.1,estimated_sg_submajor_weighted_2025,0.8954,0.5686,96,very_high,74,high,91,very_high,workflow_redesign,mixed,leading,partial,low,unknown,high,Sensitivity|Market Data Granularity,stable,93,96,Singapore SSOC 2020,2026-07-15
8.0,21492,Materials engineer,PROFESSIONALS,2,8643,2.8,estimated_sg_submajor_weighted_2025,0.5322,0.68,52,moderate,46,moderate,69,high,workflow_redesign,mixed,leading,partial,low,unknown,medium,Sensitivity|Market Data Granularity,stable,50,59,Singapore SSOC 2020,2026-07-15
8.0,21441,Mechanical engineer,PROFESSIONALS,2,6205,2.4,estimated_sg_submajor_weighted_2025,0.6275,0.6578,62,high,55,moderate,77,high,workflow_redesign,mixed,leading,partial,low,unknown,medium,Signal Agreement|Sensitivity|Market Data Granularity,crosses_band,56,71,Singapore SSOC 2020,2026-07-15
8.0,21531,Media and broadcasting engineer,PROFESSIONALS,2,6049,2.4,estimated_sg_submajor_weighted_2025,0.8059,0.213,83,very_high,91,very_high,42,moderate,hiring_or_substitution_pressure,mixed,leading,direct,low,unknown,medium,Sensitivity|Market Data Granularity,crosses_band,79,87,Singapore SSOC 2020,2026-07-15
8.0,24332,Medical and pharmaceutical products sales professional,PROFESSIONALS,2,7259,4.8,estimated_sg_submajor_weighted_2025,0.7818,0.3467,82,very_high,85,very_high,58,moderate,workflow_redesign,mixed,leading,partial,low,unknown,high,Signal Agreement|Crosswalk Quality|Market Data Granularity,crosses_band,75,88,Singapore SSOC 2020,2026-07-15
8.0,22693,Medical diagnostic radiographer,PROFESSIONALS,2,5716,1.9,estimated_sg_submajor_weighted_2025,0.3521,0.877,35,low,15,very_low,63,high,limited_direct_change,strong,unknown,unknown,low,unknown,medium,Policy cap: Insufficient Source Count|Signal Agreement|Source Coverage,crosses_band,12,55,Singapore SSOC 2020,2026-07-15
8.0,21342,Medical laboratory scientist,PROFESSIONALS,2,5979,2.4,estimated_sg_submajor_weighted_2025,0.5465,0.8271,55,moderate,30,low,85,very_high,workflow_redesign,mixed,unknown,unknown,low,unknown,medium,Signal Agreement|Crosswalk Quality|Sensitivity,crosses_band,47,66,Singapore SSOC 2020,2026-07-15
8.0,21346,Medical scientist,PROFESSIONALS,2,5833,2.3,estimated_sg_submajor_weighted_2025,0.5465,0.8271,55,moderate,30,low,85,very_high,workflow_redesign,mixed,unknown,unknown,low,unknown,medium,Signal Agreement|Crosswalk Quality|Sensitivity,crosses_band,47,66,Singapore SSOC 2020,2026-07-15
8.0,26353,Medical social worker,PROFESSIONALS,2,4915,1.6,estimated_sg_submajor_weighted_2025,0.3836,0.8476,40,moderate,21,low,64,high,augmentation_led_growth,strong,unknown,unknown,low,unknown,medium,Signal Agreement|Sensitivity,crosses_band,25,43,Singapore SSOC 2020,2026-07-15
8.0,26361,Minister of religion,PROFESSIONALS,2,6637,1.9,estimated_sg_submajor_weighted_2025,0.4578,0.861,46,moderate,22,low,75,high,augmentation_led_growth,strong,unknown,unknown,low,unknown,high,Signal Agreement|Market Data Granularity|Sensitivity,crosses_band,32,57,Singapore SSOC 2020,2026-07-15
8.0,21662,Multimedia (including games) designer,PROFESSIONALS,2,5319,2.2,estimated_sg_submajor_weighted_2025,0.7459,0.4412,75,high,78,high,65,high,workflow_redesign,mixed,leading,partial,low,unknown,medium,Crosswalk Quality|Sensitivity|Market Data Granularity,stable,73,79,Singapore SSOC 2020,2026-07-15
8.0,25123,Multimedia (including games) developer,PROFESSIONALS,2,6331,4.1,estimated_sg_submajor_weighted_2025,0.8584,0.0481,89,very_high,98,very_high,13,very_low,hiring_or_substitution_pressure,mixed,leading,direct,low,unknown,medium,Policy cap: Insufficient Source Count|Source Coverage|Sensitivity,stable,89,90,Singapore SSOC 2020,2026-07-15
8.0,21663,Multimedia artist and animator,PROFESSIONALS,2,5000,2.2,estimated_sg_submajor_weighted_2025,0.7459,0.4412,75,high,78,high,65,high,workflow_redesign,mixed,leading,partial,low,unknown,medium,Crosswalk Quality|Sensitivity|Market Data Granularity,stable,73,79,Singapore SSOC 2020,2026-07-15
8.0,25220,"Network, servers and computer systems administrator",PROFESSIONALS,2,4765,3.5,estimated_sg_submajor_weighted_2025,0.7747,0.1497,80,very_high,92,very_high,33,low,demand_buffered_redesign,strong,leading,partial,low,unknown,medium,Policy cap: Signal Conflict|Signal Agreement|Source Coverage,crosses_band,60,97,Singapore SSOC 2020,2026-07-15
8.0,22652,Nutritionist,PROFESSIONALS,2,4684,1.7,estimated_sg_submajor_weighted_2025,0.7747,0.8155,80,very_high,41,moderate,99,very_high,workflow_redesign,mixed,unknown,unknown,low,unknown,medium,Signal Agreement|Sensitivity|Market Data Granularity,crosses_band,72,85,Singapore SSOC 2020,2026-07-15
8.0,22144,Obstetrician/Gynaecologist,PROFESSIONALS,2,5965,1.9,estimated_sg_submajor_weighted_2025,0.4381,0.9724,44,moderate,4,very_low,82,very_high,workflow_redesign,mixed,leading,partial,low,unknown,low,Policy cap: Fallback Mapping|Crosswalk Quality|Market Data Granularity,stable,42,46,Singapore SSOC 2020,2026-07-15
8.0,22631,Occupational health and safety professional,PROFESSIONALS,2,5000,1.8,estimated_sg_submajor_weighted_2025,0.6845,0.8155,70,high,36,low,95,very_high,workflow_redesign,mixed,unknown,unknown,low,unknown,medium,Signal Agreement|Market Data Granularity,crosses_band,62,85,Singapore SSOC 2020,2026-07-15
8.0,22680,Occupational therapist,PROFESSIONALS,2,4933,1.8,estimated_sg_submajor_weighted_2025,0.2857,0.9652,25,low,3,very_low,59,moderate,limited_direct_change,strong,unknown,unknown,low,unknown,medium,Crosswalk Quality,stable,24,28,Singapore SSOC 2020,2026-07-15
8.0,24352,Oil and bunker trader,PROFESSIONALS,2,14896,6.9,estimated_sg_submajor_weighted_2025,0.8644,0.4813,90,very_high,80,very_high,79,high,workflow_redesign,mixed,leading,partial,low,unknown,medium,Sensitivity|Market Data Granularity,stable,87,93,Singapore SSOC 2020,2026-07-15
8.0,21212,Operations research analyst,PROFESSIONALS,2,6352,2.4,estimated_sg_submajor_weighted_2025,0.8899,0.1952,95,very_high,94,very_high,43,moderate,workflow_redesign,mixed,leading,partial,low,unknown,high,Market Data Granularity,stable,86,98,Singapore SSOC 2020,2026-07-15
8.0,22145,Ophthalmologist,PROFESSIONALS,2,6804,2.1,estimated_sg_submajor_weighted_2025,0.4381,0.9724,44,moderate,4,very_low,82,very_high,workflow_redesign,mixed,unknown,unknown,low,unknown,low,Policy cap: Fallback Mapping|Crosswalk Quality|Market Data Granularity,stable,42,46,Singapore SSOC 2020,2026-07-15
8.0,22670,Optometrist,PROFESSIONALS,2,5241,1.8,estimated_sg_submajor_weighted_2025,0.3195,0.9162,30,low,8,very_low,62,high,limited_direct_change,mixed,unknown,unknown,low,unknown,medium,Crosswalk Quality|Market Data Granularity,stable,24,36,Singapore SSOC 2020,2026-07-15
8.0,22135,Orthopaedic surgeon,PROFESSIONALS,2,5836,1.9,estimated_sg_submajor_weighted_2025,0.2302,0.9955,19,very_low,0,very_low,51,moderate,limited_direct_change,mixed,leading,direct,low,unknown,low,Signal Agreement|Crosswalk Quality|Market Data Granularity,crosses_band,7,26,Singapore SSOC 2020,2026-07-15
8.0,22148,"Otorhinolaryngologist/Ear, nose, throat (ENT) specialist",PROFESSIONALS,2,6624,2,estimated_sg_submajor_weighted_2025,0.4381,0.9724,44,moderate,4,very_low,82,very_high,workflow_redesign,mixed,unknown,unknown,low,unknown,low,Policy cap: Fallback Mapping|Crosswalk Quality|Market Data Granularity,stable,42,46,Singapore SSOC 2020,2026-07-15
8.0,22126,Paediatrician,PROFESSIONALS,2,5789,1.9,estimated_sg_submajor_weighted_2025,0.4254,0.9813,43,moderate,2,very_low,81,very_high,workflow_redesign,mixed,unknown,unknown,low,unknown,low,Policy cap: Fallback Mapping|Crosswalk Quality|Market Data Granularity,crosses_band,38,48,Singapore SSOC 2020,2026-07-15
8.0,24233,Personnel/Human resource officer,PROFESSIONALS,2,4000,3.6,estimated_sg_submajor_weighted_2025,0.8386,0.639,87,very_high,67,high,93,very_high,workflow_redesign,mixed,leading,partial,low,unknown,medium,Sensitivity|Market Data Granularity,stable,83,92,Singapore SSOC 2020,2026-07-15
8.0,22621,Pharmacist (patient care),PROFESSIONALS,2,5466,1.8,estimated_sg_submajor_weighted_2025,0.5263,0.9287,51,moderate,14,very_low,88,very_high,workflow_redesign,mixed,unknown,unknown,low,unknown,medium,Sensitivity|Market Data Granularity,stable,50,55,Singapore SSOC 2020,2026-07-15
8.0,21341,Pharmacologist,PROFESSIONALS,2,6706,2.5,estimated_sg_submajor_weighted_2025,0.5465,0.8271,55,moderate,30,low,85,very_high,augmentation_led_growth,strong,unknown,unknown,low,unknown,medium,Signal Agreement|Crosswalk Quality|Sensitivity,crosses_band,47,66,Singapore SSOC 2020,2026-07-15
8.0,22640,Physiotherapist,PROFESSIONALS,2,4814,1.7,estimated_sg_submajor_weighted_2025,0.2887,0.9652,25,low,3,very_low,60,high,limited_direct_change,strong,unknown,unknown,low,unknown,medium,Crosswalk Quality,stable,25,27,Singapore SSOC 2020,2026-07-15
8.0,22692,Podiatrist,PROFESSIONALS,2,5054,1.8,estimated_sg_submajor_weighted_2025,0.3521,0.877,35,low,15,very_low,63,high,limited_direct_change,strong,unknown,unknown,low,unknown,medium,Policy cap: Insufficient Source Count|Signal Agreement|Source Coverage,crosses_band,12,55,Singapore SSOC 2020,2026-07-15
8.0,24220,Policy administration professional (e.g. policy analyst),PROFESSIONALS,2,5179,4.1,estimated_sg_submajor_weighted_2025,0.8434,0.3262,88,very_high,88,very_high,59,moderate,workflow_redesign,mixed,leading,partial,low,unknown,medium,Policy cap: Signal Conflict|Signal Agreement|Crosswalk Quality|Market Data Granularity,stable,84,98,Singapore SSOC 2020,2026-07-15
8.0,21512,Power generation and distribution engineer,PROFESSIONALS,2,9131,2.9,estimated_sg_submajor_weighted_2025,0.5977,0.6453,60,high,54,moderate,74,high,workflow_redesign,mixed,leading,partial,low,unknown,medium,Signal Agreement|Crosswalk Quality|Sensitivity|Market Data Granularity,crosses_band,53,70,Singapore SSOC 2020,2026-07-15
8.0,21415,Process engineer,PROFESSIONALS,2,5833,2.3,estimated_sg_submajor_weighted_2025,0.5836,0.7148,58,moderate,45,moderate,80,very_high,augmentation_led_growth,strong,leading,partial,low,unknown,medium,Signal Agreement,crosses_band,52,70,Singapore SSOC 2020,2026-07-15
8.0,21498,Procurement engineer,PROFESSIONALS,2,6500,2.5,estimated_sg_submajor_weighted_2025,0.5322,0.68,52,moderate,46,moderate,69,high,workflow_redesign,mixed,leading,partial,low,unknown,medium,Sensitivity|Market Data Granularity,stable,50,59,Singapore SSOC 2020,2026-07-15
8.0,26541,"Producer (stage, film, television, game, commercial, video and radio)",PROFESSIONALS,2,6736,1.9,estimated_sg_submajor_weighted_2025,0.6117,0.7594,61,high,41,moderate,87,very_high,workflow_redesign,mixed,leading,partial,low,unknown,medium,Market Data Granularity,crosses_band,58,64,Singapore SSOC 2020,2026-07-15
8.0,21632,Product and industrial designer,PROFESSIONALS,2,5710,2.3,estimated_sg_submajor_weighted_2025,0.5495,0.6034,56,moderate,55,moderate,66,high,workflow_redesign,mixed,leading,partial,low,unknown,medium,Signal Agreement|Sensitivity|Market Data Granularity|Crosswalk Quality,crosses_band,49,61,Singapore SSOC 2020,2026-07-15
8.0,21412,Production engineer,PROFESSIONALS,2,6251,2.4,estimated_sg_submajor_weighted_2025,0.5836,0.7148,58,moderate,45,moderate,80,very_high,workflow_redesign,mixed,unknown,unknown,low,unknown,medium,Signal Agreement,crosses_band,52,70,Singapore SSOC 2020,2026-07-15
8.0,22128,Psychiatrist,PROFESSIONALS,2,6886,2.1,estimated_sg_submajor_weighted_2025,0.4254,0.9813,43,moderate,2,very_low,81,very_high,workflow_redesign,mixed,unknown,unknown,low,unknown,low,Policy cap: Fallback Mapping|Crosswalk Quality|Market Data Granularity,crosses_band,38,48,Singapore SSOC 2020,2026-07-15
8.0,24320,Public relations/Corporate communications professional,PROFESSIONALS,2,4305,3.7,estimated_sg_submajor_weighted_2025,0.8595,0.5633,89,very_high,72,high,88,very_high,workflow_redesign,mixed,leading,partial,low,unknown,medium,Policy cap: Signal Conflict|Signal Agreement|Sensitivity|Market Data Granularity,stable,85,98,Singapore SSOC 2020,2026-07-15
8.0,21414,Quality control/assurance engineer,PROFESSIONALS,2,6310,2.4,estimated_sg_submajor_weighted_2025,0.5836,0.7148,58,moderate,45,moderate,80,very_high,workflow_redesign,mixed,leading,partial,low,unknown,medium,Signal Agreement,crosses_band,52,70,Singapore SSOC 2020,2026-07-15
8.0,21494,Quantity surveyor,PROFESSIONALS,2,5030,2.2,estimated_sg_submajor_weighted_2025,0.5322,0.68,52,moderate,46,moderate,69,high,workflow_redesign,mixed,leading,partial,low,unknown,medium,Sensitivity|Market Data Granularity,stable,50,59,Singapore SSOC 2020,2026-07-15
8.0,22694,Radiation therapist,PROFESSIONALS,2,5629,1.9,estimated_sg_submajor_weighted_2025,0.3521,0.877,35,low,15,very_low,63,high,limited_direct_change,mixed,leading,partial,low,unknown,medium,Policy cap: Insufficient Source Count|Signal Agreement|Source Coverage,crosses_band,12,55,Singapore SSOC 2020,2026-07-15
8.0,22200,"Registered nurse and other nursing professional (e.g. clinical nurse, nurse educator, excluding enrolled nurse)",PROFESSIONALS,2,5276,1.8,estimated_sg_submajor_weighted_2025,0.4691,0.9144,48,moderate,15,very_low,83,very_high,augmentation_led_growth,strong,leading,partial,low,unknown,medium,,stable,44,51,Singapore SSOC 2020,2026-07-15
8.0,24291,Research officer (non-statistical),PROFESSIONALS,2,5200,4.1,estimated_sg_submajor_weighted_2025,0.7734,0.4706,78,high,77,high,70,high,workflow_redesign,mixed,leading,partial,low,unknown,medium,Sensitivity|Market Data Granularity|Crosswalk Quality,crosses_band,75,86,Singapore SSOC 2020,2026-07-15
8.0,24315,Revenue specialist,PROFESSIONALS,2,6387,4.5,estimated_sg_submajor_weighted_2025,0.8954,0.5686,96,very_high,74,high,91,very_high,workflow_redesign,mixed,unknown,unknown,low,unknown,medium,Sensitivity|Market Data Granularity,stable,93,96,Singapore SSOC 2020,2026-07-15
8.0,21475,Rolling stock engineer,PROFESSIONALS,2,6795,2.5,estimated_sg_submajor_weighted_2025,0.6259,0.6667,62,high,52,moderate,80,very_high,workflow_redesign,mixed,unknown,unknown,low,unknown,medium,Crosswalk Quality|Market Data Granularity|Sensitivity,crosses_band,57,69,Singapore SSOC 2020,2026-07-15
8.0,24334,Sales professional (institutional sales of financial products),PROFESSIONALS,2,9583,5.5,estimated_sg_submajor_weighted_2025,0.7818,0.3467,82,very_high,85,very_high,58,moderate,workflow_redesign,mixed,leading,partial,low,unknown,high,Signal Agreement|Crosswalk Quality|Market Data Granularity,crosses_band,75,88,Singapore SSOC 2020,2026-07-15
8.0,26374,School counsellor,PROFESSIONALS,2,3497,1.4,estimated_sg_submajor_weighted_2025,0.5738,0.852,57,moderate,28,low,89,very_high,workflow_redesign,mixed,unknown,unknown,low,unknown,medium,Signal Agreement|Crosswalk Quality|Sensitivity|Market Data Granularity,crosses_band,49,74,Singapore SSOC 2020,2026-07-15
8.0,26412,Script writer and editor,PROFESSIONALS,2,3945,1.4,estimated_sg_submajor_weighted_2025,0.8557,0.1257,88,very_high,96,very_high,30,low,workflow_redesign,mixed,unknown,unknown,low,unknown,medium,Policy cap: Signal Conflict|Signal Agreement|Market Data Granularity,stable,84,95,Singapore SSOC 2020,2026-07-15
8.0,24151,Securities and finance broker,PROFESSIONALS,2,8508,5.2,estimated_sg_submajor_weighted_2025,0.8258,0.4474,85,very_high,82,very_high,71,high,hiring_or_substitution_pressure,mixed,leading,direct,low,unknown,medium,Policy cap: Signal Conflict|Signal Agreement|Sensitivity,crosses_band,77,98,Singapore SSOC 2020,2026-07-15
8.0,24141,Securities and finance dealer,PROFESSIONALS,2,7896,5,estimated_sg_submajor_weighted_2025,0.8175,0.5036,84,very_high,76,high,77,high,hiring_or_substitution_pressure,mixed,leading,direct,low,unknown,medium,Policy cap: Signal Conflict|Signal Agreement|Sensitivity|Market Data Granularity,crosses_band,75,99,Singapore SSOC 2020,2026-07-15
8.0,25243,Security operations specialist,PROFESSIONALS,2,7700,4.5,estimated_sg_submajor_weighted_2025,0.8342,0.2656,86,very_high,90,very_high,50,moderate,hiring_or_substitution_pressure,mixed,leading,direct,low,unknown,low,Source Coverage|Signal Agreement|Source Freshness,stable,85,87,Singapore SSOC 2020,2026-07-15
8.0,21523,Semi-conductor engineer,PROFESSIONALS,2,6600,2.5,estimated_sg_submajor_weighted_2025,0.6399,0.3788,64,high,75,high,54,moderate,workflow_redesign,mixed,leading,partial,low,unknown,medium,Sensitivity,stable,62,67,Singapore SSOC 2020,2026-07-15
8.0,21670,Service designer,PROFESSIONALS,2,8557,2.8,estimated_sg_submajor_weighted_2025,0.7038,0.3725,73,high,79,high,57,moderate,hiring_or_substitution_pressure,mixed,leading,direct,low,unknown,medium,Sensitivity|Market Data Granularity,stable,65,75,Singapore SSOC 2020,2026-07-15
8.0,24362,Ship broker (e.g. charter or sales & purchase),PROFESSIONALS,2,9000,5.4,estimated_sg_submajor_weighted_2025,0.8644,0.4813,90,very_high,80,very_high,79,high,workflow_redesign,mixed,unknown,unknown,low,unknown,medium,Sensitivity|Market Data Granularity,stable,87,93,Singapore SSOC 2020,2026-07-15
8.0,24353,Ship charterer,PROFESSIONALS,2,12399,6.3,estimated_sg_submajor_weighted_2025,0.8644,0.4813,90,very_high,80,very_high,79,high,workflow_redesign,mixed,unknown,unknown,low,unknown,medium,Sensitivity|Market Data Granularity,stable,87,93,Singapore SSOC 2020,2026-07-15
8.0,26322,Social science researcher,PROFESSIONALS,2,6600,1.9,estimated_sg_submajor_weighted_2025,0.6528,0.7718,66,high,42,moderate,90,very_high,workflow_redesign,mixed,unknown,unknown,low,unknown,high,Market Data Granularity|Sensitivity,stable,61,69,Singapore SSOC 2020,2026-07-15
8.0,26351,Social worker (general),PROFESSIONALS,2,4405,1.5,estimated_sg_submajor_weighted_2025,0.3836,0.8476,40,moderate,21,low,64,high,workflow_redesign,mixed,unknown,unknown,low,unknown,medium,Signal Agreement|Sensitivity,crosses_band,25,43,Singapore SSOC 2020,2026-07-15
8.0,25121,Software developer,PROFESSIONALS,2,8888,4.8,estimated_sg_submajor_weighted_2025,0.8584,0.0481,89,very_high,98,very_high,13,very_low,demand_buffered_redesign,strong,leading,partial,low,unknown,medium,Policy cap: Signal Conflict|Source Coverage,stable,89,90,Singapore SSOC 2020,2026-07-15
8.0,22662,Speech therapist,PROFESSIONALS,2,4764,1.7,estimated_sg_submajor_weighted_2025,0.4133,0.91,41,moderate,13,very_low,74,high,workflow_redesign,mixed,unknown,unknown,low,unknown,medium,Signal Agreement|Sensitivity|Market Data Granularity,crosses_band,26,51,Singapore SSOC 2020,2026-07-15
8.0,21231,Statistical officer/Data analyst,PROFESSIONALS,2,8356,2.8,estimated_sg_submajor_weighted_2025,0.9619,0.2567,100,very_high,94,very_high,55,moderate,workflow_redesign,mixed,leading,partial,low,unknown,medium,Sensitivity|Market Data Granularity,stable,99,100,Singapore SSOC 2020,2026-07-15
8.0,21221,Statistician,PROFESSIONALS,2,4720,2.1,estimated_sg_submajor_weighted_2025,0.9197,0.5143,99,very_high,79,high,88,very_high,hiring_or_substitution_pressure,mixed,leading,direct,low,unknown,high,Sensitivity,stable,93,100,Singapore SSOC 2020,2026-07-15
8.0,25111,Systems designer/analyst,PROFESSIONALS,2,6966,4.3,estimated_sg_submajor_weighted_2025,0.8065,0.4617,84,very_high,79,high,71,high,workflow_redesign,mixed,leading,partial,low,unknown,medium,Policy cap: Insufficient Source Count|Source Coverage|Sensitivity|Market Data Granularity,stable,82,84,Singapore SSOC 2020,2026-07-15
8.0,24113,Tax accountant,PROFESSIONALS,2,9726,5.6,estimated_sg_submajor_weighted_2025,0.9046,0.2807,98,very_high,92,very_high,57,moderate,workflow_redesign,mixed,leading,partial,low,unknown,high,,stable,91,99,Singapore SSOC 2020,2026-07-15
8.0,23103,Teaching assistant/Tutor in university,PROFESSIONALS,2,5800,16.1,estimated_sg_submajor_weighted_2025,0.6194,0.7478,61,high,44,moderate,86,very_high,workflow_redesign,mixed,unknown,unknown,low,unknown,medium,Signal Agreement|Sensitivity|Market Data Granularity,crosses_band,54,79,Singapore SSOC 2020,2026-07-15
8.0,24331,Technical sales professional,PROFESSIONALS,2,6850,4.7,estimated_sg_submajor_weighted_2025,0.7818,0.3467,82,very_high,85,very_high,58,moderate,workflow_redesign,mixed,leading,partial,low,unknown,high,Signal Agreement|Crosswalk Quality|Market Data Granularity,crosses_band,75,88,Singapore SSOC 2020,2026-07-15
8.0,26414,Technical writer,PROFESSIONALS,2,5891,1.8,estimated_sg_submajor_weighted_2025,0.8557,0.1257,88,very_high,96,very_high,30,low,workflow_redesign,mixed,leading,partial,low,unknown,medium,Policy cap: Signal Conflict|Signal Agreement|Market Data Granularity,stable,84,95,Singapore SSOC 2020,2026-07-15
8.0,23300,Technical/Vocational/Commercial education institute teacher and trainer,PROFESSIONALS,2,3800,13,estimated_sg_submajor_weighted_2025,0.4626,0.918,47,moderate,14,very_low,82,very_high,workflow_redesign,mixed,unknown,unknown,low,unknown,medium,Crosswalk Quality|Signal Agreement|Sensitivity|Market Data Granularity,crosses_band,36,57,Singapore SSOC 2020,2026-07-15
8.0,21532,Telecommunications engineer,PROFESSIONALS,2,6158,2.4,estimated_sg_submajor_weighted_2025,0.8059,0.213,83,very_high,91,very_high,42,moderate,workflow_redesign,mixed,leading,partial,low,unknown,medium,Sensitivity|Market Data Granularity,crosses_band,79,87,Singapore SSOC 2020,2026-07-15
8.0,24361,Trade broker,PROFESSIONALS,2,13500,6.6,estimated_sg_submajor_weighted_2025,0.8644,0.4813,90,very_high,80,very_high,79,high,workflow_redesign,mixed,leading,partial,low,unknown,medium,Sensitivity|Market Data Granularity,stable,87,93,Singapore SSOC 2020,2026-07-15
8.0,22301,Traditional Chinese medicine practitioner,PROFESSIONALS,2,4289,1.6,estimated_sg_submajor_weighted_2025,0.318,0.9875,30,low,1,very_low,63,high,limited_direct_change,mixed,unknown,unknown,low,unknown,medium,Market Data Granularity,stable,26,32,Singapore SSOC 2020,2026-07-15
8.0,24240,Training and staff development professional,PROFESSIONALS,2,4490,3.8,estimated_sg_submajor_weighted_2025,0.7772,0.3868,80,very_high,83,very_high,62,high,workflow_redesign,mixed,leading,partial,low,unknown,high,Crosswalk Quality|Market Data Granularity,crosses_band,74,85,Singapore SSOC 2020,2026-07-15
8.0,26431,Translator,PROFESSIONALS,2,6456,1.8,estimated_sg_submajor_weighted_2025,0.9227,0.6613,99,very_high,69,high,99,very_high,hiring_or_substitution_pressure,mixed,leading,direct,low,unknown,medium,Market Data Granularity,stable,95,99,Singapore SSOC 2020,2026-07-15
8.0,24134,Treasury manager,PROFESSIONALS,2,9405,5.5,estimated_sg_submajor_weighted_2025,0.8808,0.4029,94,very_high,86,very_high,68,high,workflow_redesign,mixed,leading,partial,low,unknown,low,Signal Agreement|Crosswalk Quality|Sensitivity,stable,87,99,Singapore SSOC 2020,2026-07-15
8.0,23101,University lecturer,PROFESSIONALS,2,12990,24.2,estimated_sg_submajor_weighted_2025,0.6194,0.7478,61,high,44,moderate,86,very_high,workflow_redesign,mixed,unknown,unknown,low,unknown,medium,Signal Agreement|Market Data Granularity,crosses_band,54,79,Singapore SSOC 2020,2026-07-15
8.0,21641,Urban planner,PROFESSIONALS,2,5382,2.2,estimated_sg_submajor_weighted_2025,0.5322,0.7451,52,moderate,38,low,75,high,workflow_redesign,mixed,leading,partial,low,unknown,medium,Signal Agreement|Market Data Granularity,crosses_band,49,62,Singapore SSOC 2020,2026-07-15
8.0,22138,Urologist,PROFESSIONALS,2,6729,2.1,estimated_sg_submajor_weighted_2025,0.2302,0.9955,19,very_low,0,very_low,51,moderate,limited_direct_change,mixed,unknown,unknown,low,unknown,low,Signal Agreement|Crosswalk Quality|Market Data Granularity,crosses_band,7,26,Singapore SSOC 2020,2026-07-15
8.0,22500,Veterinarian,PROFESSIONALS,2,8500,2.3,estimated_sg_submajor_weighted_2025,0.3298,0.9893,30,low,1,very_low,65,high,limited_direct_change,mixed,leading,direct,low,unknown,medium,Policy cap: Signal Conflict|Signal Agreement|Market Data Granularity,crosses_band,20,41,Singapore SSOC 2020,2026-07-15
8.0,25122,Web and mobile applications developer,PROFESSIONALS,2,7000,4.3,estimated_sg_submajor_weighted_2025,0.8584,0.0481,89,very_high,98,very_high,13,very_low,demand_buffered_redesign,strong,leading,direct,low,unknown,medium,Policy cap: Signal Conflict|Source Coverage|Sensitivity,stable,89,90,Singapore SSOC 2020,2026-07-15
8.0,33392,Advertising salesman,ASSOCIATE PROFESSIONALS AND TECHNICIANS,3,5500,9.9,estimated_sg_submajor_weighted_2025,0.7773,0.5241,80,very_high,71,high,76,high,workflow_redesign,mixed,unknown,unknown,medium,unknown,medium,Market Data Granularity|Sensitivity,crosses_band,76,83,Singapore SSOC 2020,2026-07-15
8.0,31211,Aeronautical engineering technician,ASSOCIATE PROFESSIONALS AND TECHNICIANS,3,4481,2.2,estimated_sg_submajor_weighted_2025,0.2889,0.2995,26,low,51,moderate,24,low,limited_direct_change,mixed,unknown,unknown,medium,unknown,medium,Sensitivity|Market Data Granularity,stable,22,32,Singapore SSOC 2020,2026-07-15
8.0,33222,After sales adviser/Client account service executive,ASSOCIATE PROFESSIONALS AND TECHNICIANS,3,5620,10,estimated_sg_submajor_weighted_2025,0.8774,0.426,93,very_high,84,very_high,72,high,workflow_redesign,mixed,leading,partial,medium,unknown,high,Market Data Granularity,stable,89,96,Singapore SSOC 2020,2026-07-15
8.0,31594,Air cargo officer,ASSOCIATE PROFESSIONALS AND TECHNICIANS,3,4201,2.1,estimated_sg_submajor_weighted_2025,0.3146,0.6212,28,low,35,low,46,moderate,limited_direct_change,mixed,unknown,unknown,medium,unknown,low,Source Coverage|Signal Agreement|Source Freshness|Crosswalk Quality,stable,27,30,Singapore SSOC 2020,2026-07-15
8.0,33611,Air transport equipment project executive,ASSOCIATE PROFESSIONALS AND TECHNICIANS,3,4555,9,estimated_sg_submajor_weighted_2025,0.5738,0.385,57,moderate,71,high,49,moderate,workflow_redesign,mixed,unknown,unknown,medium,unknown,medium,Crosswalk Quality|Sensitivity|Market Data Granularity,stable,54,58,Singapore SSOC 2020,2026-07-15
8.0,31571,Air transport service supervisor,ASSOCIATE PROFESSIONALS AND TECHNICIANS,3,5552,2.4,estimated_sg_submajor_weighted_2025,0.2739,0.8681,24,low,11,very_low,53,moderate,limited_direct_change,mixed,unknown,unknown,medium,unknown,medium,Market Data Granularity,crosses_band,17,34,Singapore SSOC 2020,2026-07-15
8.0,31152,Air-conditioning/Refrigeration engineering technician,ASSOCIATE PROFESSIONALS AND TECHNICIANS,3,4141,2.1,estimated_sg_submajor_weighted_2025,0.3919,0.5437,40,moderate,49,moderate,49,moderate,workflow_redesign,mixed,unknown,unknown,medium,unknown,medium,Policy cap: Signal Conflict|Signal Agreement|Sensitivity|Market Data Granularity,crosses_band,31,44,Singapore SSOC 2020,2026-07-15
8.0,33151,Appraiser/Valuer (excluding intangible asset valuer),ASSOCIATE PROFESSIONALS AND TECHNICIANS,3,5281,9.7,estimated_sg_submajor_weighted_2025,0.7378,0.3111,75,high,85,very_high,51,moderate,workflow_redesign,mixed,leading,partial,medium,unknown,low,Policy cap: Fallback Mapping|Crosswalk Quality|Market Data Granularity,stable,72,76,Singapore SSOC 2020,2026-07-15
8.0,31184,Architectural draughtsman,ASSOCIATE PROFESSIONALS AND TECHNICIANS,3,4135,2.1,estimated_sg_submajor_weighted_2025,0.3769,0.6212,38,low,40,moderate,52,moderate,limited_direct_change,mixed,leading,direct,medium,unknown,low,Source Coverage|Crosswalk Quality|Sensitivity|Market Data Granularity,crosses_band,30,45,Singapore SSOC 2020,2026-07-15
8.0,36202,Art and craft instructor (extracurriculum),ASSOCIATE PROFESSIONALS AND TECHNICIANS,3,3300,6.7,estimated_sg_submajor_weighted_2025,0.9046,0.7041,98,very_high,65,high,100,very_high,workflow_redesign,mixed,unknown,unknown,medium,unknown,low,Source Coverage|Signal Agreement|Source Freshness|Crosswalk Quality,stable,94,98,Singapore SSOC 2020,2026-07-15
8.0,33152,Assessor,ASSOCIATE PROFESSIONALS AND TECHNICIANS,3,5100,9.6,estimated_sg_submajor_weighted_2025,0.7378,0.3111,75,high,85,very_high,51,moderate,workflow_redesign,mixed,leading,partial,medium,unknown,low,Policy cap: Fallback Mapping|Crosswalk Quality|Market Data Granularity,stable,72,76,Singapore SSOC 2020,2026-07-15
8.0,33131,Assistant accountant,ASSOCIATE PROFESSIONALS AND TECHNICIANS,3,3885,8.4,estimated_sg_submajor_weighted_2025,0.8917,0.2807,95,very_high,91,very_high,55,moderate,workflow_redesign,weak,leading,partial,medium,unknown,high,Sensitivity|Market Data Granularity,stable,88,99,Singapore SSOC 2020,2026-07-15
8.0,31001,Assistant civil and structural engineer,ASSOCIATE PROFESSIONALS AND TECHNICIANS,3,4110,2.1,estimated_sg_submajor_weighted_2025,0.3788,0.4118,39,low,58,moderate,40,moderate,limited_direct_change,mixed,leading,partial,medium,unknown,medium,Market Data Granularity,crosses_band,34,41,Singapore SSOC 2020,2026-07-15
8.0,31002,Assistant electrical engineer,ASSOCIATE PROFESSIONALS AND TECHNICIANS,3,4871,2.3,estimated_sg_submajor_weighted_2025,0.3788,0.4118,39,low,58,moderate,40,moderate,limited_direct_change,mixed,leading,partial,medium,unknown,medium,Sensitivity|Market Data Granularity,crosses_band,34,41,Singapore SSOC 2020,2026-07-15
8.0,31003,Assistant electronics engineer,ASSOCIATE PROFESSIONALS AND TECHNICIANS,3,4632,2.2,estimated_sg_submajor_weighted_2025,0.3788,0.4118,39,low,58,moderate,40,moderate,limited_direct_change,mixed,unknown,unknown,medium,unknown,medium,Sensitivity|Market Data Granularity,crosses_band,34,41,Singapore SSOC 2020,2026-07-15
8.0,31006,Assistant manufacturing engineer,ASSOCIATE PROFESSIONALS AND TECHNICIANS,3,4003,2.1,estimated_sg_submajor_weighted_2025,0.3788,0.4118,39,low,58,moderate,40,moderate,limited_direct_change,mixed,unknown,unknown,medium,unknown,medium,Market Data Granularity,crosses_band,34,41,Singapore SSOC 2020,2026-07-15
8.0,31004,Assistant mechanical engineer,ASSOCIATE PROFESSIONALS AND TECHNICIANS,3,3983,2.1,estimated_sg_submajor_weighted_2025,0.3788,0.4118,39,low,58,moderate,40,moderate,limited_direct_change,weak,leading,partial,medium,unknown,medium,Market Data Granularity,crosses_band,34,41,Singapore SSOC 2020,2026-07-15
8.0,34210,Athlete/Sportsman,ASSOCIATE PROFESSIONALS AND TECHNICIANS,3,2658,2.2,estimated_sg_submajor_weighted_2025,0.5063,0.6702,50,moderate,45,moderate,67,high,workflow_redesign,mixed,unknown,unknown,medium,unknown,medium,Signal Agreement|Sensitivity|Market Data Granularity,crosses_band,48,61,Singapore SSOC 2020,2026-07-15
8.0,31143,Audio and video equipment technician,ASSOCIATE PROFESSIONALS AND TECHNICIANS,3,3869,2,estimated_sg_submajor_weighted_2025,0.3612,0.3538,37,low,60,high,36,low,limited_direct_change,mixed,unknown,unknown,medium,unknown,medium,Signal Agreement|Crosswalk Quality|Market Data Granularity,crosses_band,27,44,Singapore SSOC 2020,2026-07-15
8.0,33132,Audit associate professional,ASSOCIATE PROFESSIONALS AND TECHNICIANS,3,5050,9.5,estimated_sg_submajor_weighted_2025,0.8917,0.2807,95,very_high,91,very_high,55,moderate,hiring_or_substitution_pressure,weak,leading,direct,medium,unknown,high,Sensitivity|Market Data Granularity,stable,88,99,Singapore SSOC 2020,2026-07-15
8.0,31174,Automation technician,ASSOCIATE PROFESSIONALS AND TECHNICIANS,3,3449,1.9,estimated_sg_submajor_weighted_2025,0.2795,0.2995,25,low,50,moderate,22,low,limited_direct_change,weak,unknown,unknown,medium,unknown,medium,Sensitivity|Market Data Granularity,stable,20,30,Singapore SSOC 2020,2026-07-15
8.0,31212,Automotive engineering technician,ASSOCIATE PROFESSIONALS AND TECHNICIANS,3,3778,2,estimated_sg_submajor_weighted_2025,0.2889,0.2995,26,low,51,moderate,24,low,limited_direct_change,mixed,leading,partial,medium,unknown,medium,Sensitivity|Market Data Granularity,stable,22,32,Singapore SSOC 2020,2026-07-15
8.0,31122,Building technician,ASSOCIATE PROFESSIONALS AND TECHNICIANS,3,3623,2,estimated_sg_submajor_weighted_2025,0.4629,0.434,47,moderate,64,high,47,moderate,workflow_redesign,mixed,unknown,unknown,medium,unknown,medium,Crosswalk Quality|Market Data Granularity,stable,44,51,Singapore SSOC 2020,2026-07-15
8.0,33221,Business development executive,ASSOCIATE PROFESSIONALS AND TECHNICIANS,3,5000,9.5,estimated_sg_submajor_weighted_2025,0.8774,0.426,93,very_high,84,very_high,72,high,workflow_redesign,mixed,leading,partial,medium,unknown,high,Market Data Granularity,stable,89,96,Singapore SSOC 2020,2026-07-15
8.0,33231,Buyer,ASSOCIATE PROFESSIONALS AND TECHNICIANS,3,4694,9.2,estimated_sg_submajor_weighted_2025,0.6993,0.5107,71,high,70,high,68,high,workflow_redesign,mixed,unknown,unknown,medium,unknown,medium,Policy cap: Signal Conflict|Signal Agreement|Sensitivity|Market Data Granularity,stable,60,76,Singapore SSOC 2020,2026-07-15
8.0,34341,Chef,ASSOCIATE PROFESSIONALS AND TECHNICIANS,3,3850,2.6,estimated_sg_submajor_weighted_2025,0.5376,0.7594,53,moderate,37,low,76,high,workflow_redesign,weak,leading,partial,medium,unknown,medium,Signal Agreement|Market Data Granularity,crosses_band,50,64,Singapore SSOC 2020,2026-07-15
8.0,31161,Chemical engineering technician,ASSOCIATE PROFESSIONALS AND TECHNICIANS,3,4925,2.3,estimated_sg_submajor_weighted_2025,0.5375,0.2718,53,moderate,74,high,39,low,workflow_redesign,mixed,unknown,unknown,medium,unknown,medium,Policy cap: Signal Conflict|Signal Agreement|Sensitivity|Market Data Granularity,stable,40,58,Singapore SSOC 2020,2026-07-15
8.0,31163,Chemical engineering technician (petrochemicals),ASSOCIATE PROFESSIONALS AND TECHNICIANS,3,5738,2.5,estimated_sg_submajor_weighted_2025,0.5375,0.2718,53,moderate,74,high,39,low,workflow_redesign,mixed,unknown,unknown,medium,unknown,medium,Policy cap: Signal Conflict|Signal Agreement|Sensitivity|Market Data Granularity,stable,40,58,Singapore SSOC 2020,2026-07-15
8.0,31111,Chemistry technician,ASSOCIATE PROFESSIONALS AND TECHNICIANS,3,4765,2.3,estimated_sg_submajor_weighted_2025,0.5193,0.246,51,moderate,75,high,36,low,workflow_redesign,mixed,leading,partial,medium,unknown,high,Signal Agreement|Crosswalk Quality|Sensitivity|Market Data Granularity,crosses_band,43,61,Singapore SSOC 2020,2026-07-15
8.0,31121,Civil engineering technician,ASSOCIATE PROFESSIONALS AND TECHNICIANS,3,4310,2.2,estimated_sg_submajor_weighted_2025,0.4629,0.434,47,moderate,64,high,47,moderate,workflow_redesign,mixed,leading,partial,medium,unknown,medium,Crosswalk Quality|Market Data Granularity,stable,44,51,Singapore SSOC 2020,2026-07-15
8.0,31183,Civil/Structural engineering draughtsman,ASSOCIATE PROFESSIONALS AND TECHNICIANS,3,2819,1.7,estimated_sg_submajor_weighted_2025,0.3769,0.6212,38,low,40,moderate,52,moderate,limited_direct_change,weak,leading,partial,medium,unknown,low,Source Coverage|Crosswalk Quality|Sensitivity|Market Data Granularity,crosses_band,30,45,Singapore SSOC 2020,2026-07-15
8.0,33311,Clearing and forwarding agent,ASSOCIATE PROFESSIONALS AND TECHNICIANS,3,4047,8.5,estimated_sg_submajor_weighted_2025,0.8975,0.0134,97,very_high,100,very_high,5,very_low,workflow_redesign,weak,leading,partial,medium,unknown,high,Market Data Granularity,stable,92,98,Singapore SSOC 2020,2026-07-15
8.0,31412,Clinical research coordinator,ASSOCIATE PROFESSIONALS AND TECHNICIANS,3,4500,2.2,estimated_sg_submajor_weighted_2025,0.5195,0.3672,51,moderate,70,high,45,moderate,workflow_redesign,mixed,leading,partial,medium,unknown,medium,Sensitivity|Market Data Granularity,stable,50,56,Singapore SSOC 2020,2026-07-15
8.0,32530,Community health worker,ASSOCIATE PROFESSIONALS AND TECHNICIANS,3,3103,1.2,estimated_sg_submajor_weighted_2025,0.3478,0.2513,33,low,63,high,25,low,limited_direct_change,mixed,unknown,unknown,medium,unknown,medium,Signal Agreement|Market Data Granularity,stable,25,39,Singapore SSOC 2020,2026-07-15
8.0,35110,Computer systems operator,ASSOCIATE PROFESSIONALS AND TECHNICIANS,3,5425,3.1,estimated_sg_submajor_weighted_2025,0.767,0.5169,78,high,71,high,75,high,workflow_redesign,mixed,leading,partial,medium,unknown,medium,Policy cap: Signal Conflict|Signal Agreement|Sensitivity|Market Data Granularity,crosses_band,71,84,Singapore SSOC 2020,2026-07-15
8.0,33493,Crewing executive (ship),ASSOCIATE PROFESSIONALS AND TECHNICIANS,3,4377,8.9,estimated_sg_submajor_weighted_2025,0.7775,0.4189,81,very_high,81,very_high,65,high,workflow_redesign,mixed,unknown,unknown,medium,unknown,medium,Market Data Granularity,crosses_band,78,83,Singapore SSOC 2020,2026-07-15
8.0,32143,Dental technician,ASSOCIATE PROFESSIONALS AND TECHNICIANS,3,3032,1.1,estimated_sg_submajor_weighted_2025,0.2279,0.8057,19,very_low,16,very_low,44,moderate,limited_direct_change,mixed,unknown,unknown,medium,unknown,medium,Crosswalk Quality|Signal Agreement|Market Data Granularity|Sensitivity,crosses_band,13,23,Singapore SSOC 2020,2026-07-15
8.0,31131,Electrical engineering technician,ASSOCIATE PROFESSIONALS AND TECHNICIANS,3,4235,2.1,estimated_sg_submajor_weighted_2025,0.3491,0.5071,34,low,48,moderate,43,moderate,limited_direct_change,mixed,unknown,unknown,medium,unknown,medium,Crosswalk Quality|Sensitivity|Market Data Granularity,stable,28,37,Singapore SSOC 2020,2026-07-15
8.0,31182,Electrical/Electronics draughtsman,ASSOCIATE PROFESSIONALS AND TECHNICIANS,3,3518,1.9,estimated_sg_submajor_weighted_2025,0.3769,0.6212,38,low,40,moderate,52,moderate,limited_direct_change,mixed,unknown,unknown,medium,unknown,low,Source Coverage|Crosswalk Quality|Sensitivity|Market Data Granularity,crosses_band,30,45,Singapore SSOC 2020,2026-07-15
8.0,31141,Electronics engineering technician,ASSOCIATE PROFESSIONALS AND TECHNICIANS,3,4071,2.1,estimated_sg_submajor_weighted_2025,0.3612,0.3538,37,low,60,high,36,low,limited_direct_change,mixed,unknown,unknown,medium,unknown,medium,Signal Agreement|Crosswalk Quality|Market Data Granularity,crosses_band,27,44,Singapore SSOC 2020,2026-07-15
8.0,33330,Employment agent/Labour contractor,ASSOCIATE PROFESSIONALS AND TECHNICIANS,3,4522,9,estimated_sg_submajor_weighted_2025,0.7063,0.1159,73,high,90,very_high,22,low,workflow_redesign,mixed,unknown,unknown,medium,unknown,medium,Policy cap: Signal Conflict|Signal Agreement|Market Data Granularity|Sensitivity,crosses_band,61,86,Singapore SSOC 2020,2026-07-15
8.0,32200,Enrolled/Assistant nurse (excluding registered nurse),ASSOCIATE PROFESSIONALS AND TECHNICIANS,3,4904,1.5,estimated_sg_submajor_weighted_2025,0.1659,0.631,12,very_low,22,low,29,low,limited_direct_change,mixed,unknown,unknown,medium,unknown,medium,Sensitivity|Market Data Granularity,stable,12,15,Singapore SSOC 2020,2026-07-15
8.0,32571,Environmental inspector (environmental public health),ASSOCIATE PROFESSIONALS AND TECHNICIANS,3,7373,1.7,estimated_sg_submajor_weighted_2025,0.3549,0.2513,36,low,64,high,25,low,limited_direct_change,mixed,leading,partial,medium,unknown,medium,Signal Agreement|Market Data Granularity,stable,26,39,Singapore SSOC 2020,2026-07-15
8.0,33320,Exhibition/Conference/Event planner (including wedding planner/coordinator),ASSOCIATE PROFESSIONALS AND TECHNICIANS,3,3740,8.2,estimated_sg_submajor_weighted_2025,0.7952,0.5294,83,very_high,72,high,81,very_high,workflow_redesign,weak,leading,partial,medium,unknown,medium,Sensitivity|Market Data Granularity,crosses_band,78,85,Singapore SSOC 2020,2026-07-15
8.0,33121,Financial markets back office administrator,ASSOCIATE PROFESSIONALS AND TECHNICIANS,3,5366,9.8,estimated_sg_submajor_weighted_2025,0.9081,0.2888,99,very_high,92,very_high,57,moderate,hiring_or_substitution_pressure,mixed,leading,direct,medium,unknown,medium,Sensitivity|Market Data Granularity,stable,92,99,Singapore SSOC 2020,2026-07-15
8.0,31711,Fire and safety inspector,ASSOCIATE PROFESSIONALS AND TECHNICIANS,3,3810,2,estimated_sg_submajor_weighted_2025,0.2344,0.8004,20,low,18,very_low,44,moderate,limited_direct_change,mixed,unknown,unknown,medium,unknown,medium,Crosswalk Quality|Market Data Granularity|Sensitivity,crosses_band,14,26,Singapore SSOC 2020,2026-07-15
8.0,31593,Flight operations officer,ASSOCIATE PROFESSIONALS AND TECHNICIANS,3,3778,2,estimated_sg_submajor_weighted_2025,0.3146,0.6212,28,low,35,low,46,moderate,limited_direct_change,mixed,unknown,unknown,medium,unknown,low,Source Coverage|Signal Agreement|Source Freshness|Crosswalk Quality,stable,27,30,Singapore SSOC 2020,2026-07-15
8.0,31522,Harbour pilot,ASSOCIATE PROFESSIONALS AND TECHNICIANS,3,8833,3.2,estimated_sg_submajor_weighted_2025,0.1523,0.7772,10,very_low,10,very_low,34,low,limited_direct_change,mixed,unknown,unknown,medium,unknown,medium,Market Data Granularity,stable,4,15,Singapore SSOC 2020,2026-07-15
8.0,36203,Information technology trainer (extracurriculum),ASSOCIATE PROFESSIONALS AND TECHNICIANS,3,6119,9.2,estimated_sg_submajor_weighted_2025,0.9046,0.7041,98,very_high,65,high,100,very_high,workflow_redesign,mixed,unknown,unknown,medium,unknown,low,Source Coverage|Signal Agreement|Source Freshness|Crosswalk Quality,stable,94,98,Singapore SSOC 2020,2026-07-15
8.0,31144,Instrumentation technician,ASSOCIATE PROFESSIONALS AND TECHNICIANS,3,3626,2,estimated_sg_submajor_weighted_2025,0.3612,0.3538,37,low,60,high,36,low,limited_direct_change,mixed,unknown,unknown,medium,unknown,medium,Signal Agreement|Crosswalk Quality|Market Data Granularity,crosses_band,27,44,Singapore SSOC 2020,2026-07-15
8.0,33211,Insurance sales agent/broker (including independent financial planner),ASSOCIATE PROFESSIONALS AND TECHNICIANS,3,5780,10.2,estimated_sg_submajor_weighted_2025,0.8493,0.0018,88,very_high,99,very_high,2,very_low,hiring_or_substitution_pressure,mixed,leading,direct,medium,unknown,high,Market Data Granularity,stable,82,95,Singapore SSOC 2020,2026-07-15
8.0,34321,Interior designer,ASSOCIATE PROFESSIONALS AND TECHNICIANS,3,4700,2.9,estimated_sg_submajor_weighted_2025,0.4838,0.3324,49,moderate,69,high,41,moderate,workflow_redesign,mixed,leading,partial,medium,unknown,medium,Policy cap: Signal Conflict|Signal Agreement|Sensitivity|Market Data Granularity,stable,43,55,Singapore SSOC 2020,2026-07-15
8.0,33393,International market agent/representative (e.g. junket operator),ASSOCIATE PROFESSIONALS AND TECHNICIANS,3,9530,13.2,estimated_sg_submajor_weighted_2025,0.7773,0.5241,80,very_high,71,high,76,high,workflow_redesign,mixed,unknown,unknown,medium,unknown,high,Market Data Granularity|Sensitivity,crosses_band,76,83,Singapore SSOC 2020,2026-07-15
8.0,35121,IT Infrastructure technician,ASSOCIATE PROFESSIONALS AND TECHNICIANS,3,4100,2.7,estimated_sg_submajor_weighted_2025,0.7545,0.5508,76,high,70,high,78,high,workflow_redesign,mixed,leading,partial,medium,unknown,low,Signal Agreement|Crosswalk Quality|Sensitivity|Market Data Granularity,crosses_band,70,92,Singapore SSOC 2020,2026-07-15
8.0,35122,IT security technician,ASSOCIATE PROFESSIONALS AND TECHNICIANS,3,4542,2.8,estimated_sg_submajor_weighted_2025,0.7545,0.5508,76,high,70,high,78,high,workflow_redesign,mixed,unknown,unknown,medium,unknown,low,Signal Agreement|Crosswalk Quality|Market Data Granularity|Sensitivity,crosses_band,70,92,Singapore SSOC 2020,2026-07-15
8.0,35123,IT support technician (including IT user helpdesk technician),ASSOCIATE PROFESSIONALS AND TECHNICIANS,3,5148,3,estimated_sg_submajor_weighted_2025,0.7545,0.5508,76,high,70,high,78,high,workflow_redesign,mixed,leading,partial,medium,unknown,low,Signal Agreement|Crosswalk Quality|Sensitivity|Market Data Granularity,crosses_band,70,92,Singapore SSOC 2020,2026-07-15
8.0,34342,Kitchen operations head/supervisor,ASSOCIATE PROFESSIONALS AND TECHNICIANS,3,3949,2.7,estimated_sg_submajor_weighted_2025,0.5376,0.7594,53,moderate,37,low,76,high,workflow_redesign,weak,unknown,unknown,medium,unknown,medium,Signal Agreement|Market Data Granularity,crosses_band,50,64,Singapore SSOC 2020,2026-07-15
8.0,31123,Land surveying technician,ASSOCIATE PROFESSIONALS AND TECHNICIANS,3,3400,1.9,estimated_sg_submajor_weighted_2025,0.4629,0.434,47,moderate,64,high,47,moderate,workflow_redesign,mixed,unknown,unknown,medium,unknown,medium,Crosswalk Quality|Market Data Granularity,stable,44,51,Singapore SSOC 2020,2026-07-15
8.0,31602,Landscape operations officer,ASSOCIATE PROFESSIONALS AND TECHNICIANS,3,3325,1.9,estimated_sg_submajor_weighted_2025,0.2309,0.8957,20,low,8,very_low,48,moderate,limited_direct_change,mixed,unknown,unknown,medium,unknown,medium,Signal Agreement|Crosswalk Quality|Market Data Granularity,crosses_band,7,30,Singapore SSOC 2020,2026-07-15
8.0,36201,Language instructor (extracurriculum),ASSOCIATE PROFESSIONALS AND TECHNICIANS,3,4329,7.7,estimated_sg_submajor_weighted_2025,0.9046,0.7041,98,very_high,65,high,100,very_high,workflow_redesign,mixed,unknown,unknown,medium,unknown,low,Source Coverage|Signal Agreement|Source Freshness|Crosswalk Quality,stable,94,98,Singapore SSOC 2020,2026-07-15
8.0,34110,Legal associate professional (e.g. paralegal),ASSOCIATE PROFESSIONALS AND TECHNICIANS,3,4557,2.9,estimated_sg_submajor_weighted_2025,0.7815,0.1364,81,very_high,93,very_high,29,low,hiring_or_substitution_pressure,mixed,leading,direct,medium,unknown,medium,Sensitivity|Market Data Granularity,crosses_band,76,90,Singapore SSOC 2020,2026-07-15
8.0,34331,Library officer,ASSOCIATE PROFESSIONALS AND TECHNICIANS,3,2936,2.3,estimated_sg_submajor_weighted_2025,0.5456,0.6328,54,moderate,50,moderate,67,high,workflow_redesign,mixed,unknown,unknown,medium,unknown,medium,Signal Agreement|Sensitivity|Market Data Granularity,crosses_band,48,71,Singapore SSOC 2020,2026-07-15
8.0,31132,Lift technician,ASSOCIATE PROFESSIONALS AND TECHNICIANS,3,4374,2.2,estimated_sg_submajor_weighted_2025,0.3491,0.5071,34,low,48,moderate,43,moderate,limited_direct_change,mixed,unknown,unknown,medium,unknown,medium,Crosswalk Quality|Sensitivity|Market Data Granularity,stable,28,37,Singapore SSOC 2020,2026-07-15
8.0,31595,Load control officer (aircraft),ASSOCIATE PROFESSIONALS AND TECHNICIANS,3,4229,2.1,estimated_sg_submajor_weighted_2025,0.3146,0.6212,28,low,35,low,46,moderate,limited_direct_change,weak,unknown,unknown,medium,unknown,low,Source Coverage|Signal Agreement|Source Freshness|Crosswalk Quality,stable,27,30,Singapore SSOC 2020,2026-07-15
8.0,33461,Logistics/Production planner,ASSOCIATE PROFESSIONALS AND TECHNICIANS,3,4282,8.8,estimated_sg_submajor_weighted_2025,0.7333,0.3414,74,high,83,very_high,56,moderate,workflow_redesign,mixed,unknown,unknown,medium,unknown,medium,Crosswalk Quality|Market Data Granularity,crosses_band,70,81,Singapore SSOC 2020,2026-07-15
8.0,31153,Machining/Tooling technician,ASSOCIATE PROFESSIONALS AND TECHNICIANS,3,3641,2,estimated_sg_submajor_weighted_2025,0.3919,0.5437,40,moderate,49,moderate,49,moderate,workflow_redesign,mixed,unknown,unknown,medium,unknown,medium,Policy cap: Signal Conflict|Signal Agreement|Sensitivity|Market Data Granularity,crosses_band,31,44,Singapore SSOC 2020,2026-07-15
8.0,33462,Maintenance planner,ASSOCIATE PROFESSIONALS AND TECHNICIANS,3,6540,10.8,estimated_sg_submajor_weighted_2025,0.7333,0.3414,74,high,83,very_high,56,moderate,workflow_redesign,mixed,unknown,unknown,medium,unknown,medium,Crosswalk Quality|Market Data Granularity,crosses_band,70,81,Singapore SSOC 2020,2026-07-15
8.0,33491,Management executive,ASSOCIATE PROFESSIONALS AND TECHNICIANS,3,3913,8.4,estimated_sg_submajor_weighted_2025,0.7775,0.4189,81,very_high,81,very_high,65,high,workflow_redesign,weak,leading,partial,medium,unknown,high,Market Data Granularity,crosses_band,78,83,Singapore SSOC 2020,2026-07-15
8.0,31171,Manufacturing engineering technician,ASSOCIATE PROFESSIONALS AND TECHNICIANS,3,3750,2,estimated_sg_submajor_weighted_2025,0.2795,0.2995,25,low,50,moderate,22,low,limited_direct_change,weak,unknown,unknown,medium,unknown,medium,Sensitivity|Market Data Granularity,stable,20,30,Singapore SSOC 2020,2026-07-15
8.0,31185,Marine draughtsman,ASSOCIATE PROFESSIONALS AND TECHNICIANS,3,4400,2.2,estimated_sg_submajor_weighted_2025,0.3769,0.6212,38,low,40,moderate,52,moderate,limited_direct_change,mixed,leading,direct,medium,unknown,low,Source Coverage|Crosswalk Quality|Sensitivity|Market Data Granularity,crosses_band,30,45,Singapore SSOC 2020,2026-07-15
8.0,31510,"Marine engineering officer (including third, fourth and fifth engineer)",ASSOCIATE PROFESSIONALS AND TECHNICIANS,3,4173,2.1,estimated_sg_submajor_weighted_2025,0.1792,0.9519,13,very_low,2,very_low,42,moderate,limited_direct_change,mixed,unknown,unknown,medium,unknown,medium,Market Data Granularity,stable,13,16,Singapore SSOC 2020,2026-07-15
8.0,31213,Marine surveyor (ship and nautical),ASSOCIATE PROFESSIONALS AND TECHNICIANS,3,5089,2.3,estimated_sg_submajor_weighted_2025,0.2889,0.2995,26,low,51,moderate,24,low,limited_direct_change,mixed,unknown,unknown,medium,unknown,medium,Market Data Granularity|Sensitivity,stable,22,32,Singapore SSOC 2020,2026-07-15
8.0,33223,Marketing and sales executive (food & beverage services),ASSOCIATE PROFESSIONALS AND TECHNICIANS,3,3500,7.9,estimated_sg_submajor_weighted_2025,0.8774,0.426,93,very_high,84,very_high,72,high,workflow_redesign,mixed,leading,partial,medium,unknown,medium,Market Data Granularity,stable,89,96,Singapore SSOC 2020,2026-07-15
8.0,34222,Martial arts instructor,ASSOCIATE PROFESSIONALS AND TECHNICIANS,3,4100,2.7,estimated_sg_submajor_weighted_2025,0.3421,0.9055,32,low,9,very_low,63,high,limited_direct_change,mixed,unknown,unknown,medium,unknown,medium,Signal Agreement|Market Data Granularity,crosses_band,26,40,Singapore SSOC 2020,2026-07-15
8.0,32551,Massage therapist,ASSOCIATE PROFESSIONALS AND TECHNICIANS,3,2690,1.1,estimated_sg_submajor_weighted_2025,0.141,0.6114,10,very_low,19,very_low,24,low,limited_direct_change,mixed,unknown,unknown,medium,unknown,low,Policy cap: Fallback Mapping|Crosswalk Quality|Sensitivity|Market Data Granularity,stable,9,12,Singapore SSOC 2020,2026-07-15
8.0,31181,Mechanical draughtsman,ASSOCIATE PROFESSIONALS AND TECHNICIANS,3,3800,2,estimated_sg_submajor_weighted_2025,0.3769,0.6212,38,low,40,moderate,52,moderate,limited_direct_change,mixed,unknown,unknown,medium,unknown,low,Source Coverage|Crosswalk Quality|Market Data Granularity,crosses_band,30,45,Singapore SSOC 2020,2026-07-15
8.0,31151,Mechanical engineering technician,ASSOCIATE PROFESSIONALS AND TECHNICIANS,3,3748,2,estimated_sg_submajor_weighted_2025,0.3919,0.5437,40,moderate,49,moderate,49,moderate,workflow_redesign,weak,unknown,unknown,medium,unknown,medium,Signal Agreement|Sensitivity|Market Data Granularity,crosses_band,31,44,Singapore SSOC 2020,2026-07-15
8.0,35211,Media and broadcasting operations technician,ASSOCIATE PROFESSIONALS AND TECHNICIANS,3,4153,2.7,estimated_sg_submajor_weighted_2025,0.4631,0.3324,48,moderate,67,high,39,low,hiring_or_substitution_pressure,weak,leading,direct,medium,unknown,medium,Policy cap: Signal Conflict|Signal Agreement|Sensitivity|Market Data Granularity,stable,41,50,Singapore SSOC 2020,2026-07-15
8.0,32120,Medical and pathology laboratory technician,ASSOCIATE PROFESSIONALS AND TECHNICIANS,3,4280,1.4,estimated_sg_submajor_weighted_2025,0.3407,0.287,31,low,61,high,28,low,limited_direct_change,mixed,unknown,unknown,medium,unknown,medium,Crosswalk Quality|Market Data Granularity,crosses_band,29,40,Singapore SSOC 2020,2026-07-15
8.0,32112,Medical X-ray technician,ASSOCIATE PROFESSIONALS AND TECHNICIANS,3,3540,1.2,estimated_sg_submajor_weighted_2025,0.2468,0.5749,22,low,32,low,38,low,limited_direct_change,mixed,unknown,unknown,medium,unknown,medium,Signal Agreement|Crosswalk Quality|Market Data Granularity,crosses_band,14,26,Singapore SSOC 2020,2026-07-15
8.0,33225,Merchandising/Category executive,ASSOCIATE PROFESSIONALS AND TECHNICIANS,3,3197,7.6,estimated_sg_submajor_weighted_2025,0.8774,0.426,93,very_high,84,very_high,72,high,workflow_redesign,weak,unknown,unknown,medium,unknown,high,Sensitivity|Market Data Granularity,stable,89,96,Singapore SSOC 2020,2026-07-15
8.0,36204,Music instructor (extracurriculum),ASSOCIATE PROFESSIONALS AND TECHNICIANS,3,3000,6.4,estimated_sg_submajor_weighted_2025,0.9046,0.7041,98,very_high,65,high,100,very_high,workflow_redesign,mixed,unknown,unknown,medium,unknown,low,Source Coverage|Signal Agreement|Source Freshness|Crosswalk Quality,stable,94,98,Singapore SSOC 2020,2026-07-15
8.0,39910,Non-ordained religious associate professional,ASSOCIATE PROFESSIONALS AND TECHNICIANS,3,3611,1.8,estimated_sg_submajor_weighted_2025,0.4528,0.5009,46,moderate,58,moderate,50,moderate,workflow_redesign,weak,unknown,unknown,medium,unknown,low,Source Coverage|Signal Agreement|Crosswalk Quality|Source Freshness,stable,46,48,Singapore SSOC 2020,2026-07-15
8.0,32572,Occupational health and safety inspector,ASSOCIATE PROFESSIONALS AND TECHNICIANS,3,5403,1.5,estimated_sg_submajor_weighted_2025,0.3549,0.2513,36,low,64,high,25,low,limited_direct_change,mixed,unknown,unknown,medium,unknown,medium,Signal Agreement|Market Data Granularity,stable,26,39,Singapore SSOC 2020,2026-07-15
8.0,33224,Online sales channel executive,ASSOCIATE PROFESSIONALS AND TECHNICIANS,3,3500,7.9,estimated_sg_submajor_weighted_2025,0.8774,0.426,93,very_high,84,very_high,72,high,workflow_redesign,weak,unknown,unknown,medium,unknown,medium,Market Data Granularity,stable,89,96,Singapore SSOC 2020,2026-07-15
8.0,33492,Operations officer (except transport operations),ASSOCIATE PROFESSIONALS AND TECHNICIANS,3,3970,8.4,estimated_sg_submajor_weighted_2025,0.7775,0.4189,81,very_high,81,very_high,65,high,workflow_redesign,weak,leading,partial,medium,unknown,medium,Market Data Granularity,crosses_band,78,83,Singapore SSOC 2020,2026-07-15
8.0,32540,Optician,ASSOCIATE PROFESSIONALS AND TECHNICIANS,3,4357,1.4,estimated_sg_submajor_weighted_2025,0.3438,0.6078,32,low,38,low,48,moderate,limited_direct_change,weak,unknown,unknown,medium,unknown,medium,Market Data Granularity,stable,26,38,Singapore SSOC 2020,2026-07-15
8.0,32591,Paramedic,ASSOCIATE PROFESSIONALS AND TECHNICIANS,3,2954,1.1,estimated_sg_submajor_weighted_2025,0.394,0.2513,41,moderate,66,high,28,low,workflow_redesign,mixed,unknown,unknown,medium,unknown,medium,Market Data Granularity,crosses_band,35,47,Singapore SSOC 2020,2026-07-15
8.0,34343,Pastry Chef,ASSOCIATE PROFESSIONALS AND TECHNICIANS,3,3034,2.3,estimated_sg_submajor_weighted_2025,0.5376,0.7594,53,moderate,37,low,76,high,workflow_redesign,weak,unknown,unknown,medium,unknown,medium,Signal Agreement|Market Data Granularity,crosses_band,50,64,Singapore SSOC 2020,2026-07-15
8.0,32130,Pharmacy technician,ASSOCIATE PROFESSIONALS AND TECHNICIANS,3,3240,1.2,estimated_sg_submajor_weighted_2025,0.3283,0.3155,30,low,58,moderate,29,low,limited_direct_change,mixed,unknown,unknown,medium,unknown,medium,Crosswalk Quality|Sensitivity|Market Data Granularity,stable,27,34,Singapore SSOC 2020,2026-07-15
8.0,34310,Photographer,ASSOCIATE PROFESSIONALS AND TECHNICIANS,3,5120,3.1,estimated_sg_submajor_weighted_2025,0.5357,0.5205,53,moderate,63,high,60,high,workflow_redesign,mixed,unknown,unknown,medium,unknown,medium,Signal Agreement|Market Data Granularity,crosses_band,47,62,Singapore SSOC 2020,2026-07-15
8.0,34223,Physical fitness instructor (including yoga instructor and aerobics instructor),ASSOCIATE PROFESSIONALS AND TECHNICIANS,3,2550,2.1,estimated_sg_submajor_weighted_2025,0.3421,0.9055,32,low,9,very_low,63,high,limited_direct_change,mixed,unknown,unknown,medium,unknown,medium,Signal Agreement|Market Data Granularity,crosses_band,26,40,Singapore SSOC 2020,2026-07-15
8.0,31574,Port/Shipping operations supervisor (including post-fixture and planner),ASSOCIATE PROFESSIONALS AND TECHNICIANS,3,3830,2,estimated_sg_submajor_weighted_2025,0.2739,0.8681,24,low,11,very_low,53,moderate,limited_direct_change,weak,unknown,unknown,medium,unknown,medium,Market Data Granularity,crosses_band,17,34,Singapore SSOC 2020,2026-07-15
8.0,31601,Premises and facilities maintenance officer,ASSOCIATE PROFESSIONALS AND TECHNICIANS,3,3875,2,estimated_sg_submajor_weighted_2025,0.2309,0.8957,20,low,8,very_low,48,moderate,limited_direct_change,weak,leading,partial,medium,unknown,medium,Signal Agreement|Crosswalk Quality|Market Data Granularity,crosses_band,7,30,Singapore SSOC 2020,2026-07-15
8.0,36100,Pre-primary education teacher,ASSOCIATE PROFESSIONALS AND TECHNICIANS,3,4000,7.4,estimated_sg_submajor_weighted_2025,0.2074,0.7041,16,very_low,22,low,39,low,limited_direct_change,mixed,unknown,unknown,medium,unknown,medium,Signal Agreement|Crosswalk Quality|Sensitivity|Market Data Granularity,crosses_band,6,23,Singapore SSOC 2020,2026-07-15
8.0,36910,Private tutor (academic),ASSOCIATE PROFESSIONALS AND TECHNICIANS,3,4250,7.6,estimated_sg_submajor_weighted_2025,0.9046,0.7041,98,very_high,65,high,100,very_high,workflow_redesign,mixed,unknown,unknown,medium,unknown,low,Source Coverage|Signal Agreement|Source Freshness|Crosswalk Quality,stable,94,98,Singapore SSOC 2020,2026-07-15
8.0,31173,Process engineering technician,ASSOCIATE PROFESSIONALS AND TECHNICIANS,3,4461,2.2,estimated_sg_submajor_weighted_2025,0.2795,0.2995,25,low,50,moderate,22,low,limited_direct_change,weak,unknown,unknown,medium,unknown,medium,Sensitivity|Market Data Granularity,stable,20,30,Singapore SSOC 2020,2026-07-15
8.0,31172,Production engineering technician,ASSOCIATE PROFESSIONALS AND TECHNICIANS,3,4380,2.2,estimated_sg_submajor_weighted_2025,0.2795,0.2995,25,low,50,moderate,22,low,limited_direct_change,mixed,leading,partial,medium,unknown,medium,Sensitivity|Market Data Granularity,stable,20,30,Singapore SSOC 2020,2026-07-15
8.0,33232,Purchasing agent,ASSOCIATE PROFESSIONALS AND TECHNICIANS,3,4248,8.7,estimated_sg_submajor_weighted_2025,0.6993,0.5107,71,high,70,high,68,high,workflow_redesign,weak,leading,partial,medium,unknown,medium,Policy cap: Signal Conflict|Signal Agreement|Sensitivity|Market Data Granularity,stable,60,76,Singapore SSOC 2020,2026-07-15
8.0,31175,Quality assurance technician,ASSOCIATE PROFESSIONALS AND TECHNICIANS,3,4292,2.1,estimated_sg_submajor_weighted_2025,0.2795,0.2995,25,low,50,moderate,22,low,limited_direct_change,mixed,leading,partial,medium,unknown,high,Sensitivity|Market Data Granularity,stable,20,30,Singapore SSOC 2020,2026-07-15
8.0,33340,Real estate agent,ASSOCIATE PROFESSIONALS AND TECHNICIANS,3,3800,8.3,estimated_sg_submajor_weighted_2025,0.6601,0.7861,66,high,39,low,92,very_high,workflow_redesign,mixed,leading,partial,medium,unknown,high,Signal Agreement|Crosswalk Quality|Market Data Granularity,crosses_band,58,74,Singapore SSOC 2020,2026-07-15
8.0,36991,Relief teacher,ASSOCIATE PROFESSIONALS AND TECHNICIANS,3,2765,6.2,estimated_sg_submajor_weighted_2025,0.9046,0.7041,98,very_high,65,high,100,very_high,workflow_redesign,mixed,unknown,unknown,medium,unknown,low,Source Coverage|Signal Agreement|Source Freshness|Crosswalk Quality,stable,94,98,Singapore SSOC 2020,2026-07-15
8.0,31124,Resident technical officer,ASSOCIATE PROFESSIONALS AND TECHNICIANS,3,3800,2,estimated_sg_submajor_weighted_2025,0.4629,0.434,47,moderate,64,high,47,moderate,workflow_redesign,weak,leading,partial,medium,unknown,medium,Crosswalk Quality|Market Data Granularity,stable,44,51,Singapore SSOC 2020,2026-07-15
8.0,31597,Road transport operations officer,ASSOCIATE PROFESSIONALS AND TECHNICIANS,3,4507,2.2,estimated_sg_submajor_weighted_2025,0.3146,0.6212,28,low,35,low,46,moderate,limited_direct_change,mixed,unknown,unknown,medium,unknown,low,Source Coverage|Signal Agreement|Source Freshness|Crosswalk Quality,stable,27,30,Singapore SSOC 2020,2026-07-15
8.0,31214,Rolling stock engineering technician,ASSOCIATE PROFESSIONALS AND TECHNICIANS,3,2970,1.8,estimated_sg_submajor_weighted_2025,0.2889,0.2995,26,low,51,moderate,24,low,limited_direct_change,mixed,unknown,unknown,medium,unknown,medium,Market Data Granularity|Sensitivity,stable,22,32,Singapore SSOC 2020,2026-07-15
8.0,33394,Safety and security consultant,ASSOCIATE PROFESSIONALS AND TECHNICIANS,3,8318,12.2,estimated_sg_submajor_weighted_2025,0.7773,0.5241,80,very_high,71,high,76,high,workflow_redesign,mixed,unknown,unknown,medium,unknown,medium,Market Data Granularity|Sensitivity,crosses_band,76,83,Singapore SSOC 2020,2026-07-15
8.0,31720,"Safety inspector (vehicles, processes and products)",ASSOCIATE PROFESSIONALS AND TECHNICIANS,3,3964,2.1,estimated_sg_submajor_weighted_2025,0.5305,0.2745,51,moderate,73,high,38,low,workflow_redesign,weak,unknown,unknown,medium,unknown,medium,Crosswalk Quality|Sensitivity|Market Data Granularity,stable,50,57,Singapore SSOC 2020,2026-07-15
8.0,31142,Semi-conductor technician,ASSOCIATE PROFESSIONALS AND TECHNICIANS,3,4462,2.2,estimated_sg_submajor_weighted_2025,0.3612,0.3538,37,low,60,high,36,low,limited_direct_change,mixed,unknown,unknown,medium,unknown,medium,Signal Agreement|Crosswalk Quality|Sensitivity|Market Data Granularity,crosses_band,27,44,Singapore SSOC 2020,2026-07-15
8.0,33312,Shipping agent/Boarding officer,ASSOCIATE PROFESSIONALS AND TECHNICIANS,3,4046,8.5,estimated_sg_submajor_weighted_2025,0.8975,0.0134,97,very_high,100,very_high,5,very_low,workflow_redesign,mixed,unknown,unknown,medium,unknown,high,Market Data Granularity,stable,92,98,Singapore SSOC 2020,2026-07-15
8.0,34122,Social work associate,ASSOCIATE PROFESSIONALS AND TECHNICIANS,3,3378,2.5,estimated_sg_submajor_weighted_2025,0.3493,0.8093,34,low,23,low,61,high,limited_direct_change,mixed,unknown,unknown,medium,unknown,medium,Signal Agreement|Crosswalk Quality|Sensitivity|Market Data Granularity,crosses_band,29,42,Singapore SSOC 2020,2026-07-15
8.0,32111,Sonographer,ASSOCIATE PROFESSIONALS AND TECHNICIANS,3,5200,1.5,estimated_sg_submajor_weighted_2025,0.2468,0.5749,22,low,32,low,38,low,limited_direct_change,mixed,unknown,unknown,medium,unknown,medium,Signal Agreement|Crosswalk Quality|Market Data Granularity,crosses_band,14,26,Singapore SSOC 2020,2026-07-15
8.0,34221,Sports coach,ASSOCIATE PROFESSIONALS AND TECHNICIANS,3,4896,3,estimated_sg_submajor_weighted_2025,0.3421,0.9055,32,low,9,very_low,63,high,limited_direct_change,mixed,unknown,unknown,medium,unknown,medium,Signal Agreement|Market Data Granularity,crosses_band,26,40,Singapore SSOC 2020,2026-07-15
8.0,33133,Tax associate professional,ASSOCIATE PROFESSIONALS AND TECHNICIANS,3,4300,8.8,estimated_sg_submajor_weighted_2025,0.8917,0.2807,95,very_high,91,very_high,55,moderate,workflow_redesign,weak,leading,partial,medium,unknown,high,Sensitivity|Market Data Granularity,stable,88,99,Singapore SSOC 2020,2026-07-15
8.0,35220,Telecommunications technician,ASSOCIATE PROFESSIONALS AND TECHNICIANS,3,3421,2.4,estimated_sg_submajor_weighted_2025,0.3828,0.6515,39,low,37,low,55,moderate,limited_direct_change,weak,leading,direct,medium,unknown,medium,Policy cap: Signal Conflict|Signal Agreement|Sensitivity|Market Data Granularity,crosses_band,21,48,Singapore SSOC 2020,2026-07-15
8.0,31596,Train operations officer,ASSOCIATE PROFESSIONALS AND TECHNICIANS,3,3385,1.9,estimated_sg_submajor_weighted_2025,0.3146,0.6212,28,low,35,low,46,moderate,limited_direct_change,mixed,unknown,unknown,medium,unknown,low,Source Coverage|Signal Agreement|Source Freshness|Crosswalk Quality,stable,27,30,Singapore SSOC 2020,2026-07-15
8.0,31572,Train service supervisor,ASSOCIATE PROFESSIONALS AND TECHNICIANS,3,3272,1.9,estimated_sg_submajor_weighted_2025,0.2739,0.8681,24,low,11,very_low,53,moderate,limited_direct_change,mixed,unknown,unknown,medium,unknown,medium,Market Data Granularity|Sensitivity,crosses_band,17,34,Singapore SSOC 2020,2026-07-15
8.0,32400,Veterinary technician/assistant,ASSOCIATE PROFESSIONALS AND TECHNICIANS,3,3531,1.2,estimated_sg_submajor_weighted_2025,0.3145,0.2513,28,low,60,high,22,low,limited_direct_change,weak,leading,direct,medium,unknown,medium,Signal Agreement|Market Data Granularity,stable,22,39,Singapore SSOC 2020,2026-07-15
8.0,35212,Video camera operator,ASSOCIATE PROFESSIONALS AND TECHNICIANS,3,5434,2.9,estimated_sg_submajor_weighted_2025,0.4631,0.3324,48,moderate,67,high,39,low,hiring_or_substitution_pressure,mixed,leading,direct,medium,unknown,medium,Signal Agreement|Sensitivity|Market Data Granularity,stable,41,50,Singapore SSOC 2020,2026-07-15
8.0,34323,Visual merchandiser,ASSOCIATE PROFESSIONALS AND TECHNICIANS,3,4736,2.9,estimated_sg_submajor_weighted_2025,0.4838,0.3324,49,moderate,69,high,41,moderate,workflow_redesign,mixed,unknown,unknown,medium,unknown,medium,Policy cap: Signal Conflict|Signal Agreement|Sensitivity|Market Data Granularity,stable,43,55,Singapore SSOC 2020,2026-07-15
8.0,34123,Volunteer executive,ASSOCIATE PROFESSIONALS AND TECHNICIANS,3,3565,2.5,estimated_sg_submajor_weighted_2025,0.3493,0.8093,34,low,23,low,61,high,limited_direct_change,mixed,unknown,unknown,medium,unknown,medium,Signal Agreement|Crosswalk Quality|Sensitivity|Market Data Granularity,crosses_band,29,42,Singapore SSOC 2020,2026-07-15
8.0,35140,Website administrator/Webmaster,ASSOCIATE PROFESSIONALS AND TECHNICIANS,3,4500,2.8,estimated_sg_submajor_weighted_2025,0.7975,0.1426,83,very_high,93,very_high,31,low,hiring_or_substitution_pressure,mixed,leading,direct,medium,unknown,low,Signal Agreement|Crosswalk Quality|Sensitivity|Market Data Granularity,crosses_band,77,99,Singapore SSOC 2020,2026-07-15
8.0,34121,Youth work associate,ASSOCIATE PROFESSIONALS AND TECHNICIANS,3,2500,2.1,estimated_sg_submajor_weighted_2025,0.3493,0.8093,34,low,23,low,61,high,limited_direct_change,mixed,unknown,unknown,medium,unknown,medium,Signal Agreement|Crosswalk Quality|Sensitivity|Market Data Granularity,crosses_band,29,42,Singapore SSOC 2020,2026-07-15
8.0,43233,Air transport clerk,CLERICAL SUPPORT WORKERS,4,3160,2.3,estimated_sg_submajor_weighted_2025,0.5482,0.1747,55,moderate,81,very_high,26,low,workflow_redesign,weak,unknown,unknown,high,unknown,medium,Crosswalk Quality|Signal Agreement|Market Data Granularity,stable,45,59,Singapore SSOC 2020,2026-07-15
8.0,43113,Audit clerk,CLERICAL SUPPORT WORKERS,4,3875,2.5,estimated_sg_submajor_weighted_2025,0.8686,0.0775,91,very_high,97,very_high,19,very_low,workflow_redesign,mixed,leading,partial,high,unknown,medium,Market Data Granularity,stable,81,98,Singapore SSOC 2020,2026-07-15
8.0,43121,Bank operations clerk,CLERICAL SUPPORT WORKERS,4,5150,2.9,estimated_sg_submajor_weighted_2025,0.8756,0.0303,92,very_high,99,very_high,10,very_low,workflow_redesign,mixed,leading,partial,high,unknown,medium,Policy cap: Signal Conflict|Signal Agreement|Market Data Granularity,stable,88,99,Singapore SSOC 2020,2026-07-15
8.0,42111,Bank teller,CLERICAL SUPPORT WORKERS,4,3965,3.8,estimated_sg_submajor_weighted_2025,0.6686,0.1889,67,high,87,very_high,36,low,workflow_redesign,mixed,leading,partial,high,unknown,medium,Policy cap: Signal Conflict|Signal Agreement|Sensitivity|Market Data Granularity,crosses_band,53,81,Singapore SSOC 2020,2026-07-15
8.0,42141,Bill collector,CLERICAL SUPPORT WORKERS,4,4087,3.8,estimated_sg_submajor_weighted_2025,0.7658,0.0775,77,high,93,very_high,17,very_low,workflow_redesign,mixed,leading,partial,high,unknown,high,Sensitivity|Market Data Granularity,crosses_band,74,81,Singapore SSOC 2020,2026-07-15
8.0,43115,Billing clerk,CLERICAL SUPPORT WORKERS,4,3100,2.2,estimated_sg_submajor_weighted_2025,0.8686,0.0775,91,very_high,97,very_high,19,very_low,workflow_redesign,mixed,leading,partial,high,unknown,high,Market Data Granularity,stable,81,98,Singapore SSOC 2020,2026-07-15
8.0,43111,Bookkeeper,CLERICAL SUPPORT WORKERS,4,3200,2.3,estimated_sg_submajor_weighted_2025,0.8686,0.0775,91,very_high,97,very_high,19,very_low,workflow_redesign,mixed,leading,partial,high,unknown,medium,Market Data Granularity,stable,81,98,Singapore SSOC 2020,2026-07-15
8.0,42246,Contact centre information clerk,CLERICAL SUPPORT WORKERS,4,3150,3.4,estimated_sg_submajor_weighted_2025,0.7008,0.1658,72,high,88,very_high,33,low,workflow_redesign,mixed,leading,partial,high,unknown,medium,Crosswalk Quality|Signal Agreement|Sensitivity|Market Data Granularity,stable,65,76,Singapore SSOC 2020,2026-07-15
8.0,42245,Customer service officer/clerk,CLERICAL SUPPORT WORKERS,4,3190,3.4,estimated_sg_submajor_weighted_2025,0.7008,0.1658,72,high,88,very_high,33,low,workflow_redesign,mixed,leading,partial,high,unknown,medium,Crosswalk Quality|Signal Agreement|Sensitivity|Market Data Granularity,stable,65,76,Singapore SSOC 2020,2026-07-15
8.0,41320,Data entry clerk,CLERICAL SUPPORT WORKERS,4,2000,16.4,estimated_sg_submajor_weighted_2025,0.8718,0.0187,92,very_high,99,very_high,8,very_low,workflow_redesign,weak,leading,partial,high,unknown,medium,Policy cap: Signal Conflict|Signal Agreement|Crosswalk Quality|Market Data Granularity,stable,86,100,Singapore SSOC 2020,2026-07-15
8.0,43151,Data processing control clerk,CLERICAL SUPPORT WORKERS,4,3480,2.4,estimated_sg_submajor_weighted_2025,0.8265,0.0187,86,very_high,98,very_high,7,very_low,workflow_redesign,mixed,leading,partial,high,unknown,medium,Signal Agreement|Crosswalk Quality|Market Data Granularity,crosses_band,78,100,Singapore SSOC 2020,2026-07-15
8.0,43142,Enumerator/Market research interviewer,CLERICAL SUPPORT WORKERS,4,2701,2.1,estimated_sg_submajor_weighted_2025,0.951,0.2166,100,very_high,95,very_high,47,moderate,workflow_redesign,mixed,leading,partial,high,unknown,high,Market Data Granularity,stable,98,100,Singapore SSOC 2020,2026-07-15
8.0,42247,Hotel executive (including hotel reservation and front desk executive),CLERICAL SUPPORT WORKERS,4,3164,3.4,estimated_sg_submajor_weighted_2025,0.7008,0.1658,72,high,88,very_high,33,low,workflow_redesign,mixed,unknown,unknown,high,unknown,medium,Crosswalk Quality|Signal Agreement|Sensitivity|Market Data Granularity,stable,65,76,Singapore SSOC 2020,2026-07-15
8.0,42242,Hotel receptionist (including hotel reservation and front desk clerk),CLERICAL SUPPORT WORKERS,4,2687,3.1,estimated_sg_submajor_weighted_2025,0.7008,0.1658,72,high,88,very_high,33,low,workflow_redesign,weak,leading,partial,high,unknown,medium,Crosswalk Quality|Signal Agreement|Sensitivity|Market Data Granularity,stable,65,76,Singapore SSOC 2020,2026-07-15
8.0,43122,Insurance/Underwriting clerk,CLERICAL SUPPORT WORKERS,4,5045,2.9,estimated_sg_submajor_weighted_2025,0.8756,0.0303,92,very_high,99,very_high,10,very_low,hiring_or_substitution_pressure,mixed,leading,direct,high,unknown,medium,Policy cap: Signal Conflict|Signal Agreement|Market Data Granularity,stable,88,99,Singapore SSOC 2020,2026-07-15
8.0,43232,Land transport clerk,CLERICAL SUPPORT WORKERS,4,2909,2.2,estimated_sg_submajor_weighted_2025,0.5482,0.1747,55,moderate,81,very_high,26,low,workflow_redesign,mixed,unknown,unknown,high,unknown,medium,Crosswalk Quality|Signal Agreement|Market Data Granularity,stable,45,59,Singapore SSOC 2020,2026-07-15
8.0,43112,Ledger and accounts clerk,CLERICAL SUPPORT WORKERS,4,3340,2.3,estimated_sg_submajor_weighted_2025,0.8686,0.0775,91,very_high,97,very_high,19,very_low,workflow_redesign,mixed,leading,partial,high,unknown,medium,Market Data Granularity,stable,81,98,Singapore SSOC 2020,2026-07-15
8.0,44170,Legal clerk,CLERICAL SUPPORT WORKERS,4,4250,1.6,estimated_sg_submajor_weighted_2025,0.7357,0.1408,74,high,90,very_high,29,low,workflow_redesign,mixed,leading,partial,high,unknown,medium,Crosswalk Quality|Sensitivity|Market Data Granularity,crosses_band,68,83,Singapore SSOC 2020,2026-07-15
8.0,44110,Library clerk,CLERICAL SUPPORT WORKERS,4,2426,1.2,estimated_sg_submajor_weighted_2025,0.6258,0.139,61,high,87,very_high,24,low,workflow_redesign,weak,unknown,unknown,high,unknown,medium,Policy cap: Signal Conflict|Signal Agreement|Sensitivity|Market Data Granularity,crosses_band,53,70,Singapore SSOC 2020,2026-07-15
8.0,43221,Material planning clerk,CLERICAL SUPPORT WORKERS,4,5907,3.1,estimated_sg_submajor_weighted_2025,0.5172,0.2077,51,moderate,77,high,30,low,workflow_redesign,mixed,leading,partial,high,unknown,medium,Crosswalk Quality|Signal Agreement|Sensitivity|Market Data Granularity,stable,40,59,Singapore SSOC 2020,2026-07-15
8.0,42243,Medical/Dental receptionist,CLERICAL SUPPORT WORKERS,4,2810,3.2,estimated_sg_submajor_weighted_2025,0.7008,0.1658,72,high,88,very_high,33,low,workflow_redesign,weak,leading,partial,high,unknown,medium,Crosswalk Quality|Signal Agreement|Sensitivity|Market Data Granularity,stable,65,76,Singapore SSOC 2020,2026-07-15
8.0,42113,Money changer,CLERICAL SUPPORT WORKERS,4,3750,3.7,estimated_sg_submajor_weighted_2025,0.6686,0.1889,67,high,87,very_high,36,low,hiring_or_substitution_pressure,mixed,leading,direct,high,unknown,medium,Policy cap: Signal Conflict|Signal Agreement|Market Data Granularity,crosses_band,53,81,Singapore SSOC 2020,2026-07-15
8.0,41101,Office clerk (including filing and copying),CLERICAL SUPPORT WORKERS,4,1822,15.6,estimated_sg_submajor_weighted_2025,0.7727,0.0365,78,high,95,very_high,11,very_low,workflow_redesign,mixed,leading,partial,high,unknown,medium,Policy cap: Signal Conflict|Signal Agreement|Market Data Granularity,crosses_band,71,93,Singapore SSOC 2020,2026-07-15
8.0,40000,Office supervisor,CLERICAL SUPPORT WORKERS,4,3743,3.4,estimated_sg_submajor_weighted_2025,0.7448,0.3137,75,high,86,very_high,52,moderate,workflow_redesign,mixed,leading,partial,high,unknown,medium,Market Data Granularity,stable,75,77,Singapore SSOC 2020,2026-07-15
8.0,42244,Passenger services agent,CLERICAL SUPPORT WORKERS,4,2570,3.1,estimated_sg_submajor_weighted_2025,0.7008,0.1658,72,high,88,very_high,33,low,workflow_redesign,mixed,unknown,unknown,high,unknown,medium,Crosswalk Quality|Signal Agreement|Sensitivity|Market Data Granularity,stable,65,76,Singapore SSOC 2020,2026-07-15
8.0,42131,Pawnbroker,CLERICAL SUPPORT WORKERS,4,5192,4.4,estimated_sg_submajor_weighted_2025,0.7958,0.0775,83,very_high,95,very_high,18,very_low,workflow_redesign,mixed,unknown,unknown,high,unknown,medium,Market Data Granularity,stable,80,84,Singapore SSOC 2020,2026-07-15
8.0,43114,Payroll/Wages clerk,CLERICAL SUPPORT WORKERS,4,4256,2.6,estimated_sg_submajor_weighted_2025,0.8686,0.0775,91,very_high,97,very_high,19,very_low,workflow_redesign,mixed,leading,partial,high,unknown,medium,Market Data Granularity,stable,81,98,Singapore SSOC 2020,2026-07-15
8.0,41102,Personnel/Human resource clerk,CLERICAL SUPPORT WORKERS,4,2950,19.9,estimated_sg_submajor_weighted_2025,0.7727,0.0365,78,high,95,very_high,11,very_low,workflow_redesign,mixed,leading,partial,high,unknown,medium,Policy cap: Signal Conflict|Signal Agreement|Market Data Granularity,crosses_band,71,93,Singapore SSOC 2020,2026-07-15
8.0,42112,Postal service counter clerk,CLERICAL SUPPORT WORKERS,4,2392,2.9,estimated_sg_submajor_weighted_2025,0.6686,0.1889,67,high,87,very_high,36,low,workflow_redesign,weak,unknown,unknown,high,unknown,medium,Policy cap: Signal Conflict|Signal Agreement|Sensitivity|Market Data Granularity,crosses_band,53,81,Singapore SSOC 2020,2026-07-15
8.0,44122,Postman,CLERICAL SUPPORT WORKERS,4,2706,1.3,estimated_sg_submajor_weighted_2025,0.6964,0.0339,71,high,93,very_high,9,very_low,workflow_redesign,weak,unknown,unknown,high,unknown,medium,Policy cap: Signal Conflict|Signal Agreement|Sensitivity|Market Data Granularity,stable,60,78,Singapore SSOC 2020,2026-07-15
8.0,43116,Procurement/Purchasing clerk,CLERICAL SUPPORT WORKERS,4,2850,2.2,estimated_sg_submajor_weighted_2025,0.8686,0.0775,91,very_high,97,very_high,19,very_low,workflow_redesign,mixed,leading,partial,high,unknown,high,Market Data Granularity,stable,81,98,Singapore SSOC 2020,2026-07-15
8.0,43222,Production planning clerk,CLERICAL SUPPORT WORKERS,4,3538,2.4,estimated_sg_submajor_weighted_2025,0.5172,0.2077,51,moderate,77,high,30,low,workflow_redesign,mixed,leading,partial,high,unknown,medium,Crosswalk Quality|Signal Agreement|Sensitivity|Market Data Granularity,stable,40,59,Singapore SSOC 2020,2026-07-15
8.0,44191,Proofreading clerk,CLERICAL SUPPORT WORKERS,4,5000,1.7,estimated_sg_submajor_weighted_2025,0.7463,0.0446,76,high,94,very_high,11,very_low,workflow_redesign,mixed,unknown,unknown,high,unknown,low,Signal Agreement|Source Coverage|Crosswalk Quality|Market Data Granularity,crosses_band,49,99,Singapore SSOC 2020,2026-07-15
8.0,42241,Receptionist (general),CLERICAL SUPPORT WORKERS,4,2724,3.1,estimated_sg_submajor_weighted_2025,0.7008,0.1658,72,high,88,very_high,33,low,workflow_redesign,mixed,leading,partial,high,unknown,medium,Crosswalk Quality|Signal Agreement|Sensitivity|Market Data Granularity,stable,65,76,Singapore SSOC 2020,2026-07-15
8.0,41201,Secretary,CLERICAL SUPPORT WORKERS,4,5035,25.9,estimated_sg_submajor_weighted_2025,0.8665,0.0214,90,very_high,99,very_high,9,very_low,workflow_redesign,mixed,leading,partial,high,unknown,medium,Market Data Granularity,stable,85,96,Singapore SSOC 2020,2026-07-15
8.0,43123,Securities clerk,CLERICAL SUPPORT WORKERS,4,5972,3,estimated_sg_submajor_weighted_2025,0.8756,0.0303,92,very_high,99,very_high,10,very_low,hiring_or_substitution_pressure,mixed,leading,direct,high,unknown,medium,Policy cap: Signal Conflict|Signal Agreement|Market Data Granularity,stable,88,99,Singapore SSOC 2020,2026-07-15
8.0,43231,Shipping clerk,CLERICAL SUPPORT WORKERS,4,3320,2.3,estimated_sg_submajor_weighted_2025,0.5482,0.1747,55,moderate,81,very_high,26,low,workflow_redesign,mixed,leading,partial,high,unknown,medium,Crosswalk Quality|Signal Agreement|Market Data Granularity,stable,45,59,Singapore SSOC 2020,2026-07-15
8.0,43141,Statistical clerk,CLERICAL SUPPORT WORKERS,4,4401,2.7,estimated_sg_submajor_weighted_2025,0.951,0.2166,100,very_high,95,very_high,47,moderate,workflow_redesign,mixed,unknown,unknown,high,unknown,high,Market Data Granularity,stable,98,100,Singapore SSOC 2020,2026-07-15
8.0,43211,Stock records clerk,CLERICAL SUPPORT WORKERS,4,2716,2.1,estimated_sg_submajor_weighted_2025,0.266,0.1791,23,low,56,moderate,15,very_low,limited_direct_change,mixed,leading,partial,high,unknown,medium,Signal Agreement|Sensitivity|Market Data Granularity,crosses_band,10,30,Singapore SSOC 2020,2026-07-15
8.0,43212,Storekeeper,CLERICAL SUPPORT WORKERS,4,2500,2,estimated_sg_submajor_weighted_2025,0.266,0.1791,23,low,56,moderate,15,very_low,limited_direct_change,weak,leading,partial,high,unknown,medium,Signal Agreement|Sensitivity|Market Data Granularity,crosses_band,10,30,Singapore SSOC 2020,2026-07-15
8.0,42230,Telephone operator,CLERICAL SUPPORT WORKERS,4,2523,3,estimated_sg_submajor_weighted_2025,0.6968,0.1212,71,high,89,very_high,23,low,workflow_redesign,mixed,unknown,unknown,high,unknown,medium,Crosswalk Quality|Signal Agreement|Sensitivity|Market Data Granularity,stable,63,77,Singapore SSOC 2020,2026-07-15
8.0,42210,Travel consultant/Reservation executive,CLERICAL SUPPORT WORKERS,4,3810,3.7,estimated_sg_submajor_weighted_2025,0.5623,0.3226,57,moderate,72,high,44,moderate,workflow_redesign,mixed,leading,partial,high,unknown,medium,Crosswalk Quality|Signal Agreement|Sensitivity|Market Data Granularity,crosses_band,42,66,Singapore SSOC 2020,2026-07-15
8.0,41310,Typist and word processing operator,CLERICAL SUPPORT WORKERS,4,2803,19.4,estimated_sg_submajor_weighted_2025,0.99,0.148,100,very_high,98,very_high,39,low,workflow_redesign,mixed,unknown,unknown,high,unknown,high,Market Data Granularity,stable,100,100,Singapore SSOC 2020,2026-07-15
8.0,51132,Attractions guide,SERVICE AND SALES WORKERS,5,2000,2.6,estimated_sg_submajor_weighted_2025,0.4277,0.6729,43,moderate,39,low,61,high,workflow_redesign,mixed,unknown,unknown,high,unknown,medium,Market Data Granularity|Crosswalk Quality,crosses_band,38,46,Singapore SSOC 2020,2026-07-15
8.0,54123,Auxiliary police officer,SERVICE AND SALES WORKERS,5,3396,6.5,estimated_sg_submajor_weighted_2025,0.1199,0.6346,8,very_low,16,very_low,20,low,limited_direct_change,mixed,unknown,unknown,high,unknown,medium,Crosswalk Quality|Sensitivity|Market Data Granularity,stable,7,11,Singapore SSOC 2020,2026-07-15
8.0,51322,Barista,SERVICE AND SALES WORKERS,5,2064,2.6,estimated_sg_submajor_weighted_2025,0.1584,0.2995,10,very_low,34,low,15,very_low,limited_direct_change,mixed,leading,partial,high,unknown,medium,Sensitivity|Market Data Granularity,stable,8,14,Singapore SSOC 2020,2026-07-15
8.0,51321,Bartender/Mixologist,SERVICE AND SALES WORKERS,5,2976,3.1,estimated_sg_submajor_weighted_2025,0.1584,0.2995,10,very_low,34,low,15,very_low,limited_direct_change,mixed,unknown,unknown,high,unknown,medium,Sensitivity|Market Data Granularity,stable,8,14,Singapore SSOC 2020,2026-07-15
8.0,51421,Beautician,SERVICE AND SALES WORKERS,5,3500,3.4,estimated_sg_submajor_weighted_2025,0.1495,0.7353,10,very_low,15,very_low,31,low,limited_direct_change,mixed,unknown,unknown,high,unknown,medium,Market Data Granularity|Crosswalk Quality,stable,9,13,Singapore SSOC 2020,2026-07-15
8.0,51702,Bookmaker/Croupier/Casino dealer and related gaming worker,SERVICE AND SALES WORKERS,5,2991,3.1,estimated_sg_submajor_weighted_2025,0.3078,0.041,27,low,66,high,5,very_low,limited_direct_change,mixed,unknown,unknown,high,unknown,medium,Signal Agreement|Market Data Granularity,crosses_band,18,38,Singapore SSOC 2020,2026-07-15
8.0,51112,Cabin attendant/steward,SERVICE AND SALES WORKERS,5,3730,3.5,estimated_sg_submajor_weighted_2025,0.3703,0.3226,37,low,62,high,35,low,limited_direct_change,mixed,unknown,unknown,high,unknown,medium,Crosswalk Quality|Signal Agreement|Sensitivity|Market Data Granularity,crosses_band,23,42,Singapore SSOC 2020,2026-07-15
8.0,52301,Cage/Count supervisor,SERVICE AND SALES WORKERS,5,4484,15.1,estimated_sg_submajor_weighted_2025,0.4226,0.0989,42,moderate,72,high,14,very_low,workflow_redesign,mixed,unknown,unknown,high,unknown,medium,Policy cap: Signal Conflict|Signal Agreement|Market Data Granularity|Sensitivity,crosses_band,35,50,Singapore SSOC 2020,2026-07-15
8.0,51311,Captain waiter/Waiter supervisor,SERVICE AND SALES WORKERS,5,2837,3,estimated_sg_submajor_weighted_2025,0.1981,0.0526,15,very_low,49,moderate,4,very_low,limited_direct_change,mixed,leading,partial,high,unknown,medium,Sensitivity,crosses_band,12,20,Singapore SSOC 2020,2026-07-15
8.0,52302,Cashier (general),SERVICE AND SALES WORKERS,5,2151,10.5,estimated_sg_submajor_weighted_2025,0.4226,0.0989,42,moderate,72,high,14,very_low,workflow_redesign,mixed,leading,partial,high,unknown,medium,Policy cap: Signal Conflict|Signal Agreement|Sensitivity|Market Data Granularity,crosses_band,35,50,Singapore SSOC 2020,2026-07-15
8.0,51111,Chief steward,SERVICE AND SALES WORKERS,5,6890,4.6,estimated_sg_submajor_weighted_2025,0.3703,0.3226,37,low,62,high,35,low,limited_direct_change,mixed,unknown,unknown,high,unknown,medium,Crosswalk Quality|Signal Agreement|Sensitivity|Market Data Granularity,crosses_band,23,42,Singapore SSOC 2020,2026-07-15
8.0,53113,Child/After school care centre worker,SERVICE AND SALES WORKERS,5,2648,2.8,estimated_sg_submajor_weighted_2025,0.2016,0.4661,15,very_low,33,low,26,low,limited_direct_change,strong,unknown,unknown,high,unknown,medium,Market Data Granularity|Sensitivity,crosses_band,13,20,Singapore SSOC 2020,2026-07-15
8.0,51201,Cook (e.g. commis cook 2/3),SERVICE AND SALES WORKERS,5,2028,2.6,estimated_sg_submajor_weighted_2025,0.2626,0.1542,23,low,57,moderate,13,very_low,limited_direct_change,mixed,leading,partial,high,unknown,medium,Signal Agreement|Crosswalk Quality|Sensitivity|Market Data Granularity,crosses_band,18,31,Singapore SSOC 2020,2026-07-15
8.0,53203,Dental aide/assistant,SERVICE AND SALES WORKERS,5,2700,2.8,estimated_sg_submajor_weighted_2025,0.3411,0.4973,31,low,47,moderate,41,moderate,limited_direct_change,mixed,unknown,unknown,high,unknown,medium,Crosswalk Quality|Sensitivity|Market Data Granularity,stable,28,36,Singapore SSOC 2020,2026-07-15
8.0,51950,Driving instructor/tester,SERVICE AND SALES WORKERS,5,3342,3.3,estimated_sg_submajor_weighted_2025,0.0552,0.7522,0,very_low,5,very_low,14,very_low,limited_direct_change,mixed,unknown,unknown,high,unknown,high,Market Data Granularity,stable,0,3,Singapore SSOC 2020,2026-07-15
8.0,53115,Educarer,SERVICE AND SALES WORKERS,5,3391,3.2,estimated_sg_submajor_weighted_2025,0.2016,0.4661,15,very_low,33,low,26,low,limited_direct_change,mixed,leading,partial,high,unknown,medium,Market Data Granularity,crosses_band,13,20,Singapore SSOC 2020,2026-07-15
8.0,52492,Food service counter attendant,SERVICE AND SALES WORKERS,5,1939,9.9,estimated_sg_submajor_weighted_2025,0.4554,0.1132,46,moderate,76,high,16,very_low,workflow_redesign,mixed,unknown,unknown,high,unknown,low,Source Coverage|Signal Agreement|Source Freshness|Crosswalk Quality,stable,46,48,Singapore SSOC 2020,2026-07-15
8.0,51411,Hair stylist/Hairdresser,SERVICE AND SALES WORKERS,5,3756,3.5,estimated_sg_submajor_weighted_2025,0.1813,0.4545,13,very_low,30,low,22,low,limited_direct_change,mixed,unknown,unknown,high,unknown,medium,Sensitivity|Market Data Granularity,stable,11,18,Singapore SSOC 2020,2026-07-15
8.0,53201,Healthcare assistant (e.g. therapy aide/assistant),SERVICE AND SALES WORKERS,5,2432,2.7,estimated_sg_submajor_weighted_2025,0.3411,0.4973,31,low,47,moderate,41,moderate,limited_direct_change,mixed,unknown,unknown,high,unknown,medium,Crosswalk Quality|Sensitivity|Market Data Granularity,stable,28,36,Singapore SSOC 2020,2026-07-15
8.0,51502,House steward,SERVICE AND SALES WORKERS,5,5287,4.2,estimated_sg_submajor_weighted_2025,0.3515,0.7816,35,low,25,low,58,moderate,limited_direct_change,mixed,unknown,unknown,high,unknown,medium,Signal Agreement|Sensitivity|Market Data Granularity,crosses_band,21,44,Singapore SSOC 2020,2026-07-15
8.0,51501,Housekeeper (hotels and other establishments),SERVICE AND SALES WORKERS,5,3233,3.3,estimated_sg_submajor_weighted_2025,0.3515,0.7816,35,low,25,low,58,moderate,limited_direct_change,mixed,leading,partial,high,unknown,medium,Signal Agreement|Sensitivity|Market Data Granularity,crosses_band,21,44,Singapore SSOC 2020,2026-07-15
8.0,51503,Housekeeping matron,SERVICE AND SALES WORKERS,5,3491,3.4,estimated_sg_submajor_weighted_2025,0.3515,0.7816,35,low,25,low,58,moderate,limited_direct_change,strong,unknown,unknown,high,unknown,medium,Signal Agreement|Sensitivity|Market Data Granularity,crosses_band,21,44,Singapore SSOC 2020,2026-07-15
8.0,54193,Insurance investigator,SERVICE AND SALES WORKERS,5,6125,8.7,estimated_sg_submajor_weighted_2025,0.3718,0.328,37,low,62,high,35,low,limited_direct_change,mixed,leading,direct,high,unknown,medium,Signal Agreement|Sensitivity|Market Data Granularity,crosses_band,29,46,Singapore SSOC 2020,2026-07-15
8.0,51942,"Keeper/Trainer in zoological, bird and aquatic parks",SERVICE AND SALES WORKERS,5,2803,3,estimated_sg_submajor_weighted_2025,0.1845,0.5829,14,very_low,26,low,30,low,limited_direct_change,mixed,unknown,unknown,high,unknown,medium,Market Data Granularity|Sensitivity,stable,9,18,Singapore SSOC 2020,2026-07-15
8.0,54150,Lifeguard,SERVICE AND SALES WORKERS,5,2790,5.9,estimated_sg_submajor_weighted_2025,0.1717,0.6631,12,very_low,21,low,32,low,limited_direct_change,mixed,unknown,unknown,high,unknown,medium,Policy cap: Insufficient Source Count|Source Coverage|Market Data Granularity|Sensitivity,stable,11,18,Singapore SSOC 2020,2026-07-15
8.0,51422,Manicurist,SERVICE AND SALES WORKERS,5,2100,2.6,estimated_sg_submajor_weighted_2025,0.1495,0.7353,10,very_low,15,very_low,31,low,limited_direct_change,mixed,unknown,unknown,high,unknown,medium,Market Data Granularity|Crosswalk Quality,stable,9,13,Singapore SSOC 2020,2026-07-15
8.0,51491,Masseur (non-medical) (including foot reflexologist),SERVICE AND SALES WORKERS,5,1600,2.3,estimated_sg_submajor_weighted_2025,0.1306,0.3699,9,very_low,26,low,15,very_low,limited_direct_change,mixed,unknown,unknown,high,unknown,medium,Crosswalk Quality|Sensitivity|Market Data Granularity,stable,9,11,Singapore SSOC 2020,2026-07-15
8.0,53202,Nursing aide/assistant,SERVICE AND SALES WORKERS,5,3000,3,estimated_sg_submajor_weighted_2025,0.3411,0.4973,31,low,47,moderate,41,moderate,limited_direct_change,mixed,unknown,unknown,high,unknown,medium,Crosswalk Quality|Sensitivity|Market Data Granularity,stable,28,36,Singapore SSOC 2020,2026-07-15
8.0,52491,Petrol station attendant,SERVICE AND SALES WORKERS,5,2165,10.5,estimated_sg_submajor_weighted_2025,0.4554,0.1132,46,moderate,76,high,16,very_low,workflow_redesign,mixed,unknown,unknown,high,unknown,low,Source Coverage|Signal Agreement|Source Freshness|Crosswalk Quality,stable,46,48,Singapore SSOC 2020,2026-07-15
8.0,54144,Private security officer,SERVICE AND SALES WORKERS,5,2748,5.8,estimated_sg_submajor_weighted_2025,0.1632,0.5909,11,very_low,24,low,27,low,limited_direct_change,strong,leading,partial,high,unknown,medium,Sensitivity,stable,11,15,Singapore SSOC 2020,2026-07-15
8.0,51121,Rail station service assistant,SERVICE AND SALES WORKERS,5,2810,3,estimated_sg_submajor_weighted_2025,0.231,0.8636,20,low,9,very_low,46,moderate,limited_direct_change,mixed,unknown,unknown,high,unknown,low,Policy cap: Fallback Mapping|Crosswalk Quality|Market Data Granularity,crosses_band,13,24,Singapore SSOC 2020,2026-07-15
8.0,52421,Sales demonstrator,SERVICE AND SALES WORKERS,5,2550,11.4,estimated_sg_submajor_weighted_2025,0.2785,0.0045,24,low,66,high,1,very_low,limited_direct_change,mixed,unknown,unknown,high,unknown,medium,Signal Agreement|Sensitivity|Market Data Granularity,crosses_band,10,33,Singapore SSOC 2020,2026-07-15
8.0,52201,Sales supervisor,SERVICE AND SALES WORKERS,5,3220,12.8,estimated_sg_submajor_weighted_2025,0.5893,0.2005,59,moderate,83,very_high,34,low,workflow_redesign,mixed,leading,partial,high,unknown,medium,Policy cap: Signal Conflict|Signal Agreement|Market Data Granularity,crosses_band,45,69,Singapore SSOC 2020,2026-07-15
8.0,52422,Salesperson (door-to-door),SERVICE AND SALES WORKERS,5,3811,13.9,estimated_sg_submajor_weighted_2025,0.2785,0.0045,24,low,66,high,1,very_low,limited_direct_change,mixed,unknown,unknown,high,unknown,high,Signal Agreement|Sensitivity|Market Data Granularity,crosses_band,10,33,Singapore SSOC 2020,2026-07-15
8.0,54142,Security supervisor,SERVICE AND SALES WORKERS,5,3236,6.3,estimated_sg_submajor_weighted_2025,0.1632,0.5909,11,very_low,24,low,27,low,limited_direct_change,mixed,leading,partial,high,unknown,medium,Sensitivity,stable,11,15,Singapore SSOC 2020,2026-07-15
8.0,51202,"Senior cook (e.g. station chef, commis cook 1, station cook)",SERVICE AND SALES WORKERS,5,3425,3.3,estimated_sg_submajor_weighted_2025,0.2626,0.1542,23,low,57,moderate,13,very_low,limited_direct_change,mixed,leading,partial,high,unknown,medium,Signal Agreement|Crosswalk Quality|Sensitivity|Market Data Granularity,crosses_band,18,31,Singapore SSOC 2020,2026-07-15
8.0,54143,Senior private security officer,SERVICE AND SALES WORKERS,5,3082,6.2,estimated_sg_submajor_weighted_2025,0.1632,0.5909,11,very_low,24,low,27,low,limited_direct_change,strong,leading,partial,high,unknown,medium,Sensitivity,stable,11,15,Singapore SSOC 2020,2026-07-15
8.0,54141,Senior security supervisor,SERVICE AND SALES WORKERS,5,3720,6.8,estimated_sg_submajor_weighted_2025,0.1632,0.5909,11,very_low,24,low,27,low,limited_direct_change,mixed,unknown,unknown,high,unknown,medium,Sensitivity,stable,11,15,Singapore SSOC 2020,2026-07-15
8.0,52202,Shop sales assistant,SERVICE AND SALES WORKERS,5,2359,10.9,estimated_sg_submajor_weighted_2025,0.5893,0.2005,59,moderate,83,very_high,34,low,workflow_redesign,mixed,leading,partial,high,unknown,medium,Policy cap: Signal Conflict|Signal Agreement|Market Data Granularity,crosses_band,45,69,Singapore SSOC 2020,2026-07-15
8.0,51492,Slimming consultant,SERVICE AND SALES WORKERS,5,4081,3.7,estimated_sg_submajor_weighted_2025,0.1306,0.3699,9,very_low,26,low,15,very_low,limited_direct_change,mixed,unknown,unknown,high,unknown,medium,Crosswalk Quality|Sensitivity|Market Data Granularity,stable,9,11,Singapore SSOC 2020,2026-07-15
8.0,53120,Teacher aide,SERVICE AND SALES WORKERS,5,2500,2.7,estimated_sg_submajor_weighted_2025,0.3436,0.5615,32,low,42,moderate,45,moderate,limited_direct_change,mixed,unknown,unknown,high,unknown,medium,Policy cap: Insufficient Source Count|Signal Agreement|Source Coverage|Sensitivity,crosses_band,18,49,Singapore SSOC 2020,2026-07-15
8.0,52440,Telemarketer,SERVICE AND SALES WORKERS,5,4072,14.4,estimated_sg_submajor_weighted_2025,0.891,0,95,very_high,100,very_high,0,very_low,workflow_redesign,mixed,unknown,unknown,high,unknown,high,Market Data Granularity,stable,90,97,Singapore SSOC 2020,2026-07-15
8.0,51131,Tour guide,SERVICE AND SALES WORKERS,5,2881,3.1,estimated_sg_submajor_weighted_2025,0.4277,0.6729,43,moderate,39,low,61,high,workflow_redesign,mixed,unknown,unknown,high,unknown,medium,Market Data Granularity|Crosswalk Quality,crosses_band,38,46,Singapore SSOC 2020,2026-07-15
8.0,51931,Undertaker,SERVICE AND SALES WORKERS,5,4137,3.7,estimated_sg_submajor_weighted_2025,0.1964,0.8984,15,very_low,6,very_low,43,moderate,limited_direct_change,strong,unknown,unknown,high,unknown,medium,Policy cap: Insufficient Source Count|Source Coverage|Market Data Granularity,crosses_band,11,23,Singapore SSOC 2020,2026-07-15
8.0,51312,Waiter,SERVICE AND SALES WORKERS,5,1565,2.3,estimated_sg_submajor_weighted_2025,0.1981,0.0526,15,very_low,49,moderate,4,very_low,limited_direct_change,mixed,leading,partial,high,unknown,medium,Sensitivity,crosses_band,12,20,Singapore SSOC 2020,2026-07-15
8.0,62212,Aquarium fish farm worker,AGRICULTURAL AND FISHERY WORKERS,6,3630,18.2,estimated_sg_submajor_weighted_2025,0.1068,0.5847,7,very_low,16,very_low,18,very_low,limited_direct_change,mixed,unknown,unknown,unknown,unknown,low,Source Coverage|Crosswalk Quality|Market Data Granularity|Sensitivity,stable,0,16,Singapore SSOC 2020,2026-07-15
8.0,61133,Gardener and horticultural worker,AGRICULTURAL AND FISHERY WORKERS,6,1800,18.2,estimated_sg_submajor_weighted_2025,0.2353,0.3182,21,low,44,moderate,20,low,limited_direct_change,mixed,leading,partial,unknown,unknown,medium,Signal Agreement|Market Data Granularity|Sensitivity,crosses_band,16,26,Singapore SSOC 2020,2026-07-15
8.0,61131,Landscape and plant nursery supervisor,AGRICULTURAL AND FISHERY WORKERS,6,2575,18.2,estimated_sg_submajor_weighted_2025,0.2353,0.3182,21,low,44,moderate,20,low,limited_direct_change,mixed,unknown,unknown,unknown,unknown,medium,Signal Agreement|Market Data Granularity,crosses_band,16,26,Singapore SSOC 2020,2026-07-15
8.0,71271,Air-conditioning/Refrigeration equipment mechanic,CRAFTSMEN AND RELATED TRADES WORKERS,7,3263,2.8,estimated_sg_submajor_weighted_2025,0.1695,0.5276,12,very_low,26,low,25,low,limited_direct_change,mixed,unknown,unknown,high,unknown,medium,Crosswalk Quality|Signal Agreement|Market Data Granularity|Sensitivity,stable,7,18,Singapore SSOC 2020,2026-07-15
8.0,72310,Automotive mechanic,CRAFTSMEN AND RELATED TRADES WORKERS,7,2776,1.2,estimated_sg_submajor_weighted_2025,0.1126,0.5954,7,very_low,17,very_low,18,very_low,limited_direct_change,mixed,unknown,unknown,high,unknown,medium,Sensitivity|Market Data Granularity,stable,7,9,Singapore SSOC 2020,2026-07-15
8.0,75121,Baker,CRAFTSMEN AND RELATED TRADES WORKERS,7,2210,1.3,estimated_sg_submajor_weighted_2025,0.1757,0.0865,13,very_low,44,moderate,7,very_low,limited_direct_change,mixed,unknown,unknown,high,unknown,medium,Sensitivity|Market Data Granularity,stable,10,17,Singapore SSOC 2020,2026-07-15
8.0,71331,Building maintenance worker,CRAFTSMEN AND RELATED TRADES WORKERS,7,3245,2.8,estimated_sg_submajor_weighted_2025,0.0988,0.6096,6,very_low,14,very_low,17,very_low,limited_direct_change,mixed,unknown,unknown,high,unknown,medium,Sensitivity|Market Data Granularity,stable,0,11,Singapore SSOC 2020,2026-07-15
8.0,71311,Building painter,CRAFTSMEN AND RELATED TRADES WORKERS,7,1600,2,estimated_sg_submajor_weighted_2025,0.3871,0.016,40,moderate,73,high,3,very_low,workflow_redesign,weak,unknown,unknown,high,unknown,medium,Policy cap: Signal Conflict|Signal Agreement|Sensitivity|Market Data Granularity,crosses_band,9,55,Singapore SSOC 2020,2026-07-15
8.0,75110,"Butcher, fishmonger and related food preparer",CRAFTSMEN AND RELATED TRADES WORKERS,7,2772,1.4,estimated_sg_submajor_weighted_2025,0.1256,0.1194,8,very_low,34,low,7,very_low,limited_direct_change,weak,unknown,unknown,high,unknown,medium,Crosswalk Quality|Sensitivity|Market Data Granularity,stable,7,11,Singapore SSOC 2020,2026-07-15
8.0,71151,Carpenter,CRAFTSMEN AND RELATED TRADES WORKERS,7,2902,2.6,estimated_sg_submajor_weighted_2025,0.089,0.7745,5,very_low,7,very_low,20,low,limited_direct_change,mixed,unknown,unknown,high,unknown,medium,Market Data Granularity,stable,3,7,Singapore SSOC 2020,2026-07-15
8.0,74121,Electrical fitter,CRAFTSMEN AND RELATED TRADES WORKERS,7,2200,0.9,estimated_sg_submajor_weighted_2025,0.2137,0.6515,17,very_low,25,low,37,low,limited_direct_change,mixed,unknown,unknown,high,unknown,medium,Policy cap: Signal Conflict|Signal Agreement|Sensitivity|Market Data Granularity,crosses_band,12,21,Singapore SSOC 2020,2026-07-15
8.0,74123,Electrical household appliance repairer,CRAFTSMEN AND RELATED TRADES WORKERS,7,2797,1.1,estimated_sg_submajor_weighted_2025,0.2137,0.6515,17,very_low,25,low,37,low,limited_direct_change,mixed,unknown,unknown,high,unknown,medium,Policy cap: Signal Conflict|Signal Agreement|Market Data Granularity|Sensitivity,crosses_band,12,21,Singapore SSOC 2020,2026-07-15
8.0,74122,"Electrical lift, escalator and related equipment fitter",CRAFTSMEN AND RELATED TRADES WORKERS,7,4108,1.3,estimated_sg_submajor_weighted_2025,0.2137,0.6515,17,very_low,25,low,37,low,limited_direct_change,mixed,unknown,unknown,high,unknown,medium,Policy cap: Signal Conflict|Signal Agreement|Sensitivity|Market Data Granularity,crosses_band,12,21,Singapore SSOC 2020,2026-07-15
8.0,74110,Electrician,CRAFTSMEN AND RELATED TRADES WORKERS,7,3000,1.1,estimated_sg_submajor_weighted_2025,0.1353,0.9127,9,very_low,3,very_low,35,low,limited_direct_change,mixed,unknown,unknown,high,unknown,medium,Market Data Granularity,stable,9,12,Singapore SSOC 2020,2026-07-15
8.0,71220,Floor/Wall tiler,CRAFTSMEN AND RELATED TRADES WORKERS,7,1600,2,estimated_sg_submajor_weighted_2025,0.0707,0.1836,3,very_low,20,low,6,very_low,limited_direct_change,mixed,unknown,unknown,high,unknown,medium,Crosswalk Quality|Sensitivity|Market Data Granularity,stable,0,5,Singapore SSOC 2020,2026-07-15
8.0,75440,Fumigator and other pest and weed controller,CRAFTSMEN AND RELATED TRADES WORKERS,7,2300,1.3,estimated_sg_submajor_weighted_2025,0.0712,0.5187,3,very_low,11,very_low,12,very_low,limited_direct_change,weak,unknown,unknown,high,unknown,medium,Sensitivity|Market Data Granularity,stable,2,5,Singapore SSOC 2020,2026-07-15
8.0,72392,Industrial/Office machinery mechanic,CRAFTSMEN AND RELATED TRADES WORKERS,7,4012,1.4,estimated_sg_submajor_weighted_2025,0.1897,0.3592,14,very_low,36,low,19,very_low,limited_direct_change,mixed,unknown,unknown,high,unknown,medium,Policy cap: Signal Conflict|Market Data Granularity|Sensitivity,crosses_band,10,21,Singapore SSOC 2020,2026-07-15
8.0,71152,Joiner,CRAFTSMEN AND RELATED TRADES WORKERS,7,2411,2.4,estimated_sg_submajor_weighted_2025,0.089,0.7745,5,very_low,7,very_low,20,low,limited_direct_change,mixed,unknown,unknown,high,unknown,medium,Market Data Granularity,stable,3,7,Singapore SSOC 2020,2026-07-15
8.0,74001,Lift supervisor,CRAFTSMEN AND RELATED TRADES WORKERS,7,4813,1.4,estimated_sg_submajor_weighted_2025,0.5107,0.8725,50,moderate,23,low,84,very_high,workflow_redesign,mixed,unknown,unknown,high,unknown,medium,Signal Agreement|Source Coverage|Sensitivity|Market Data Granularity,crosses_band,34,64,Singapore SSOC 2020,2026-07-15
8.0,72222,Locksmith,CRAFTSMEN AND RELATED TRADES WORKERS,7,3285,1.3,estimated_sg_submajor_weighted_2025,0.1606,0.3636,11,very_low,31,low,17,very_low,limited_direct_change,mixed,unknown,unknown,high,unknown,medium,Market Data Granularity|Sensitivity,stable,11,14,Singapore SSOC 2020,2026-07-15
8.0,72391,Machinery mechanic,CRAFTSMEN AND RELATED TRADES WORKERS,7,2910,1.2,estimated_sg_submajor_weighted_2025,0.1897,0.3592,14,very_low,36,low,19,very_low,limited_direct_change,mixed,unknown,unknown,high,unknown,medium,Policy cap: Signal Conflict|Sensitivity|Market Data Granularity,crosses_band,10,21,Singapore SSOC 2020,2026-07-15
8.0,73113,Medical device assembler/repairer,CRAFTSMEN AND RELATED TRADES WORKERS,7,3714,0.8,estimated_sg_submajor_weighted_2025,0.1936,0.131,15,very_low,46,moderate,9,very_low,limited_direct_change,mixed,unknown,unknown,high,unknown,medium,Sensitivity|Market Data Granularity,stable,14,18,Singapore SSOC 2020,2026-07-15
8.0,72110,Metal moulder and coremaker,CRAFTSMEN AND RELATED TRADES WORKERS,7,3384,1.3,estimated_sg_submajor_weighted_2025,0.1299,0.3636,9,very_low,27,low,14,very_low,limited_direct_change,mixed,unknown,unknown,high,unknown,medium,Sensitivity|Market Data Granularity,stable,7,12,Singapore SSOC 2020,2026-07-15
8.0,75122,Pastry and confectionery maker,CRAFTSMEN AND RELATED TRADES WORKERS,7,2413,1.3,estimated_sg_submajor_weighted_2025,0.1757,0.0865,13,very_low,44,moderate,7,very_low,limited_direct_change,mixed,unknown,unknown,high,unknown,medium,Sensitivity|Market Data Granularity,stable,10,17,Singapore SSOC 2020,2026-07-15
8.0,71261,Plumber,CRAFTSMEN AND RELATED TRADES WORKERS,7,2400,2.4,estimated_sg_submajor_weighted_2025,0.1293,0.8556,9,very_low,6,very_low,31,low,limited_direct_change,mixed,unknown,unknown,high,unknown,medium,Policy cap: Signal Conflict|Market Data Granularity,stable,6,13,Singapore SSOC 2020,2026-07-15
8.0,73210,Pre-press trades worker,CRAFTSMEN AND RELATED TRADES WORKERS,7,3568,0.8,estimated_sg_submajor_weighted_2025,0.4513,0.0651,45,moderate,78,high,11,very_low,workflow_redesign,mixed,unknown,unknown,high,unknown,medium,Crosswalk Quality|Signal Agreement|Market Data Granularity,stable,40,53,Singapore SSOC 2020,2026-07-15
8.0,71000,Supervisor/General foreman (building and related trades),CRAFTSMEN AND RELATED TRADES WORKERS,7,3480,2.9,estimated_sg_submajor_weighted_2025,0.3908,0.9537,40,moderate,5,very_low,72,high,workflow_redesign,mixed,leading,partial,high,unknown,medium,Signal Agreement|Market Data Granularity,crosses_band,30,48,Singapore SSOC 2020,2026-07-15
8.0,74002,"Supervisor/General foreman (electrical and electronic trades, excluding lift)",CRAFTSMEN AND RELATED TRADES WORKERS,7,4796,1.4,estimated_sg_submajor_weighted_2025,0.5107,0.8725,50,moderate,23,low,84,very_high,workflow_redesign,mixed,leading,partial,high,unknown,medium,Signal Agreement|Source Coverage|Sensitivity|Market Data Granularity,crosses_band,34,64,Singapore SSOC 2020,2026-07-15
8.0,75000,"Supervisor/General foreman (food processing, woodworking, garment, leather and related trades)",CRAFTSMEN AND RELATED TRADES WORKERS,7,3861,1.7,estimated_sg_submajor_weighted_2025,0.3126,0.8841,27,low,12,very_low,60,high,limited_direct_change,mixed,unknown,unknown,high,unknown,medium,Signal Agreement|Sensitivity|Market Data Granularity,stable,21,39,Singapore SSOC 2020,2026-07-15
8.0,72000,"Supervisor/General foreman (metal, machinery and related trades)",CRAFTSMEN AND RELATED TRADES WORKERS,7,7712,1.8,estimated_sg_submajor_weighted_2025,0.3126,0.8841,27,low,12,very_low,60,high,limited_direct_change,mixed,unknown,unknown,high,unknown,medium,Signal Agreement|Sensitivity|Market Data Granularity,stable,21,39,Singapore SSOC 2020,2026-07-15
8.0,73000,"Supervisor/General foreman (precision, handicraft, printing and related trades)",CRAFTSMEN AND RELATED TRADES WORKERS,7,4739,1,estimated_sg_submajor_weighted_2025,0.3126,0.8841,27,low,12,very_low,60,high,limited_direct_change,mixed,unknown,unknown,high,unknown,medium,Signal Agreement|Sensitivity|Market Data Granularity,stable,21,39,Singapore SSOC 2020,2026-07-15
8.0,75310,Tailor/Dressmaker,CRAFTSMEN AND RELATED TRADES WORKERS,7,2098,1.3,estimated_sg_submajor_weighted_2025,0.0976,0.0428,6,very_low,29,low,2,very_low,limited_direct_change,mixed,unknown,unknown,high,unknown,medium,Sensitivity|Market Data Granularity,stable,5,6,Singapore SSOC 2020,2026-07-15
8.0,72221,Tool and die maker,CRAFTSMEN AND RELATED TRADES WORKERS,7,4017,1.4,estimated_sg_submajor_weighted_2025,0.1606,0.3636,11,very_low,31,low,17,very_low,limited_direct_change,mixed,unknown,unknown,high,unknown,medium,Sensitivity|Market Data Granularity,stable,11,14,Singapore SSOC 2020,2026-07-15
8.0,75410,Underwater diver,CRAFTSMEN AND RELATED TRADES WORKERS,7,4030,1.8,estimated_sg_submajor_weighted_2025,0.1145,0.8039,8,very_low,7,very_low,25,low,limited_direct_change,mixed,unknown,unknown,high,unknown,medium,Market Data Granularity,stable,6,9,Singapore SSOC 2020,2026-07-15
8.0,73111,Watch and clock assembler/repairer,CRAFTSMEN AND RELATED TRADES WORKERS,7,4500,0.9,estimated_sg_submajor_weighted_2025,0.1936,0.131,15,very_low,46,moderate,9,very_low,limited_direct_change,mixed,unknown,unknown,high,unknown,medium,Sensitivity|Market Data Granularity,stable,14,18,Singapore SSOC 2020,2026-07-15
8.0,72120,Welder and flame cutter,CRAFTSMEN AND RELATED TRADES WORKERS,7,3050,1.2,estimated_sg_submajor_weighted_2025,0.074,0.0624,4,very_low,24,low,2,very_low,limited_direct_change,mixed,unknown,unknown,high,unknown,medium,Sensitivity|Market Data Granularity,stable,2,5,Singapore SSOC 2020,2026-07-15
8.0,83492,Airport mobile equipment operator,PLANT AND MACHINE OPERATORS AND ASSEMBLERS,8,3081,6.2,estimated_sg_submajor_weighted_2025,0.0726,0.5472,4,very_low,10,very_low,12,very_low,limited_direct_change,mixed,unknown,unknown,high,unknown,medium,Sensitivity|Market Data Granularity,stable,2,5,Singapore SSOC 2020,2026-07-15
8.0,83224,Ambulance driver,PLANT AND MACHINE OPERATORS AND ASSEMBLERS,8,2386,5.4,estimated_sg_submajor_weighted_2025,0.2133,0.5339,17,very_low,31,low,32,low,limited_direct_change,mixed,unknown,unknown,high,unknown,medium,Sensitivity,crosses_band,15,22,Singapore SSOC 2020,2026-07-15
8.0,83311,Bus driver,PLANT AND MACHINE OPERATORS AND ASSEMBLERS,8,3782,6.9,estimated_sg_submajor_weighted_2025,0.172,0.2193,12,very_low,38,low,12,very_low,limited_direct_change,mixed,leading,partial,high,unknown,medium,Signal Agreement|Market Data Granularity,stable,6,17,Singapore SSOC 2020,2026-07-15
8.0,83222,Chauffeur,PLANT AND MACHINE OPERATORS AND ASSEMBLERS,8,2743,5.8,estimated_sg_submajor_weighted_2025,0.2133,0.5339,17,very_low,31,low,32,low,limited_direct_change,mixed,leading,partial,high,unknown,medium,Sensitivity,crosses_band,15,22,Singapore SSOC 2020,2026-07-15
8.0,83323,Concrete mix truck driver,PLANT AND MACHINE OPERATORS AND ASSEMBLERS,8,2666,5.8,estimated_sg_submajor_weighted_2025,0.2465,0.393,21,low,42,moderate,28,low,limited_direct_change,mixed,unknown,unknown,high,unknown,medium,Policy cap: Signal Conflict|Crosswalk Quality|Market Data Granularity|Sensitivity,crosses_band,19,26,Singapore SSOC 2020,2026-07-15
8.0,83432,Crane operator (on-site),PLANT AND MACHINE OPERATORS AND ASSEMBLERS,8,3117,6.2,estimated_sg_submajor_weighted_2025,0.0836,0.5998,4,very_low,10,very_low,16,very_low,limited_direct_change,mixed,unknown,unknown,high,unknown,medium,Crosswalk Quality|Sensitivity|Market Data Granularity,stable,3,6,Singapore SSOC 2020,2026-07-15
8.0,83431,Crane/Hoist operator (excluding port),PLANT AND MACHINE OPERATORS AND ASSEMBLERS,8,4979,7.7,estimated_sg_submajor_weighted_2025,0.0836,0.5998,4,very_low,10,very_low,16,very_low,limited_direct_change,mixed,leading,partial,high,unknown,medium,Crosswalk Quality|Market Data Granularity,stable,3,6,Singapore SSOC 2020,2026-07-15
8.0,81602,Dairy and confectionery products machine operator,PLANT AND MACHINE OPERATORS AND ASSEMBLERS,8,2553,0.9,estimated_sg_submajor_weighted_2025,0.1278,0.1034,9,very_low,35,low,6,very_low,limited_direct_change,mixed,unknown,unknown,high,unknown,medium,Crosswalk Quality|Sensitivity|Market Data Granularity,stable,6,11,Singapore SSOC 2020,2026-07-15
8.0,83502,Deckhand (including lighterman),PLANT AND MACHINE OPERATORS AND ASSEMBLERS,8,1740,4.7,estimated_sg_submajor_weighted_2025,0.0946,0.9011,6,very_low,3,very_low,23,low,limited_direct_change,mixed,unknown,unknown,high,unknown,medium,Crosswalk Quality|Market Data Granularity,stable,3,7,Singapore SSOC 2020,2026-07-15
8.0,83212,Delivery man using motorised personal mobility aids/devices,PLANT AND MACHINE OPERATORS AND ASSEMBLERS,8,1985,5,estimated_sg_submajor_weighted_2025,0.252,0.393,22,low,43,moderate,28,low,limited_direct_change,mixed,unknown,unknown,high,unknown,medium,Policy cap: Signal Conflict|Crosswalk Quality|Sensitivity,stable,20,27,Singapore SSOC 2020,2026-07-15
8.0,82122,Electronic equipment/component assembler,PLANT AND MACHINE OPERATORS AND ASSEMBLERS,8,2017,0.7,estimated_sg_submajor_weighted_2025,0.1733,0.1016,12,very_low,43,moderate,9,very_low,limited_direct_change,mixed,unknown,unknown,high,unknown,medium,Sensitivity|Crosswalk Quality|Market Data Granularity,stable,9,16,Singapore SSOC 2020,2026-07-15
8.0,83421,Excavating/Trench digging machine operator,PLANT AND MACHINE OPERATORS AND ASSEMBLERS,8,3098,6.2,estimated_sg_submajor_weighted_2025,0.0923,0.4884,5,very_low,18,very_low,14,very_low,limited_direct_change,strong,unknown,unknown,high,unknown,medium,Sensitivity|Market Data Granularity,stable,4,7,Singapore SSOC 2020,2026-07-15
8.0,83441,Fork lift truck operator,PLANT AND MACHINE OPERATORS AND ASSEMBLERS,8,2500,5.6,estimated_sg_submajor_weighted_2025,0.0995,0.2032,6,very_low,26,low,9,very_low,limited_direct_change,mixed,unknown,unknown,high,unknown,medium,Sensitivity|Market Data Granularity,stable,4,9,Singapore SSOC 2020,2026-07-15
8.0,83321,Lorry driver,PLANT AND MACHINE OPERATORS AND ASSEMBLERS,8,2159,5.2,estimated_sg_submajor_weighted_2025,0.2465,0.393,21,low,42,moderate,28,low,limited_direct_change,mixed,leading,partial,high,unknown,medium,Policy cap: Signal Conflict|Crosswalk Quality|Sensitivity|Market Data Granularity,crosses_band,19,26,Singapore SSOC 2020,2026-07-15
8.0,82110,Mechanical equipment/component assembler,PLANT AND MACHINE OPERATORS AND ASSEMBLERS,8,2084,0.7,estimated_sg_submajor_weighted_2025,0.2806,0.1176,25,low,62,high,11,very_low,limited_direct_change,mixed,unknown,unknown,high,unknown,medium,Signal Agreement|Sensitivity|Crosswalk Quality|Market Data Granularity,crosses_band,15,35,Singapore SSOC 2020,2026-07-15
8.0,82132,Mechanical products quality checker and tester,PLANT AND MACHINE OPERATORS AND ASSEMBLERS,8,4354,1,estimated_sg_submajor_weighted_2025,0.2628,0.1337,23,low,59,moderate,11,very_low,limited_direct_change,mixed,unknown,unknown,high,unknown,medium,Crosswalk Quality|Signal Agreement|Source Coverage|Sensitivity,crosses_band,9,39,Singapore SSOC 2020,2026-07-15
8.0,81220,Metal heat treating plant operator,PLANT AND MACHINE OPERATORS AND ASSEMBLERS,8,4652,1.2,estimated_sg_submajor_weighted_2025,0.1099,0.0392,7,very_low,32,low,2,very_low,limited_direct_change,mixed,unknown,unknown,high,unknown,medium,Sensitivity|Market Data Granularity,stable,5,8,Singapore SSOC 2020,2026-07-15
8.0,81210,"Metal melter, caster and rolling mill operator",PLANT AND MACHINE OPERATORS AND ASSEMBLERS,8,2671,0.9,estimated_sg_submajor_weighted_2025,0.1839,0.4866,13,very_low,29,low,25,low,limited_direct_change,mixed,unknown,unknown,high,unknown,medium,Market Data Granularity|Sensitivity,stable,11,16,Singapore SSOC 2020,2026-07-15
8.0,81251,Metalworking machine setter-operator,PLANT AND MACHINE OPERATORS AND ASSEMBLERS,8,2809,0.9,estimated_sg_submajor_weighted_2025,0.1065,0.0098,7,very_low,32,low,0,very_low,limited_direct_change,mixed,unknown,unknown,high,unknown,medium,Policy cap: Insufficient Source Count|Source Coverage|Sensitivity|Market Data Granularity,stable,5,11,Singapore SSOC 2020,2026-07-15
8.0,83000,Mobile machinery supervisor and general foreman,PLANT AND MACHINE OPERATORS AND ASSEMBLERS,8,2522,5.6,estimated_sg_submajor_weighted_2025,0.2107,0.8636,16,very_low,8,very_low,44,moderate,limited_direct_change,mixed,unknown,unknown,high,unknown,low,Signal Agreement|Crosswalk Quality|Market Data Granularity,crosses_band,8,23,Singapore SSOC 2020,2026-07-15
8.0,83211,Motorcycle delivery man,PLANT AND MACHINE OPERATORS AND ASSEMBLERS,8,2080,5.1,estimated_sg_submajor_weighted_2025,0.252,0.393,22,low,43,moderate,28,low,limited_direct_change,mixed,leading,partial,high,unknown,medium,Policy cap: Signal Conflict|Crosswalk Quality|Sensitivity,stable,20,27,Singapore SSOC 2020,2026-07-15
8.0,81830,Packing/Bottling/Labelling machine operator,PLANT AND MACHINE OPERATORS AND ASSEMBLERS,8,2101,0.8,estimated_sg_submajor_weighted_2025,0.1027,0.1462,6,very_low,29,low,7,very_low,limited_direct_change,mixed,unknown,unknown,high,unknown,medium,Sensitivity|Market Data Granularity,stable,4,10,Singapore SSOC 2020,2026-07-15
8.0,83225,Parking valet,PLANT AND MACHINE OPERATORS AND ASSEMBLERS,8,2372,5.4,estimated_sg_submajor_weighted_2025,0.2133,0.5339,17,very_low,31,low,32,low,limited_direct_change,mixed,unknown,unknown,high,unknown,medium,Sensitivity,crosses_band,15,22,Singapore SSOC 2020,2026-07-15
8.0,83501,Port limit helmsman/steersman/engine driver/tugmaster,PLANT AND MACHINE OPERATORS AND ASSEMBLERS,8,2683,5.8,estimated_sg_submajor_weighted_2025,0.0946,0.9011,6,very_low,3,very_low,23,low,limited_direct_change,mixed,unknown,unknown,high,unknown,medium,Crosswalk Quality|Market Data Granularity,stable,3,7,Singapore SSOC 2020,2026-07-15
8.0,81252,Precision grinding machine setter-operator,PLANT AND MACHINE OPERATORS AND ASSEMBLERS,8,3227,1,estimated_sg_submajor_weighted_2025,0.1065,0.0098,7,very_low,32,low,0,very_low,limited_direct_change,mixed,unknown,unknown,high,unknown,medium,Policy cap: Insufficient Source Count|Source Coverage|Sensitivity|Market Data Granularity,stable,5,11,Singapore SSOC 2020,2026-07-15
8.0,81841,Printing machine operator,PLANT AND MACHINE OPERATORS AND ASSEMBLERS,8,2229,0.8,estimated_sg_submajor_weighted_2025,0.4087,0.0651,41,moderate,73,high,10,very_low,workflow_redesign,mixed,unknown,unknown,high,unknown,medium,Crosswalk Quality|Sensitivity|Market Data Granularity,crosses_band,35,49,Singapore SSOC 2020,2026-07-15
8.0,81501,Sewing machine operator,PLANT AND MACHINE OPERATORS AND ASSEMBLERS,8,2267,0.8,estimated_sg_submajor_weighted_2025,0.1122,0.0071,7,very_low,34,low,0,very_low,limited_direct_change,mixed,unknown,unknown,high,unknown,medium,Sensitivity|Market Data Granularity,stable,7,8,Singapore SSOC 2020,2026-07-15
8.0,81000,Stationary plant and machine supervisor/general foreman,PLANT AND MACHINE OPERATORS AND ASSEMBLERS,8,4705,1,estimated_sg_submajor_weighted_2025,0.3126,0.8841,27,low,12,very_low,60,high,limited_direct_change,mixed,unknown,unknown,high,unknown,medium,Signal Agreement|Market Data Granularity,stable,21,39,Singapore SSOC 2020,2026-07-15
8.0,82000,Supervisor/General foreman of assemblers and quality checkers,PLANT AND MACHINE OPERATORS AND ASSEMBLERS,8,5775,1.3,estimated_sg_submajor_weighted_2025,0.3126,0.8841,27,low,12,very_low,60,high,limited_direct_change,mixed,unknown,unknown,high,unknown,medium,Signal Agreement|Market Data Granularity,stable,21,39,Singapore SSOC 2020,2026-07-15
8.0,83322,Trailer-truck driver (including prime mover driver),PLANT AND MACHINE OPERATORS AND ASSEMBLERS,8,2860,6,estimated_sg_submajor_weighted_2025,0.2465,0.393,21,low,42,moderate,28,low,limited_direct_change,mixed,unknown,unknown,high,unknown,medium,Policy cap: Signal Conflict|Crosswalk Quality|Market Data Granularity,crosses_band,19,26,Singapore SSOC 2020,2026-07-15
8.0,83110,Train operator,PLANT AND MACHINE OPERATORS AND ASSEMBLERS,8,2774,5.9,estimated_sg_submajor_weighted_2025,0.1875,0.7701,14,very_low,15,very_low,38,low,limited_direct_change,mixed,unknown,unknown,high,unknown,medium,Market Data Granularity|Sensitivity|Crosswalk Quality,stable,11,18,Singapore SSOC 2020,2026-07-15
8.0,83223,Van driver,PLANT AND MACHINE OPERATORS AND ASSEMBLERS,8,2148,5.2,estimated_sg_submajor_weighted_2025,0.2133,0.5339,17,very_low,31,low,32,low,limited_direct_change,mixed,leading,partial,high,unknown,medium,Sensitivity,crosses_band,15,22,Singapore SSOC 2020,2026-07-15
8.0,83324,Waste truck driver (including hooklift trucks with roll-on containers),PLANT AND MACHINE OPERATORS AND ASSEMBLERS,8,4140,7.2,estimated_sg_submajor_weighted_2025,0.2465,0.393,21,low,42,moderate,28,low,limited_direct_change,mixed,unknown,unknown,high,unknown,medium,Policy cap: Signal Conflict|Crosswalk Quality|Market Data Granularity|Sensitivity,crosses_band,19,26,Singapore SSOC 2020,2026-07-15
8.0,93333,Aircraft loader (e.g. airport baggage/cargo handler),"CLEANERS, LABOURERS AND RELATED WORKERS",9,3216,5.7,estimated_sg_submajor_weighted_2025,0.0682,0.2308,3,very_low,18,very_low,8,very_low,limited_direct_change,strong,unknown,unknown,high,unknown,medium,Sensitivity|Market Data Granularity,stable,2,4,Singapore SSOC 2020,2026-07-15
8.0,96211,Bell captain,"CLEANERS, LABOURERS AND RELATED WORKERS",9,2427,1.4,estimated_sg_submajor_weighted_2025,0.3486,0.1087,33,low,68,high,12,very_low,limited_direct_change,mixed,unknown,unknown,high,unknown,medium,Signal Agreement|Crosswalk Quality|Market Data Granularity,crosses_band,28,40,Singapore SSOC 2020,2026-07-15
8.0,96212,Bellboy/Hotel porter,"CLEANERS, LABOURERS AND RELATED WORKERS",9,2255,1.3,estimated_sg_submajor_weighted_2025,0.3486,0.1087,33,low,68,high,12,very_low,limited_direct_change,mixed,unknown,unknown,high,unknown,medium,Signal Agreement|Crosswalk Quality|Market Data Granularity,crosses_band,28,40,Singapore SSOC 2020,2026-07-15
8.0,96261,Building caretaker/Watchman,"CLEANERS, LABOURERS AND RELATED WORKERS",9,2564,1.4,estimated_sg_submajor_weighted_2025,0.1192,0.4929,8,very_low,21,low,17,very_low,limited_direct_change,strong,unknown,unknown,high,unknown,medium,Crosswalk Quality|Sensitivity|Market Data Granularity,stable,8,10,Singapore SSOC 2020,2026-07-15
8.0,96256,Bus attendant,"CLEANERS, LABOURERS AND RELATED WORKERS",9,1400,1.1,estimated_sg_submajor_weighted_2025,0.3177,0.2398,29,low,61,high,21,low,limited_direct_change,mixed,unknown,unknown,high,unknown,medium,Signal Agreement|Sensitivity|Market Data Granularity,crosses_band,17,38,Singapore SSOC 2020,2026-07-15
8.0,96254,Car park attendant,"CLEANERS, LABOURERS AND RELATED WORKERS",9,3126,1.7,estimated_sg_submajor_weighted_2025,0.3177,0.2398,29,low,61,high,21,low,limited_direct_change,strong,unknown,unknown,high,unknown,medium,Policy cap: Signal Conflict|Signal Agreement|Sensitivity|Market Data Granularity,crosses_band,17,38,Singapore SSOC 2020,2026-07-15
8.0,93100,Civil engineering/Building construction labourer,"CLEANERS, LABOURERS AND RELATED WORKERS",9,1550,3.9,estimated_sg_submajor_weighted_2025,0.0592,0.4688,2,very_low,9,very_low,10,very_low,limited_direct_change,mixed,unknown,unknown,high,unknown,medium,Crosswalk Quality|Sensitivity|Market Data Granularity,stable,1,3,Singapore SSOC 2020,2026-07-15
8.0,91000,Cleaning supervisor,"CLEANERS, LABOURERS AND RELATED WORKERS",9,2210,7.5,estimated_sg_submajor_weighted_2025,0.3515,0.7816,35,low,25,low,58,moderate,limited_direct_change,strong,unknown,unknown,high,unknown,medium,Signal Agreement|Sensitivity|Market Data Granularity,crosses_band,21,44,Singapore SSOC 2020,2026-07-15
8.0,96272,Concierge (hotel),"CLEANERS, LABOURERS AND RELATED WORKERS",9,3002,1.5,estimated_sg_submajor_weighted_2025,0.675,0.1854,68,high,88,very_high,35,low,workflow_redesign,mixed,unknown,unknown,high,unknown,medium,Market Data Granularity,stable,62,70,Singapore SSOC 2020,2026-07-15
8.0,91153,Dishwasher,"CLEANERS, LABOURERS AND RELATED WORKERS",9,1684,6.5,estimated_sg_submajor_weighted_2025,0.0569,0.025,1,very_low,20,low,1,very_low,limited_direct_change,mixed,leading,partial,high,unknown,medium,Sensitivity|Market Data Granularity|Crosswalk Quality,stable,0,4,Singapore SSOC 2020,2026-07-15
8.0,96262,Doorman,"CLEANERS, LABOURERS AND RELATED WORKERS",9,2534,1.4,estimated_sg_submajor_weighted_2025,0.1192,0.4929,8,very_low,21,low,17,very_low,limited_direct_change,mixed,unknown,unknown,high,unknown,medium,Crosswalk Quality|Sensitivity|Market Data Granularity,stable,8,10,Singapore SSOC 2020,2026-07-15
8.0,94103,Fast food preparer,"CLEANERS, LABOURERS AND RELATED WORKERS",9,1854,9.3,estimated_sg_submajor_weighted_2025,0.2184,0.0579,18,very_low,52,moderate,5,very_low,limited_direct_change,mixed,unknown,unknown,high,unknown,medium,Crosswalk Quality|Signal Agreement|Sensitivity|Market Data Granularity,crosses_band,8,27,Singapore SSOC 2020,2026-07-15
8.0,91151,Food and beverage establishments general cleaner,"CLEANERS, LABOURERS AND RELATED WORKERS",9,1600,6.4,estimated_sg_submajor_weighted_2025,0.0569,0.025,1,very_low,20,low,1,very_low,limited_direct_change,mixed,unknown,unknown,high,unknown,medium,Sensitivity|Market Data Granularity|Crosswalk Quality,stable,0,4,Singapore SSOC 2020,2026-07-15
8.0,94102,Food/Drink stall assistant,"CLEANERS, LABOURERS AND RELATED WORKERS",9,1638,8.7,estimated_sg_submajor_weighted_2025,0.2184,0.0579,18,very_low,52,moderate,5,very_low,limited_direct_change,mixed,unknown,unknown,high,unknown,medium,Crosswalk Quality|Signal Agreement|Sensitivity|Market Data Granularity,crosses_band,8,27,Singapore SSOC 2020,2026-07-15
8.0,96111,"General waste collection, recycling and material recovery worker","CLEANERS, LABOURERS AND RELATED WORKERS",9,1750,1.2,estimated_sg_submajor_weighted_2025,0.0935,0.0686,5,very_low,28,low,3,very_low,limited_direct_change,mixed,unknown,unknown,high,unknown,medium,Sensitivity|Market Data Granularity,stable,1,8,Singapore SSOC 2020,2026-07-15
8.0,91210,Hand launderer/presser (non-household),"CLEANERS, LABOURERS AND RELATED WORKERS",9,1600,6.4,estimated_sg_submajor_weighted_2025,0.0811,0.1818,4,very_low,23,low,7,very_low,limited_direct_change,mixed,unknown,unknown,high,unknown,medium,Sensitivity|Market Data Granularity,stable,2,5,Singapore SSOC 2020,2026-07-15
8.0,93201,Hand packer,"CLEANERS, LABOURERS AND RELATED WORKERS",9,1600,4,estimated_sg_submajor_weighted_2025,0.0853,0.1515,4,very_low,24,low,6,very_low,limited_direct_change,mixed,unknown,unknown,high,unknown,medium,Sensitivity|Market Data Granularity,stable,4,8,Singapore SSOC 2020,2026-07-15
8.0,96253,Hospital/Clinic attendant,"CLEANERS, LABOURERS AND RELATED WORKERS",9,2459,1.4,estimated_sg_submajor_weighted_2025,0.3177,0.2398,29,low,61,high,21,low,limited_direct_change,mixed,unknown,unknown,high,unknown,medium,Signal Agreement|Sensitivity|Market Data Granularity,crosses_band,17,38,Singapore SSOC 2020,2026-07-15
8.0,91122,Hotel cleaner,"CLEANERS, LABOURERS AND RELATED WORKERS",9,2019,7.1,estimated_sg_submajor_weighted_2025,0.0496,0.0927,0,very_low,17,very_low,2,very_low,limited_direct_change,mixed,unknown,unknown,high,unknown,medium,Sensitivity|Market Data Granularity,stable,0,2,Singapore SSOC 2020,2026-07-15
8.0,91121,Housekeeping/Linen room attendant,"CLEANERS, LABOURERS AND RELATED WORKERS",9,1950,7,estimated_sg_submajor_weighted_2025,0.0496,0.0927,0,very_low,17,very_low,2,very_low,limited_direct_change,mixed,leading,partial,high,unknown,medium,Sensitivity|Market Data Granularity,stable,0,2,Singapore SSOC 2020,2026-07-15
8.0,94101,Kitchen assistant,"CLEANERS, LABOURERS AND RELATED WORKERS",9,1600,8.6,estimated_sg_submajor_weighted_2025,0.2184,0.0579,18,very_low,52,moderate,5,very_low,limited_direct_change,mixed,leading,partial,high,unknown,medium,Crosswalk Quality|Signal Agreement|Sensitivity|Market Data Granularity,crosses_band,8,27,Singapore SSOC 2020,2026-07-15
8.0,96252,Laboratory attendant,"CLEANERS, LABOURERS AND RELATED WORKERS",9,2651,1.4,estimated_sg_submajor_weighted_2025,0.3177,0.2398,29,low,61,high,21,low,limited_direct_change,mixed,leading,direct,high,unknown,medium,Policy cap: Signal Conflict|Signal Agreement|Sensitivity|Market Data Granularity,crosses_band,17,38,Singapore SSOC 2020,2026-07-15
8.0,92142,Landscape worker,"CLEANERS, LABOURERS AND RELATED WORKERS",9,1800,0.5,estimated_sg_submajor_weighted_2025,0.0574,0.2219,1,very_low,16,very_low,6,very_low,limited_direct_change,mixed,unknown,unknown,high,unknown,medium,Crosswalk Quality|Sensitivity|Market Data Granularity,stable,0,2,Singapore SSOC 2020,2026-07-15
8.0,96291,Leaflet and newspaper distributor/deliverer,"CLEANERS, LABOURERS AND RELATED WORKERS",9,1600,1.1,estimated_sg_submajor_weighted_2025,0.2278,0.2255,19,very_low,48,moderate,16,very_low,limited_direct_change,mixed,unknown,unknown,high,unknown,low,Source Coverage|Crosswalk Quality|Market Data Granularity|Sensitivity,crosses_band,7,31,Singapore SSOC 2020,2026-07-15
8.0,91220,Motor vehicle cleaner/polisher,"CLEANERS, LABOURERS AND RELATED WORKERS",9,1700,6.5,estimated_sg_submajor_weighted_2025,0.0718,0.1052,3,very_low,22,low,4,very_low,limited_direct_change,mixed,unknown,unknown,high,unknown,medium,Sensitivity|Market Data Granularity,stable,0,5,Singapore SSOC 2020,2026-07-15
8.0,93336,Mover,"CLEANERS, LABOURERS AND RELATED WORKERS",9,2223,4.7,estimated_sg_submajor_weighted_2025,0.0682,0.2308,3,very_low,18,very_low,8,very_low,limited_direct_change,strong,unknown,unknown,high,unknown,medium,Market Data Granularity|Sensitivity,stable,2,4,Singapore SSOC 2020,2026-07-15
8.0,96293,Odd job person,"CLEANERS, LABOURERS AND RELATED WORKERS",9,1600,1.1,estimated_sg_submajor_weighted_2025,0.2278,0.2255,19,very_low,48,moderate,16,very_low,limited_direct_change,mixed,unknown,unknown,high,unknown,low,Source Coverage|Crosswalk Quality|Sensitivity|Market Data Granularity,crosses_band,7,31,Singapore SSOC 2020,2026-07-15
8.0,91131,"Office, commercial and industrial establishments indoor cleaner","CLEANERS, LABOURERS AND RELATED WORKERS",9,1641,6.4,estimated_sg_submajor_weighted_2025,0.0615,0.0927,2,very_low,20,low,3,very_low,limited_direct_change,mixed,leading,partial,high,unknown,medium,Sensitivity|Market Data Granularity,stable,1,5,Singapore SSOC 2020,2026-07-15
8.0,91133,"Office, commercial and industrial establishments multi-skilled cleaner cum machine operator","CLEANERS, LABOURERS AND RELATED WORKERS",9,2270,7.6,estimated_sg_submajor_weighted_2025,0.0615,0.0927,2,very_low,20,low,3,very_low,limited_direct_change,mixed,unknown,unknown,high,unknown,medium,Sensitivity|Market Data Granularity,stable,1,5,Singapore SSOC 2020,2026-07-15
8.0,91132,"Office, commercial and industrial establishments outdoor cleaner","CLEANERS, LABOURERS AND RELATED WORKERS",9,1942,7,estimated_sg_submajor_weighted_2025,0.0615,0.0927,2,very_low,20,low,3,very_low,limited_direct_change,mixed,unknown,unknown,high,unknown,medium,Sensitivity|Market Data Granularity,stable,1,5,Singapore SSOC 2020,2026-07-15
8.0,96251,Office/Library attendant,"CLEANERS, LABOURERS AND RELATED WORKERS",9,2118,1.3,estimated_sg_submajor_weighted_2025,0.3177,0.2398,29,low,61,high,21,low,limited_direct_change,strong,leading,partial,high,unknown,medium,Policy cap: Signal Conflict|Signal Agreement|Sensitivity|Market Data Granularity,crosses_band,17,38,Singapore SSOC 2020,2026-07-15
8.0,96213,Porter (except hotel),"CLEANERS, LABOURERS AND RELATED WORKERS",9,1712,1.2,estimated_sg_submajor_weighted_2025,0.3486,0.1087,33,low,68,high,12,very_low,limited_direct_change,mixed,unknown,unknown,high,unknown,medium,Signal Agreement|Crosswalk Quality|Market Data Granularity,crosses_band,28,40,Singapore SSOC 2020,2026-07-15
8.0,91161,Residential and open areas general cleaner,"CLEANERS, LABOURERS AND RELATED WORKERS",9,1750,6.6,estimated_sg_submajor_weighted_2025,0.0585,0.205,1,very_low,17,very_low,4,very_low,limited_direct_change,mixed,leading,partial,high,unknown,medium,Crosswalk Quality|Sensitivity|Market Data Granularity,stable,1,4,Singapore SSOC 2020,2026-07-15
8.0,96255,"Sports and recreational attendant (e.g. golf marshal, golf caddie, fun fair attendant, bowling alley attendant, swimming","CLEANERS, LABOURERS AND RELATED WORKERS",9,2980,1.5,estimated_sg_submajor_weighted_2025,0.3177,0.2398,29,low,61,high,21,low,limited_direct_change,strong,unknown,unknown,high,unknown,medium,Policy cap: Signal Conflict|Signal Agreement|Sensitivity|Market Data Granularity,crosses_band,17,38,Singapore SSOC 2020,2026-07-15
8.0,91152,Table-top cleaner,"CLEANERS, LABOURERS AND RELATED WORKERS",9,1670,6.5,estimated_sg_submajor_weighted_2025,0.0569,0.025,1,very_low,20,low,1,very_low,limited_direct_change,mixed,unknown,unknown,high,unknown,medium,Sensitivity|Market Data Granularity|Crosswalk Quality,stable,0,4,Singapore SSOC 2020,2026-07-15
8.0,94104,"Tea server/steward (excluding bartender, barista and food/drink stall assistant)","CLEANERS, LABOURERS AND RELATED WORKERS",9,1725,8.9,estimated_sg_submajor_weighted_2025,0.2184,0.0579,18,very_low,52,moderate,5,very_low,limited_direct_change,mixed,leading,partial,high,unknown,medium,Crosswalk Quality|Signal Agreement|Sensitivity|Market Data Granularity,crosses_band,8,27,Singapore SSOC 2020,2026-07-15
8.0,92141,Tree worker/technician,"CLEANERS, LABOURERS AND RELATED WORKERS",9,1921,0.5,estimated_sg_submajor_weighted_2025,0.0574,0.2219,1,very_low,16,very_low,6,very_low,limited_direct_change,mixed,unknown,unknown,high,unknown,medium,Crosswalk Quality|Sensitivity|Market Data Granularity,stable,0,2,Singapore SSOC 2020,2026-07-15
8.0,93335,Vehicle attendant,"CLEANERS, LABOURERS AND RELATED WORKERS",9,2620,5.1,estimated_sg_submajor_weighted_2025,0.0682,0.2308,3,very_low,18,very_low,8,very_low,limited_direct_change,strong,unknown,unknown,high,unknown,medium,Sensitivity|Market Data Granularity,stable,2,4,Singapore SSOC 2020,2026-07-15
8.0,93334,Warehouse worker,"CLEANERS, LABOURERS AND RELATED WORKERS",9,2458,4.9,estimated_sg_submajor_weighted_2025,0.0682,0.2308,3,very_low,18,very_low,8,very_low,limited_direct_change,mixed,leading,partial,high,unknown,medium,Sensitivity|Market Data Granularity,stable,2,4,Singapore SSOC 2020,2026-07-15
8.0,96112,Waste recycling sorter,"CLEANERS, LABOURERS AND RELATED WORKERS",9,2110,1.3,estimated_sg_submajor_weighted_2025,0.0935,0.0686,5,very_low,28,low,3,very_low,limited_direct_change,strong,unknown,unknown,high,unknown,medium,Market Data Granularity|Sensitivity,stable,1,8,Singapore SSOC 2020,2026-07-15
