schema_version,ssoc_2024,title,major_group_code,major_group,sub_major_group_code,minor_group_code,unit_group_code,score_status,ilo_mean_score_2025_median,ilo_mean_score_2025_min,ilo_mean_score_2025_max,ai_work_pressure_percentile,ai_work_pressure_midrank_position,ai_work_pressure_population_size,ilo_potential25_categories,ilo_potential25_least_exposed,ilo_potential25_most_exposed,ilo_task_score_sd_2025_median,ilo_task_score_sd_2025_min,ilo_task_score_sd_2025_max,official_isco08_codes,scored_isco08_codes,unscored_official_isco08_codes,mapping_quality,evidence_support,basic_monthly_p25_sgd,basic_monthly_median_sgd,basic_monthly_p75_sgd,gross_monthly_p25_sgd,gross_monthly_median_sgd,gross_monthly_p75_sgd,wage_reference_period,wage_source_id,direct_demand_signal_count,demand_source_keys,demand_source_occupations,labour_context_grain,labour_context_cluster,labour_context_data_as_of,evidence_data_as_of,limitations
9.0,11110,Legislator,1,"LEGISLATORS, SENIOR OFFICIALS AND MANAGERS",11,111,1111,scored,0.31,0.31,0.31,51,503.5,987,Not Exposed,Not Exposed,Not Exposed,0.04,0.04,0.04,1111,1111,,one_to_one,official_crosswalk,,,,,,,,,0,,,published_broad_occupation_group,pmet,2026 Q1,2026-08-19,Exposure measures task overlap with current GenAI capabilities; it is not a job-loss probability or forecast.|MOM does not publish a 2025 detailed wage row for this occupation.
9.0,11121,Senior government official,1,"LEGISLATORS, SENIOR OFFICIALS AND MANAGERS",11,111,1112,scored,0.38,0.38,0.38,67.6,667.5,987,Minimal Exposure,Minimal Exposure,Minimal Exposure,0.08,0.08,0.08,1112,1112,,one_to_one,official_crosswalk,,,,,,,,,0,,,published_broad_occupation_group,pmet,2026 Q1,2026-08-19,Exposure measures task overlap with current GenAI capabilities; it is not a job-loss probability or forecast.|MOM does not publish a 2025 detailed wage row for this occupation.
9.0,11122,Senior statutory board official,1,"LEGISLATORS, SENIOR OFFICIALS AND MANAGERS",11,111,1112,scored,0.38,0.38,0.38,67.6,667.5,987,Minimal Exposure,Minimal Exposure,Minimal Exposure,0.08,0.08,0.08,1112,1112,,one_to_one,official_crosswalk,,,,,,,,,0,,,published_broad_occupation_group,pmet,2026 Q1,2026-08-19,Exposure measures task overlap with current GenAI capabilities; it is not a job-loss probability or forecast.|MOM does not publish a 2025 detailed wage row for this occupation.
9.0,11140,Senior official of political party organisation,1,"LEGISLATORS, SENIOR OFFICIALS AND MANAGERS",11,111,1114,scored,0.37,0.37,0.37,63.6,628.5,987,Minimal Exposure,Minimal Exposure,Minimal Exposure,0.06,0.06,0.06,1114,1114,,one_to_one,official_crosswalk,,,,,,,,,0,,,published_broad_occupation_group,pmet,2026 Q1,2026-08-19,Exposure measures task overlap with current GenAI capabilities; it is not a job-loss probability or forecast.|MOM does not publish a 2025 detailed wage row for this occupation.
9.0,11150,Senior official of employers’/workers’ and related economic-interest organisation,1,"LEGISLATORS, SENIOR OFFICIALS AND MANAGERS",11,111,1115,scored,0.37,0.37,0.37,63.6,628.5,987,Minimal Exposure,Minimal Exposure,Minimal Exposure,0.06,0.06,0.06,1114,1114,,one_to_one,official_crosswalk,,,,,,,,,0,,,published_broad_occupation_group,pmet,2026 Q1,2026-08-19,Exposure measures task overlap with current GenAI capabilities; it is not a job-loss probability or forecast.|MOM does not publish a 2025 detailed wage row for this occupation.
9.0,11160,Senior official of humanitarian and other special-interest organisation,1,"LEGISLATORS, SENIOR OFFICIALS AND MANAGERS",11,111,1116,scored,0.37,0.37,0.37,63.6,628.5,987,Minimal Exposure,Minimal Exposure,Minimal Exposure,0.06,0.06,0.06,1114,1114,,one_to_one,official_crosswalk,,,,,,,,,0,,,published_broad_occupation_group,pmet,2026 Q1,2026-08-19,Exposure measures task overlap with current GenAI capabilities; it is not a job-loss probability or forecast.|MOM does not publish a 2025 detailed wage row for this occupation.
9.0,11201,Managing director/Chief executive officer,1,"LEGISLATORS, SENIOR OFFICIALS AND MANAGERS",11,112,1120,scored,0.38,0.38,0.38,67.6,667.5,987,Minimal Exposure,Minimal Exposure,Minimal Exposure,0.06,0.06,0.06,1120,1120,,one_to_one,official_crosswalk,6800,12378,19981,7144,13000,20000,2025-06,mom_occupational_wages_2025,0,,,published_broad_occupation_group,pmet,2026 Q1,2026-08-19,Exposure measures task overlap with current GenAI capabilities; it is not a job-loss probability or forecast.
9.0,11202,Company director,1,"LEGISLATORS, SENIOR OFFICIALS AND MANAGERS",11,112,1120,scored,0.38,0.38,0.38,67.6,667.5,987,Minimal Exposure,Minimal Exposure,Minimal Exposure,0.06,0.06,0.06,1120,1120,,one_to_one,official_crosswalk,8855,13562,18986,9000,13839,19472,2025-06,mom_occupational_wages_2025,0,,,published_broad_occupation_group,pmet,2026 Q1,2026-08-19,Exposure measures task overlap with current GenAI capabilities; it is not a job-loss probability or forecast.
9.0,11203,Chief operating officer/General manager,1,"LEGISLATORS, SENIOR OFFICIALS AND MANAGERS",11,112,1120,scored,0.38,0.38,0.38,67.6,667.5,987,Minimal Exposure,Minimal Exposure,Minimal Exposure,0.06,0.06,0.06,1120,1120,,one_to_one,official_crosswalk,9938,13500,19274,10000,13750,19585,2025-06,mom_occupational_wages_2025,0,,,published_broad_occupation_group,pmet,2026 Q1,2026-08-19,Exposure measures task overlap with current GenAI capabilities; it is not a job-loss probability or forecast.
9.0,12111,Budgeting/Financial accounting manager,1,"LEGISLATORS, SENIOR OFFICIALS AND MANAGERS",12,121,1211,scored,0.37,0.37,0.37,63.6,628.5,987,Minimal Exposure,Minimal Exposure,Minimal Exposure,0.04,0.04,0.04,1211,1211,,one_to_one,official_crosswalk,7244,9957,14729,7380,10136,15000,2025-06,mom_occupational_wages_2025,0,,,published_broad_occupation_group,pmet,2026 Q1,2026-08-19,Exposure measures task overlap with current GenAI capabilities; it is not a job-loss probability or forecast.
9.0,12112,Administration manager,1,"LEGISLATORS, SENIOR OFFICIALS AND MANAGERS",12,121,1211,scored,0.42,0.42,0.42,75.1,741.5,987,Exposed: Gradient 2,Exposed: Gradient 2,Exposed: Gradient 2,0.1,0.1,0.1,1219,1219,,one_to_one,official_crosswalk,5305,7970,10800,5450,8050,10950,2025-06,mom_occupational_wages_2025,0,,,published_broad_occupation_group,pmet,2026 Q1,2026-08-19,Exposure measures task overlap with current GenAI capabilities; it is not a job-loss probability or forecast.
9.0,12113,Audit manager,1,"LEGISLATORS, SENIOR OFFICIALS AND MANAGERS",12,121,1211,scored,0.37,0.37,0.37,63.6,628.5,987,Minimal Exposure,Minimal Exposure,Minimal Exposure,0.04,0.04,0.04,1211,1211,,one_to_one,official_crosswalk,8100,10514,14097,8262,10650,14402,2025-06,mom_occupational_wages_2025,0,,,published_broad_occupation_group,pmet,2026 Q1,2026-08-19,Exposure measures task overlap with current GenAI capabilities; it is not a job-loss probability or forecast.
9.0,12121,Personnel/Human resource manager,1,"LEGISLATORS, SENIOR OFFICIALS AND MANAGERS",12,121,1212,scored,0.36,0.36,0.36,60.2,594.5,987,Minimal Exposure,Minimal Exposure,Minimal Exposure,0.05,0.05,0.05,1212,1212,,one_to_one,official_crosswalk,5993,8588,13827,6100,8759,14045,2025-06,mom_occupational_wages_2025,0,,,published_broad_occupation_group,pmet,2026 Q1,2026-08-19,Exposure measures task overlap with current GenAI capabilities; it is not a job-loss probability or forecast.
9.0,12122,Industrial relations manager,1,"LEGISLATORS, SENIOR OFFICIALS AND MANAGERS",12,121,1212,scored,0.36,0.36,0.36,60.2,594.5,987,Minimal Exposure,Minimal Exposure,Minimal Exposure,0.05,0.05,0.05,1212,1212,,one_to_one,official_crosswalk,4928,6833,9242,5632,7804,9937,2025-06,mom_occupational_wages_2025,0,,,published_broad_occupation_group,pmet,2026 Q1,2026-08-19,Exposure measures task overlap with current GenAI capabilities; it is not a job-loss probability or forecast.
9.0,12123,Training manager,1,"LEGISLATORS, SENIOR OFFICIALS AND MANAGERS",12,121,1212,scored,0.36,0.36,0.36,60.2,594.5,987,Minimal Exposure,Minimal Exposure,Minimal Exposure,0.05,0.05,0.05,1212,1212,,one_to_one,official_crosswalk,5886,8000,10800,6079,8082,11055,2025-06,mom_occupational_wages_2025,0,,,published_broad_occupation_group,pmet,2026 Q1,2026-08-19,Exposure measures task overlap with current GenAI capabilities; it is not a job-loss probability or forecast.
9.0,12131,Policy manager,1,"LEGISLATORS, SENIOR OFFICIALS AND MANAGERS",12,121,1213,scored,0.36,0.36,0.36,60.2,594.5,987,Not Exposed,Not Exposed,Not Exposed,0.04,0.04,0.04,1213,1213,,one_to_one,official_crosswalk,8243,12208,19593,8540,12512,20000,2025-06,mom_occupational_wages_2025,0,,,published_broad_occupation_group,pmet,2026 Q1,2026-08-19,Exposure measures task overlap with current GenAI capabilities; it is not a job-loss probability or forecast.
9.0,12132,Strategic planning manager,1,"LEGISLATORS, SENIOR OFFICIALS AND MANAGERS",12,121,1213,scored,0.36,0.36,0.36,60.2,594.5,987,Not Exposed,Not Exposed,Not Exposed,0.04,0.04,0.04,1213,1213,,one_to_one,official_crosswalk,7900,10937,15881,8103,11150,16387,2025-06,mom_occupational_wages_2025,1,mom_jobs_in_demand_2025,Strategic planning manager,published_broad_occupation_group,pmet,2026 Q1,2026-08-19,Exposure measures task overlap with current GenAI capabilities; it is not a job-loss probability or forecast.
9.0,12133,Risk management manager,1,"LEGISLATORS, SENIOR OFFICIALS AND MANAGERS",12,121,1213,scored,0.36,0.36,0.36,60.2,594.5,987,Not Exposed,Not Exposed,Not Exposed,0.04,0.04,0.04,1213,1213,,one_to_one,official_crosswalk,12250,16833,19984,12611,17077,20000,2025-06,mom_occupational_wages_2025,0,,,published_broad_occupation_group,pmet,2026 Q1,2026-08-19,Exposure measures task overlap with current GenAI capabilities; it is not a job-loss probability or forecast.
9.0,12191,Premises/Facilities maintenance manager (excluding building security),1,"LEGISLATORS, SENIOR OFFICIALS AND MANAGERS",12,121,1219,scored,0.42,0.42,0.42,75.1,741.5,987,Exposed: Gradient 2,Exposed: Gradient 2,Exposed: Gradient 2,0.1,0.1,0.1,1219,1219,,one_to_one,official_crosswalk,5911,7922,11079,6045,8070,11351,2025-06,mom_occupational_wages_2025,0,,,published_broad_occupation_group,pmet,2026 Q1,2026-08-19,Exposure measures task overlap with current GenAI capabilities; it is not a job-loss probability or forecast.
9.0,12192,Landscape manager,1,"LEGISLATORS, SENIOR OFFICIALS AND MANAGERS",12,121,1219,scored,0.42,0.42,0.42,75.1,741.5,987,Exposed: Gradient 2,Exposed: Gradient 2,Exposed: Gradient 2,0.1,0.1,0.1,1219,1219,,one_to_one,official_crosswalk,3100,4580,5914,3500,4826,6500,2025-06,mom_occupational_wages_2025,0,,,published_broad_occupation_group,pmet,2026 Q1,2026-08-19,Exposure measures task overlap with current GenAI capabilities; it is not a job-loss probability or forecast.
9.0,12193,Cleaning operations manager,1,"LEGISLATORS, SENIOR OFFICIALS AND MANAGERS",12,121,1219,scored,0.42,0.42,0.42,75.1,741.5,987,Exposed: Gradient 2,Exposed: Gradient 2,Exposed: Gradient 2,0.1,0.1,0.1,1219,1219,,one_to_one,official_crosswalk,2700,3600,5405,3000,4925,6100,2025-06,mom_occupational_wages_2025,0,,,published_broad_occupation_group,pmet,2026 Q1,2026-08-19,Exposure measures task overlap with current GenAI capabilities; it is not a job-loss probability or forecast.
9.0,12194,Security manager,1,"LEGISLATORS, SENIOR OFFICIALS AND MANAGERS",12,121,1219,scored,0.42,0.42,0.42,75.1,741.5,987,Exposed: Gradient 2,Exposed: Gradient 2,Exposed: Gradient 2,0.1,0.1,0.1,1219,1219,,one_to_one,official_crosswalk,5020,7737,11331,5214,7838,11410,2025-06,mom_occupational_wages_2025,0,,,published_broad_occupation_group,pmet,2026 Q1,2026-08-19,Exposure measures task overlap with current GenAI capabilities; it is not a job-loss probability or forecast.
9.0,12195,Intellectual property manager,1,"LEGISLATORS, SENIOR OFFICIALS AND MANAGERS",12,121,1219,scored,0.42,0.42,0.42,75.1,741.5,987,Exposed: Gradient 2,Exposed: Gradient 2,Exposed: Gradient 2,0.1,0.1,0.1,1219,1219,,one_to_one,official_crosswalk,,,,,,,,,0,,,published_broad_occupation_group,pmet,2026 Q1,2026-08-19,Exposure measures task overlap with current GenAI capabilities; it is not a job-loss probability or forecast.|MOM does not publish a 2025 detailed wage row for this occupation.
9.0,12199,Other business services/administration manager n.e.c.,1,"LEGISLATORS, SENIOR OFFICIALS AND MANAGERS",12,121,1219,scored,0.42,0.42,0.42,75.1,741.5,987,Exposed: Gradient 2,Exposed: Gradient 2,Exposed: Gradient 2,0.1,0.1,0.1,1219,1219,,one_to_one,official_crosswalk,,,,,,,,,0,,,published_broad_occupation_group,pmet,2026 Q1,2026-08-19,Exposure measures task overlap with current GenAI capabilities; it is not a job-loss probability or forecast.|MOM does not publish a 2025 detailed wage row for this occupation.
9.0,12211,Sales manager,1,"LEGISLATORS, SENIOR OFFICIALS AND MANAGERS",12,122,1221,scored,0.41,0.41,0.41,73.3,724,987,Exposed: Gradient 2,Exposed: Gradient 2,Exposed: Gradient 2,0.09,0.09,0.09,1221,1221,,one_to_one,official_crosswalk,5600,8145,13125,6000,8559,13631,2025-06,mom_occupational_wages_2025,0,,,published_broad_occupation_group,pmet,2026 Q1,2026-08-19,Exposure measures task overlap with current GenAI capabilities; it is not a job-loss probability or forecast.
9.0,12212,Business development manager,1,"LEGISLATORS, SENIOR OFFICIALS AND MANAGERS",12,122,1221,scored,0.41,0.41,0.41,73.3,724,987,Exposed: Gradient 2,Exposed: Gradient 2,Exposed: Gradient 2,0.09,0.09,0.09,1221,1221,,one_to_one,official_crosswalk,6677,9716,15350,6865,10000,15736,2025-06,mom_occupational_wages_2025,1,mom_jobs_in_demand_2025,Business development manager,published_broad_occupation_group,pmet,2026 Q1,2026-08-19,Exposure measures task overlap with current GenAI capabilities; it is not a job-loss probability or forecast.
9.0,12213,Regional sales manager,1,"LEGISLATORS, SENIOR OFFICIALS AND MANAGERS",12,122,1221,scored,0.41,0.41,0.41,73.3,724,987,Exposed: Gradient 2,Exposed: Gradient 2,Exposed: Gradient 2,0.09,0.09,0.09,1221,1221,,one_to_one,official_crosswalk,8450,12213,16632,8820,12457,17361,2025-06,mom_occupational_wages_2025,0,,,published_broad_occupation_group,pmet,2026 Q1,2026-08-19,Exposure measures task overlap with current GenAI capabilities; it is not a job-loss probability or forecast.
9.0,12214,Merchandising/Category manager,1,"LEGISLATORS, SENIOR OFFICIALS AND MANAGERS",12,122,1221,scored,0.41,0.41,0.41,73.3,724,987,Exposed: Gradient 2,Exposed: Gradient 2,Exposed: Gradient 2,0.09,0.09,0.09,1221,1221,,one_to_one,official_crosswalk,6317,8508,11956,6584,8670,12420,2025-06,mom_occupational_wages_2025,0,,,published_broad_occupation_group,pmet,2026 Q1,2026-08-19,Exposure measures task overlap with current GenAI capabilities; it is not a job-loss probability or forecast.
9.0,12215,Online sales channel manager,1,"LEGISLATORS, SENIOR OFFICIALS AND MANAGERS",12,122,1221,scored,0.41,0.41,0.41,73.3,724,987,Exposed: Gradient 2,Exposed: Gradient 2,Exposed: Gradient 2,0.09,0.09,0.09,1221,1221,,one_to_one,official_crosswalk,7509,10393,13985,7659,10405,14173,2025-06,mom_occupational_wages_2025,0,,,published_broad_occupation_group,pmet,2026 Q1,2026-08-19,Exposure measures task overlap with current GenAI capabilities; it is not a job-loss probability or forecast.
9.0,12221,Advertising/Public relations manager,1,"LEGISLATORS, SENIOR OFFICIALS AND MANAGERS",12,122,1222,scored,0.39,0.39,0.39,70.3,694.5,987,Minimal Exposure,Minimal Exposure,Minimal Exposure,0.05,0.05,0.05,1222,1222,,one_to_one,official_crosswalk,5500,7546,10850,5640,7711,11046,2025-06,mom_occupational_wages_2025,0,,,published_broad_occupation_group,pmet,2026 Q1,2026-08-19,Exposure measures task overlap with current GenAI capabilities; it is not a job-loss probability or forecast.
9.0,12222,Marketing manager,1,"LEGISLATORS, SENIOR OFFICIALS AND MANAGERS",12,122,1222,scored,0.41,0.41,0.41,73.3,724,987,Exposed: Gradient 2,Exposed: Gradient 2,Exposed: Gradient 2,0.09,0.09,0.09,1221,1221,,one_to_one,official_crosswalk,6573,9856,15070,6773,10069,15600,2025-06,mom_occupational_wages_2025,0,,,published_broad_occupation_group,pmet,2026 Q1,2026-08-19,Exposure measures task overlap with current GenAI capabilities; it is not a job-loss probability or forecast.
9.0,12230,Research and development manager,1,"LEGISLATORS, SENIOR OFFICIALS AND MANAGERS",12,122,1223,scored,0.4,0.4,0.4,72,710.5,987,Minimal Exposure,Minimal Exposure,Minimal Exposure,0.06,0.06,0.06,1223,1223,,one_to_one,official_crosswalk,8713,11859,16251,8988,12000,16547,2025-06,mom_occupational_wages_2025,0,,,published_broad_occupation_group,pmet,2026 Q1,2026-08-19,Exposure measures task overlap with current GenAI capabilities; it is not a job-loss probability or forecast.
9.0,12241,Customer service manager,1,"LEGISLATORS, SENIOR OFFICIALS AND MANAGERS",12,122,1224,scored,0.42,0.42,0.42,75.1,741.5,987,Exposed: Gradient 2,Exposed: Gradient 2,Exposed: Gradient 2,0.1,0.1,0.1,1219,1219,,one_to_one,official_crosswalk,6134,8461,11524,6300,8700,11875,2025-06,mom_occupational_wages_2025,0,,,published_broad_occupation_group,pmet,2026 Q1,2026-08-19,Exposure measures task overlap with current GenAI capabilities; it is not a job-loss probability or forecast.
9.0,12242,Call centre manager,1,"LEGISLATORS, SENIOR OFFICIALS AND MANAGERS",12,122,1224,scored,0.42,0.42,0.42,75.1,741.5,987,Exposed: Gradient 2,Exposed: Gradient 2,Exposed: Gradient 2,0.1,0.1,0.1,1219,1219,,one_to_one,official_crosswalk,4346,6400,8977,4346,6428,9230,2025-06,mom_occupational_wages_2025,0,,,published_broad_occupation_group,pmet,2026 Q1,2026-08-19,Exposure measures task overlap with current GenAI capabilities; it is not a job-loss probability or forecast.
9.0,13100,Production manager in agriculture/fisheries,1,"LEGISLATORS, SENIOR OFFICIALS AND MANAGERS",13,131,1310,scored,0.245,0.22,0.27,30.3,299.5,987,Not Exposed|Minimal Exposure,Not Exposed,Minimal Exposure,0.105,0.08,0.13,1311|1312,1311|1312,,partial,official_crosswalk,,,,,,,,,0,,,published_broad_occupation_group,pmet,2026 Q1,2026-08-19,Exposure measures task overlap with current GenAI capabilities; it is not a job-loss probability or forecast.|SSOC maps to multiple ISCO groups without official employment weights; the median and range are shown.|MOM does not publish a 2025 detailed wage row for this occupation.
9.0,13210,Manufacturing manager,1,"LEGISLATORS, SENIOR OFFICIALS AND MANAGERS",13,132,1321,scored,0.38,0.38,0.38,67.6,667.5,987,Minimal Exposure,Minimal Exposure,Minimal Exposure,0.11,0.11,0.11,1321,1321,,one_to_one,official_crosswalk,4000,6864,10579,4285,7315,10922,2025-06,mom_occupational_wages_2025,0,,,published_broad_occupation_group,pmet,2026 Q1,2026-08-19,Exposure measures task overlap with current GenAI capabilities; it is not a job-loss probability or forecast.
9.0,13230,Construction manager,1,"LEGISLATORS, SENIOR OFFICIALS AND MANAGERS",13,132,1323,scored,0.34,0.34,0.34,55.6,549,987,Minimal Exposure,Minimal Exposure,Minimal Exposure,0.06,0.06,0.06,1323,1323,,one_to_one,official_crosswalk,3572,5821,8800,3800,6000,9057,2025-06,mom_occupational_wages_2025,0,,,published_broad_occupation_group,pmet,2026 Q1,2026-08-19,Exposure measures task overlap with current GenAI capabilities; it is not a job-loss probability or forecast.
9.0,13241,Supply and distribution/Logistics/Warehousing manager,1,"LEGISLATORS, SENIOR OFFICIALS AND MANAGERS",13,132,1324,scored,0.38,0.38,0.38,67.6,667.5,987,Minimal Exposure,Minimal Exposure,Minimal Exposure,0.05,0.05,0.05,1324,1324,,one_to_one,official_crosswalk,5572,8205,12338,5833,8500,12678,2025-06,mom_occupational_wages_2025,0,,,published_broad_occupation_group,pmet,2026 Q1,2026-08-19,Exposure measures task overlap with current GenAI capabilities; it is not a job-loss probability or forecast.
9.0,13242,Procurement/Purchasing manager,1,"LEGISLATORS, SENIOR OFFICIALS AND MANAGERS",13,132,1324,scored,0.38,0.38,0.38,67.6,667.5,987,Minimal Exposure,Minimal Exposure,Minimal Exposure,0.05,0.05,0.05,1324,1324,,one_to_one,official_crosswalk,6237,8495,12620,6386,8644,13042,2025-06,mom_occupational_wages_2025,0,,,published_broad_occupation_group,pmet,2026 Q1,2026-08-19,Exposure measures task overlap with current GenAI capabilities; it is not a job-loss probability or forecast.
9.0,13243,Transport/Technical operations manager (excluding port and shipping operations),1,"LEGISLATORS, SENIOR OFFICIALS AND MANAGERS",13,132,1324,scored,0.38,0.38,0.38,67.6,667.5,987,Minimal Exposure,Minimal Exposure,Minimal Exposure,0.05,0.05,0.05,1324,1324,,one_to_one,official_crosswalk,4141,6121,9000,4592,6297,9165,2025-06,mom_occupational_wages_2025,0,,,published_broad_occupation_group,pmet,2026 Q1,2026-08-19,Exposure measures task overlap with current GenAI capabilities; it is not a job-loss probability or forecast.
9.0,13244,Postal service manager,1,"LEGISLATORS, SENIOR OFFICIALS AND MANAGERS",13,132,1324,scored,0.38,0.38,0.38,67.6,667.5,987,Minimal Exposure,Minimal Exposure,Minimal Exposure,0.05,0.05,0.05,1324,1324,,one_to_one,official_crosswalk,5589,9832,13605,5939,10878,14688,2025-06,mom_occupational_wages_2025,0,,,published_broad_occupation_group,pmet,2026 Q1,2026-08-19,Exposure measures task overlap with current GenAI capabilities; it is not a job-loss probability or forecast.
9.0,13245,Port/Shipping operations manager,1,"LEGISLATORS, SENIOR OFFICIALS AND MANAGERS",13,132,1324,scored,0.38,0.38,0.38,67.6,667.5,987,Minimal Exposure,Minimal Exposure,Minimal Exposure,0.05,0.05,0.05,1324,1324,,one_to_one,official_crosswalk,7180,9518,15000,7384,9681,15200,2025-06,mom_occupational_wages_2025,0,,,published_broad_occupation_group,pmet,2026 Q1,2026-08-19,Exposure measures task overlap with current GenAI capabilities; it is not a job-loss probability or forecast.
9.0,13291,Technical/Engineering services manager (excluding transport),1,"LEGISLATORS, SENIOR OFFICIALS AND MANAGERS",13,132,1329,scored,0.36,0.34,0.38,60.2,594.5,987,Minimal Exposure,Minimal Exposure,Minimal Exposure,0.085,0.06,0.11,1323|1321,1323|1321,,partial,official_crosswalk,6704,9940,13687,7039,10112,14114,2025-06,mom_occupational_wages_2025,0,,,published_broad_occupation_group,pmet,2026 Q1,2026-08-19,Exposure measures task overlap with current GenAI capabilities; it is not a job-loss probability or forecast.|SSOC maps to multiple ISCO groups without official employment weights; the median and range are shown.
9.0,13292,Quality control/assurance manager,1,"LEGISLATORS, SENIOR OFFICIALS AND MANAGERS",13,132,1329,scored,0.36,0.34,0.38,60.2,594.5,987,Minimal Exposure,Minimal Exposure,Minimal Exposure,0.085,0.06,0.11,1323|1321,1323|1321,,partial,official_crosswalk,6644,9057,12888,7000,9500,13220,2025-06,mom_occupational_wages_2025,0,,,published_broad_occupation_group,pmet,2026 Q1,2026-08-19,Exposure measures task overlap with current GenAI capabilities; it is not a job-loss probability or forecast.|SSOC maps to multiple ISCO groups without official employment weights; the median and range are shown.
9.0,13299,Other production/operations manager n.e.c.,1,"LEGISLATORS, SENIOR OFFICIALS AND MANAGERS",13,132,1329,scored,0.35,0.35,0.35,57.4,567,987,Minimal Exposure,Minimal Exposure,Minimal Exposure,0.11,0.11,0.11,1322,1322,,one_to_one,official_crosswalk,,,,,,,,,0,,,published_broad_occupation_group,pmet,2026 Q1,2026-08-19,Exposure measures task overlap with current GenAI capabilities; it is not a job-loss probability or forecast.|MOM does not publish a 2025 detailed wage row for this occupation.
9.0,13301,Chief information officer/Chief technology officer/Chief information security officer,1,"LEGISLATORS, SENIOR OFFICIALS AND MANAGERS",13,133,1330,scored,0.44,0.44,0.44,78.3,773,987,Exposed: Gradient 2,Exposed: Gradient 2,Exposed: Gradient 2,0.07,0.07,0.07,1330,1330,,one_to_one,official_crosswalk,12158,17500,20000,12763,17812,20000,2025-06,mom_occupational_wages_2025,0,,,published_broad_occupation_group,pmet,2026 Q1,2026-08-19,Exposure measures task overlap with current GenAI capabilities; it is not a job-loss probability or forecast.
9.0,13302,Software and applications manager,1,"LEGISLATORS, SENIOR OFFICIALS AND MANAGERS",13,133,1330,scored,0.44,0.44,0.44,78.3,773,987,Exposed: Gradient 2,Exposed: Gradient 2,Exposed: Gradient 2,0.07,0.07,0.07,1330,1330,,one_to_one,official_crosswalk,8998,12000,16344,9243,12500,16816,2025-06,mom_occupational_wages_2025,1,mom_sol_2026,Software and applications manager,published_broad_occupation_group,pmet,2026 Q1,2026-08-19,Exposure measures task overlap with current GenAI capabilities; it is not a job-loss probability or forecast.
9.0,13303,Network/Communications/Infrastructure manager,1,"LEGISLATORS, SENIOR OFFICIALS AND MANAGERS",13,133,1330,scored,0.44,0.44,0.44,78.3,773,987,Exposed: Gradient 2,Exposed: Gradient 2,Exposed: Gradient 2,0.07,0.07,0.07,1330,1330,,one_to_one,official_crosswalk,8500,10680,14719,8600,10911,15032,2025-06,mom_occupational_wages_2025,0,,,published_broad_occupation_group,pmet,2026 Q1,2026-08-19,Exposure measures task overlap with current GenAI capabilities; it is not a job-loss probability or forecast.
9.0,13304,ICT service manager,1,"LEGISLATORS, SENIOR OFFICIALS AND MANAGERS",13,133,1330,scored,0.44,0.44,0.44,78.3,773,987,Exposed: Gradient 2,Exposed: Gradient 2,Exposed: Gradient 2,0.07,0.07,0.07,1330,1330,,one_to_one,official_crosswalk,7178,9398,12312,7249,9510,12436,2025-06,mom_occupational_wages_2025,0,,,published_broad_occupation_group,pmet,2026 Q1,2026-08-19,Exposure measures task overlap with current GenAI capabilities; it is not a job-loss probability or forecast.
9.0,13305,Chief product officer,1,"LEGISLATORS, SENIOR OFFICIALS AND MANAGERS",13,133,1330,scored,0.425,0.41,0.44,76.2,752,987,Exposed: Gradient 2,Exposed: Gradient 2,Exposed: Gradient 2,0.08,0.07,0.09,1221|1330,1221|1330,,partial,official_crosswalk,,,,,,,,,0,,,published_broad_occupation_group,pmet,2026 Q1,2026-08-19,Exposure measures task overlap with current GenAI capabilities; it is not a job-loss probability or forecast.|SSOC maps to multiple ISCO groups without official employment weights; the median and range are shown.|MOM does not publish a 2025 detailed wage row for this occupation.
9.0,13306,ICT product design manager,1,"LEGISLATORS, SENIOR OFFICIALS AND MANAGERS",13,133,1330,scored,0.44,0.44,0.44,78.3,773,987,Exposed: Gradient 2,Exposed: Gradient 2,Exposed: Gradient 2,0.07,0.07,0.07,1330,1330,,one_to_one,official_crosswalk,,,,,,,,,0,,,published_broad_occupation_group,pmet,2026 Q1,2026-08-19,Exposure measures task overlap with current GenAI capabilities; it is not a job-loss probability or forecast.|MOM does not publish a 2025 detailed wage row for this occupation.
9.0,13410,Preschool education/Early intervention centre manager,1,"LEGISLATORS, SENIOR OFFICIALS AND MANAGERS",13,134,1341,scored,0.3,0.3,0.3,49.4,488,987,Minimal Exposure,Minimal Exposure,Minimal Exposure,0.15,0.15,0.15,1341,1341,,one_to_one,official_crosswalk,6793,8105,9518,6820,8242,9542,2025-06,mom_occupational_wages_2025,0,,,published_broad_occupation_group,pmet,2026 Q1,2026-08-19,Exposure measures task overlap with current GenAI capabilities; it is not a job-loss probability or forecast.
9.0,13420,Health services manager,1,"LEGISLATORS, SENIOR OFFICIALS AND MANAGERS",13,134,1342,scored,0.36,0.36,0.36,60.2,594.5,987,Minimal Exposure,Minimal Exposure,Minimal Exposure,0.05,0.05,0.05,1342,1342,,one_to_one,official_crosswalk,6441,8643,12799,6500,8709,12799,2025-06,mom_occupational_wages_2025,0,,,published_broad_occupation_group,pmet,2026 Q1,2026-08-19,Exposure measures task overlap with current GenAI capabilities; it is not a job-loss probability or forecast.
9.0,13430,Aged care services manager,1,"LEGISLATORS, SENIOR OFFICIALS AND MANAGERS",13,134,1343,scored,0.34,0.34,0.34,55.6,549,987,Minimal Exposure,Minimal Exposure,Minimal Exposure,0.09,0.09,0.09,1343,1343,,one_to_one,official_crosswalk,5366,6962,8506,5571,7149,8832,2025-06,mom_occupational_wages_2025,0,,,published_broad_occupation_group,pmet,2026 Q1,2026-08-19,Exposure measures task overlap with current GenAI capabilities; it is not a job-loss probability or forecast.
9.0,13441,Social services manager,1,"LEGISLATORS, SENIOR OFFICIALS AND MANAGERS",13,134,1344,scored,0.37,0.37,0.37,63.6,628.5,987,Minimal Exposure,Minimal Exposure,Minimal Exposure,0.07,0.07,0.07,1344,1344,,one_to_one,official_crosswalk,4330,6517,9345,4427,6580,9390,2025-06,mom_occupational_wages_2025,0,,,published_broad_occupation_group,pmet,2026 Q1,2026-08-19,Exposure measures task overlap with current GenAI capabilities; it is not a job-loss probability or forecast.
9.0,13442,Volunteer manager,1,"LEGISLATORS, SENIOR OFFICIALS AND MANAGERS",13,134,1344,scored,0.37,0.37,0.37,63.6,628.5,987,Minimal Exposure,Minimal Exposure,Minimal Exposure,0.07,0.07,0.07,1344,1344,,one_to_one,official_crosswalk,,,,,,,,,0,,,published_broad_occupation_group,pmet,2026 Q1,2026-08-19,Exposure measures task overlap with current GenAI capabilities; it is not a job-loss probability or forecast.|MOM does not publish a 2025 detailed wage row for this occupation.
9.0,13451,School principal,1,"LEGISLATORS, SENIOR OFFICIALS AND MANAGERS",13,134,1345,scored,0.36,0.36,0.36,60.2,594.5,987,Minimal Exposure,Minimal Exposure,Minimal Exposure,0.1,0.1,0.1,1345,1345,,one_to_one,official_crosswalk,5525,6601,8010,5740,6828,8345,2025-06,mom_occupational_wages_2025,0,,,published_broad_occupation_group,pmet,2026 Q1,2026-08-19,Exposure measures task overlap with current GenAI capabilities; it is not a job-loss probability or forecast.
9.0,13459,Education/Training institution manager n.e.c.,1,"LEGISLATORS, SENIOR OFFICIALS AND MANAGERS",13,134,1345,scored,0.36,0.36,0.36,60.2,594.5,987,Minimal Exposure,Minimal Exposure,Minimal Exposure,0.1,0.1,0.1,1345,1345,,one_to_one,official_crosswalk,,,,,,,,,0,,,published_broad_occupation_group,pmet,2026 Q1,2026-08-19,Exposure measures task overlap with current GenAI capabilities; it is not a job-loss probability or forecast.|MOM does not publish a 2025 detailed wage row for this occupation.
9.0,13461,Financial services manager,1,"LEGISLATORS, SENIOR OFFICIALS AND MANAGERS",13,134,1346,scored,0.47,0.47,0.47,82.8,817,987,Exposed: Gradient 2,Exposed: Gradient 2,Exposed: Gradient 2,0.12,0.12,0.12,1346,1346,,one_to_one,official_crosswalk,7618,11208,18508,7725,11600,19194,2025-06,mom_occupational_wages_2025,0,,,published_broad_occupation_group,pmet,2026 Q1,2026-08-19,Exposure measures task overlap with current GenAI capabilities; it is not a job-loss probability or forecast.
9.0,13462,Insurance services manager,1,"LEGISLATORS, SENIOR OFFICIALS AND MANAGERS",13,134,1346,scored,0.47,0.47,0.47,82.8,817,987,Exposed: Gradient 2,Exposed: Gradient 2,Exposed: Gradient 2,0.12,0.12,0.12,1346,1346,,one_to_one,official_crosswalk,8113,11139,17785,8220,11450,18102,2025-06,mom_occupational_wages_2025,0,,,published_broad_occupation_group,pmet,2026 Q1,2026-08-19,Exposure measures task overlap with current GenAI capabilities; it is not a job-loss probability or forecast.
9.0,13463,Financial risk manager,1,"LEGISLATORS, SENIOR OFFICIALS AND MANAGERS",13,134,1346,scored,0.47,0.47,0.47,82.8,817,987,Exposed: Gradient 2,Exposed: Gradient 2,Exposed: Gradient 2,0.12,0.12,0.12,1346,1346,,one_to_one,official_crosswalk,8273,12815,18571,8453,13058,19480,2025-06,mom_occupational_wages_2025,0,,,published_broad_occupation_group,pmet,2026 Q1,2026-08-19,Exposure measures task overlap with current GenAI capabilities; it is not a job-loss probability or forecast.
9.0,13491,National security/Civil defence/Immigration managerial officer,1,"LEGISLATORS, SENIOR OFFICIALS AND MANAGERS",13,134,1349,scored,0.38,0.38,0.38,67.6,667.5,987,Minimal Exposure,Minimal Exposure,Minimal Exposure,0.07,0.07,0.07,1349,1349,,one_to_one,official_crosswalk,,,,,,,,,0,,,published_broad_occupation_group,pmet,2026 Q1,2026-08-19,Exposure measures task overlap with current GenAI capabilities; it is not a job-loss probability or forecast.|MOM does not publish a 2025 detailed wage row for this occupation.
9.0,13492,Community partnership/relations manager,1,"LEGISLATORS, SENIOR OFFICIALS AND MANAGERS",13,134,1349,scored,0.38,0.38,0.38,67.6,667.5,987,Minimal Exposure,Minimal Exposure,Minimal Exposure,0.07,0.07,0.07,1349,1349,,one_to_one,official_crosswalk,6370,7382,9463,6482,7600,9820,2025-06,mom_occupational_wages_2025,0,,,published_broad_occupation_group,pmet,2026 Q1,2026-08-19,Exposure measures task overlap with current GenAI capabilities; it is not a job-loss probability or forecast.
9.0,13493,Media/Broadcast manager,1,"LEGISLATORS, SENIOR OFFICIALS AND MANAGERS",13,134,1349,scored,0.38,0.38,0.38,67.6,667.5,987,Minimal Exposure,Minimal Exposure,Minimal Exposure,0.07,0.07,0.07,1349,1349,,one_to_one,official_crosswalk,6654,8553,10816,6660,8561,10825,2025-06,mom_occupational_wages_2025,0,,,published_broad_occupation_group,pmet,2026 Q1,2026-08-19,Exposure measures task overlap with current GenAI capabilities; it is not a job-loss probability or forecast.
9.0,13499,Other professional/financial/community/social services manager n.e.c.,1,"LEGISLATORS, SENIOR OFFICIALS AND MANAGERS",13,134,1349,scored,0.38,0.38,0.38,67.6,667.5,987,Minimal Exposure,Minimal Exposure,Minimal Exposure,0.07,0.07,0.07,1349,1349,,one_to_one,official_crosswalk,,,,,,,,,0,,,published_broad_occupation_group,pmet,2026 Q1,2026-08-19,Exposure measures task overlap with current GenAI capabilities; it is not a job-loss probability or forecast.|MOM does not publish a 2025 detailed wage row for this occupation.
9.0,14110,Hotel operations/Lodging services manager,1,"LEGISLATORS, SENIOR OFFICIALS AND MANAGERS",14,141,1411,scored,0.37,0.37,0.37,63.6,628.5,987,Exposed: Gradient 1,Exposed: Gradient 1,Exposed: Gradient 1,0.13,0.13,0.13,1411,1411,,one_to_one,official_crosswalk,4104,5000,6764,4210,5143,6848,2025-06,mom_occupational_wages_2025,0,,,published_broad_occupation_group,pmet,2026 Q1,2026-08-19,Exposure measures task overlap with current GenAI capabilities; it is not a job-loss probability or forecast.
9.0,14121,Restaurant manager,1,"LEGISLATORS, SENIOR OFFICIALS AND MANAGERS",14,141,1412,scored,0.36,0.36,0.36,60.2,594.5,987,Minimal Exposure,Minimal Exposure,Minimal Exposure,0.12,0.12,0.12,1412,1412,,one_to_one,official_crosswalk,2488,3500,4877,2857,3900,5086,2025-06,mom_occupational_wages_2025,0,,,published_broad_occupation_group,pmet,2026 Q1,2026-08-19,Exposure measures task overlap with current GenAI capabilities; it is not a job-loss probability or forecast.
9.0,14122,Catering manager,1,"LEGISLATORS, SENIOR OFFICIALS AND MANAGERS",14,141,1412,scored,0.36,0.36,0.36,60.2,594.5,987,Minimal Exposure,Minimal Exposure,Minimal Exposure,0.12,0.12,0.12,1412,1412,,one_to_one,official_crosswalk,3105,4874,6292,3140,4884,6292,2025-06,mom_occupational_wages_2025,0,,,published_broad_occupation_group,pmet,2026 Q1,2026-08-19,Exposure measures task overlap with current GenAI capabilities; it is not a job-loss probability or forecast.
9.0,14123,Food and beverage operations manager,1,"LEGISLATORS, SENIOR OFFICIALS AND MANAGERS",14,141,1412,scored,0.36,0.36,0.36,60.2,594.5,987,Minimal Exposure,Minimal Exposure,Minimal Exposure,0.12,0.12,0.12,1412,1412,,one_to_one,official_crosswalk,2716,3776,5433,2900,3980,5640,2025-06,mom_occupational_wages_2025,0,,,published_broad_occupation_group,pmet,2026 Q1,2026-08-19,Exposure measures task overlap with current GenAI capabilities; it is not a job-loss probability or forecast.
9.0,14201,Retail manager,1,"LEGISLATORS, SENIOR OFFICIALS AND MANAGERS",14,142,1420,scored,0.44,0.44,0.44,78.3,773,987,Exposed: Gradient 2,Exposed: Gradient 2,Exposed: Gradient 2,0.15,0.15,0.15,1420,1420,,one_to_one,official_crosswalk,3500,5000,7363,3816,5270,7700,2025-06,mom_occupational_wages_2025,0,,,published_broad_occupation_group,pmet,2026 Q1,2026-08-19,Exposure measures task overlap with current GenAI capabilities; it is not a job-loss probability or forecast.
9.0,14202,Wholesale trade manager,1,"LEGISLATORS, SENIOR OFFICIALS AND MANAGERS",14,142,1420,scored,0.44,0.44,0.44,78.3,773,987,Exposed: Gradient 2,Exposed: Gradient 2,Exposed: Gradient 2,0.15,0.15,0.15,1420,1420,,one_to_one,official_crosswalk,6980,10323,19345,7530,10650,20000,2025-06,mom_occupational_wages_2025,0,,,published_broad_occupation_group,pmet,2026 Q1,2026-08-19,Exposure measures task overlap with current GenAI capabilities; it is not a job-loss probability or forecast.
9.0,14310,Sports centre manager,1,"LEGISLATORS, SENIOR OFFICIALS AND MANAGERS",14,143,1431,scored,0.32,0.32,0.32,53,524,987,Minimal Exposure,Minimal Exposure,Minimal Exposure,0.1,0.1,0.1,1431,1431,,one_to_one,official_crosswalk,3708,5205,8226,4594,6402,9314,2025-06,mom_occupational_wages_2025,0,,,published_broad_occupation_group,pmet,2026 Q1,2026-08-19,Exposure measures task overlap with current GenAI capabilities; it is not a job-loss probability or forecast.
9.0,14321,Casino operations manager,1,"LEGISLATORS, SENIOR OFFICIALS AND MANAGERS",14,143,1432,scored,0.32,0.32,0.32,53,524,987,Minimal Exposure,Minimal Exposure,Minimal Exposure,0.1,0.1,0.1,1431,1431,,one_to_one,official_crosswalk,6081,7918,9721,6081,7918,9740,2025-06,mom_occupational_wages_2025,0,,,published_broad_occupation_group,pmet,2026 Q1,2026-08-19,Exposure measures task overlap with current GenAI capabilities; it is not a job-loss probability or forecast.
9.0,14322,Attractions manager,1,"LEGISLATORS, SENIOR OFFICIALS AND MANAGERS",14,143,1432,scored,0.32,0.32,0.32,53,524,987,Minimal Exposure,Minimal Exposure,Minimal Exposure,0.1,0.1,0.1,1431,1431,,one_to_one,official_crosswalk,4632,5556,8384,4633,5558,8425,2025-06,mom_occupational_wages_2025,0,,,published_broad_occupation_group,pmet,2026 Q1,2026-08-19,Exposure measures task overlap with current GenAI capabilities; it is not a job-loss probability or forecast.
9.0,14323,Discotheque/Karaoke/Nightclub manager,1,"LEGISLATORS, SENIOR OFFICIALS AND MANAGERS",14,143,1432,scored,0.32,0.32,0.32,53,524,987,Minimal Exposure,Minimal Exposure,Minimal Exposure,0.1,0.1,0.1,1431,1431,,one_to_one,official_crosswalk,,,,,,,,,0,,,published_broad_occupation_group,pmet,2026 Q1,2026-08-19,Exposure measures task overlap with current GenAI capabilities; it is not a job-loss probability or forecast.|MOM does not publish a 2025 detailed wage row for this occupation.
9.0,14324,Wellness centre manager,1,"LEGISLATORS, SENIOR OFFICIALS AND MANAGERS",14,143,1432,scored,0.32,0.32,0.32,53,524,987,Minimal Exposure,Minimal Exposure,Minimal Exposure,0.1,0.1,0.1,1431,1431,,one_to_one,official_crosswalk,2745,4000,6000,4261,6000,9932,2025-06,mom_occupational_wages_2025,0,,,published_broad_occupation_group,pmet,2026 Q1,2026-08-19,Exposure measures task overlap with current GenAI capabilities; it is not a job-loss probability or forecast.
9.0,14325,Country club manager,1,"LEGISLATORS, SENIOR OFFICIALS AND MANAGERS",14,143,1432,scored,0.32,0.32,0.32,53,524,987,Minimal Exposure,Minimal Exposure,Minimal Exposure,0.1,0.1,0.1,1431,1431,,one_to_one,official_crosswalk,,,,,,,,,0,,,published_broad_occupation_group,pmet,2026 Q1,2026-08-19,Exposure measures task overlap with current GenAI capabilities; it is not a job-loss probability or forecast.|MOM does not publish a 2025 detailed wage row for this occupation.
9.0,14329,Recreation centre manager n.e.c.,1,"LEGISLATORS, SENIOR OFFICIALS AND MANAGERS",14,143,1432,scored,0.32,0.32,0.32,53,524,987,Minimal Exposure,Minimal Exposure,Minimal Exposure,0.1,0.1,0.1,1431,1431,,one_to_one,official_crosswalk,,,,,,,,,0,,,published_broad_occupation_group,pmet,2026 Q1,2026-08-19,Exposure measures task overlap with current GenAI capabilities; it is not a job-loss probability or forecast.|MOM does not publish a 2025 detailed wage row for this occupation.
9.0,14330,Arts/Cultural centre manager,1,"LEGISLATORS, SENIOR OFFICIALS AND MANAGERS",14,143,1433,scored,0.35,0.32,0.38,57.4,567,987,Minimal Exposure,Minimal Exposure,Minimal Exposure,0.085,0.07,0.1,1349|1431,1349|1431,,partial,official_crosswalk,,,,,,,,,0,,,published_broad_occupation_group,pmet,2026 Q1,2026-08-19,Exposure measures task overlap with current GenAI capabilities; it is not a job-loss probability or forecast.|SSOC maps to multiple ISCO groups without official employment weights; the median and range are shown.|MOM does not publish a 2025 detailed wage row for this occupation.
9.0,14391,Event manager,1,"LEGISLATORS, SENIOR OFFICIALS AND MANAGERS",14,143,1439,insufficient_evidence,,,,,,,,,,,,,1439,,,one_to_one,official_crosswalk_without_ilo_score,4841,6230,9252,4888,6240,9292,2025-06,mom_occupational_wages_2025,0,,,published_broad_occupation_group,pmet,2026 Q1,2026-08-19,Exposure measures task overlap with current GenAI capabilities; it is not a job-loss probability or forecast.|No usable ILO 2025 score exists for the official ISCO mapping.
9.0,14392,Travel agency manager,1,"LEGISLATORS, SENIOR OFFICIALS AND MANAGERS",14,143,1439,insufficient_evidence,,,,,,,,,,,,,1439,,,one_to_one,official_crosswalk_without_ilo_score,4300,7240,9556,5000,7240,11000,2025-06,mom_occupational_wages_2025,0,,,published_broad_occupation_group,pmet,2026 Q1,2026-08-19,Exposure measures task overlap with current GenAI capabilities; it is not a job-loss probability or forecast.|No usable ILO 2025 score exists for the official ISCO mapping.
9.0,14399,Other services manager n.e.c.,1,"LEGISLATORS, SENIOR OFFICIALS AND MANAGERS",14,143,1439,insufficient_evidence,,,,,,,,,,,,,1439,,,one_to_one,official_crosswalk_without_ilo_score,,,,,,,,,0,,,published_broad_occupation_group,pmet,2026 Q1,2026-08-19,Exposure measures task overlap with current GenAI capabilities; it is not a job-loss probability or forecast.|No usable ILO 2025 score exists for the official ISCO mapping.|MOM does not publish a 2025 detailed wage row for this occupation.
9.0,21110,Physicist/Astronomer,2,PROFESSIONALS,21,211,2111,scored,0.38,0.38,0.38,67.6,667.5,987,Exposed: Gradient 1,Exposed: Gradient 1,Exposed: Gradient 1,0.14,0.14,0.14,2111,2111,,one_to_one,official_crosswalk,,,,,,,,,0,,,published_broad_occupation_group,pmet,2026 Q1,2026-08-19,Exposure measures task overlap with current GenAI capabilities; it is not a job-loss probability or forecast.|MOM does not publish a 2025 detailed wage row for this occupation.
9.0,21120,Meteorologist,2,PROFESSIONALS,21,211,2112,scored,0.54,0.54,0.54,90.2,890,987,Exposed: Gradient 3,Exposed: Gradient 3,Exposed: Gradient 3,0.13,0.13,0.13,2112,2112,,one_to_one,official_crosswalk,,,,,,,,,0,,,published_broad_occupation_group,pmet,2026 Q1,2026-08-19,Exposure measures task overlap with current GenAI capabilities; it is not a job-loss probability or forecast.|MOM does not publish a 2025 detailed wage row for this occupation.
9.0,21130,Chemist,2,PROFESSIONALS,21,211,2113,scored,0.39,0.39,0.39,70.3,694.5,987,Minimal Exposure,Minimal Exposure,Minimal Exposure,0.1,0.1,0.1,2113,2113,,one_to_one,official_crosswalk,4326,6150,9417,4728,6770,10152,2025-06,mom_occupational_wages_2025,0,,,published_broad_occupation_group,pmet,2026 Q1,2026-08-19,Exposure measures task overlap with current GenAI capabilities; it is not a job-loss probability or forecast.
9.0,21141,Geologist,2,PROFESSIONALS,21,211,2114,scored,0.36,0.36,0.36,60.2,594.5,987,Minimal Exposure,Minimal Exposure,Minimal Exposure,0.1,0.1,0.1,2114,2114,,one_to_one,official_crosswalk,,,,,,,,,0,,,published_broad_occupation_group,pmet,2026 Q1,2026-08-19,Exposure measures task overlap with current GenAI capabilities; it is not a job-loss probability or forecast.|MOM does not publish a 2025 detailed wage row for this occupation.
9.0,21142,Geophysicist,2,PROFESSIONALS,21,211,2114,scored,0.36,0.36,0.36,60.2,594.5,987,Minimal Exposure,Minimal Exposure,Minimal Exposure,0.1,0.1,0.1,2114,2114,,one_to_one,official_crosswalk,,,,,,,,,0,,,published_broad_occupation_group,pmet,2026 Q1,2026-08-19,Exposure measures task overlap with current GenAI capabilities; it is not a job-loss probability or forecast.|MOM does not publish a 2025 detailed wage row for this occupation.
9.0,21149,Geologist/Geophysicist and related physical science professional n.e.c.,2,PROFESSIONALS,21,211,2114,scored,0.36,0.36,0.36,60.2,594.5,987,Minimal Exposure,Minimal Exposure,Minimal Exposure,0.1,0.1,0.1,2114,2114,,one_to_one,official_crosswalk,,,,,,,,,0,,,published_broad_occupation_group,pmet,2026 Q1,2026-08-19,Exposure measures task overlap with current GenAI capabilities; it is not a job-loss probability or forecast.|MOM does not publish a 2025 detailed wage row for this occupation.
9.0,21211,Mathematician,2,PROFESSIONALS,21,212,2121,scored,0.56,0.56,0.56,93.1,919,987,Exposed: Gradient 3,Exposed: Gradient 3,Exposed: Gradient 3,0.09,0.09,0.09,2120,2120,,one_to_one,official_crosswalk,,,,,,,,,0,,,published_broad_occupation_group,pmet,2026 Q1,2026-08-19,Exposure measures task overlap with current GenAI capabilities; it is not a job-loss probability or forecast.|MOM does not publish a 2025 detailed wage row for this occupation.
9.0,21212,Operations research analyst,2,PROFESSIONALS,21,212,2121,scored,0.56,0.56,0.56,93.1,919,987,Exposed: Gradient 3,Exposed: Gradient 3,Exposed: Gradient 3,0.09,0.09,0.09,2120,2120,,one_to_one,official_crosswalk,6810,9055,13300,7114,9600,13397,2025-06,mom_occupational_wages_2025,0,,,published_broad_occupation_group,pmet,2026 Q1,2026-08-19,Exposure measures task overlap with current GenAI capabilities; it is not a job-loss probability or forecast.
9.0,21213,Actuary,2,PROFESSIONALS,21,212,2121,scored,0.56,0.56,0.56,93.1,919,987,Exposed: Gradient 3,Exposed: Gradient 3,Exposed: Gradient 3,0.09,0.09,0.09,2120,2120,,one_to_one,official_crosswalk,5287,7814,11480,5433,7953,11616,2025-06,mom_occupational_wages_2025,0,,,published_broad_occupation_group,pmet,2026 Q1,2026-08-19,Exposure measures task overlap with current GenAI capabilities; it is not a job-loss probability or forecast.
9.0,21221,Statistician,2,PROFESSIONALS,21,212,2122,scored,0.56,0.56,0.56,93.1,919,987,Exposed: Gradient 3,Exposed: Gradient 3,Exposed: Gradient 3,0.09,0.09,0.09,2120,2120,,one_to_one,official_crosswalk,6220,7723,9173,6292,7723,9173,2025-06,mom_occupational_wages_2025,0,,,published_broad_occupation_group,pmet,2026 Q1,2026-08-19,Exposure measures task overlap with current GenAI capabilities; it is not a job-loss probability or forecast.
9.0,21222,Data scientist,2,PROFESSIONALS,21,212,2122,scored,0.56,0.56,0.56,93.1,919,987,Exposed: Gradient 3,Exposed: Gradient 3,Exposed: Gradient 3,0.09,0.09,0.09,2120,2120,,one_to_one,official_crosswalk,7528,9522,12562,7857,10110,13727,2025-06,mom_occupational_wages_2025,2,mom_jobs_in_demand_2025|mom_sol_2026,Data scientist|Data scientist,published_broad_occupation_group,pmet,2026 Q1,2026-08-19,Exposure measures task overlap with current GenAI capabilities; it is not a job-loss probability or forecast.
9.0,21231,Statistical officer/Data analyst,2,PROFESSIONALS,21,212,2123,scored,0.565,0.56,0.57,93.6,924,987,Exposed: Gradient 3,Exposed: Gradient 3,Exposed: Gradient 3,0.095,0.09,0.1,2120|3314,2120|3314,,partial,official_crosswalk,4548,5694,7118,4561,5869,7375,2025-06,mom_occupational_wages_2025,0,,,published_broad_occupation_group,pmet,2026 Q1,2026-08-19,Exposure measures task overlap with current GenAI capabilities; it is not a job-loss probability or forecast.|SSOC maps to multiple ISCO groups without official employment weights; the median and range are shown.
9.0,21239,Other statistical/mathematical/actuarial professional n.e.c.,2,PROFESSIONALS,21,212,2123,scored,0.565,0.56,0.57,93.6,924,987,Exposed: Gradient 3,Exposed: Gradient 3,Exposed: Gradient 3,0.095,0.09,0.1,2120|3314,2120|3314,,partial,official_crosswalk,,,,,,,,,0,,,published_broad_occupation_group,pmet,2026 Q1,2026-08-19,Exposure measures task overlap with current GenAI capabilities; it is not a job-loss probability or forecast.|SSOC maps to multiple ISCO groups without official employment weights; the median and range are shown.|MOM does not publish a 2025 detailed wage row for this occupation.
9.0,21311,Biologist,2,PROFESSIONALS,21,213,2131,scored,0.4,0.4,0.4,72,710.5,987,Exposed: Gradient 2,Exposed: Gradient 2,Exposed: Gradient 2,0.1,0.1,0.1,2131,2131,,one_to_one,official_crosswalk,4898,5896,7904,5981,7320,9705,2025-06,mom_occupational_wages_2025,0,,,published_broad_occupation_group,pmet,2026 Q1,2026-08-19,Exposure measures task overlap with current GenAI capabilities; it is not a job-loss probability or forecast.
9.0,21312,Zoologist,2,PROFESSIONALS,21,213,2131,scored,0.4,0.4,0.4,72,710.5,987,Exposed: Gradient 2,Exposed: Gradient 2,Exposed: Gradient 2,0.1,0.1,0.1,2131,2131,,one_to_one,official_crosswalk,,,,,,,,,0,,,published_broad_occupation_group,pmet,2026 Q1,2026-08-19,Exposure measures task overlap with current GenAI capabilities; it is not a job-loss probability or forecast.|MOM does not publish a 2025 detailed wage row for this occupation.
9.0,21319,Biologist/Botanist/Zoologist and related professional n.e.c.,2,PROFESSIONALS,21,213,2131,scored,0.4,0.4,0.4,72,710.5,987,Exposed: Gradient 2,Exposed: Gradient 2,Exposed: Gradient 2,0.1,0.1,0.1,2131,2131,,one_to_one,official_crosswalk,,,,,,,,,0,,,published_broad_occupation_group,pmet,2026 Q1,2026-08-19,Exposure measures task overlap with current GenAI capabilities; it is not a job-loss probability or forecast.|MOM does not publish a 2025 detailed wage row for this occupation.
9.0,21321,Horticulturist/Arborist,2,PROFESSIONALS,21,213,2132,scored,0.29,0.29,0.29,47,464,987,Not Exposed,Not Exposed,Not Exposed,0.1,0.1,0.1,2132,2132,,one_to_one,official_crosswalk,3121,4200,5635,3600,4216,5731,2025-06,mom_occupational_wages_2025,0,,,published_broad_occupation_group,pmet,2026 Q1,2026-08-19,Exposure measures task overlap with current GenAI capabilities; it is not a job-loss probability or forecast.
9.0,21322,Aquaculturist,2,PROFESSIONALS,21,213,2132,scored,0.29,0.29,0.29,47,464,987,Not Exposed,Not Exposed,Not Exposed,0.1,0.1,0.1,2132,2132,,one_to_one,official_crosswalk,,,,,,,,,0,,,published_broad_occupation_group,pmet,2026 Q1,2026-08-19,Exposure measures task overlap with current GenAI capabilities; it is not a job-loss probability or forecast.|MOM does not publish a 2025 detailed wage row for this occupation.
9.0,21323,Agriculturist,2,PROFESSIONALS,21,213,2132,scored,0.29,0.29,0.29,47,464,987,Not Exposed,Not Exposed,Not Exposed,0.1,0.1,0.1,2132,2132,,one_to_one,official_crosswalk,,,,,,,,,0,,,published_broad_occupation_group,pmet,2026 Q1,2026-08-19,Exposure measures task overlap with current GenAI capabilities; it is not a job-loss probability or forecast.|MOM does not publish a 2025 detailed wage row for this occupation.
9.0,21329,Farming/Forestry/Fishery adviser n.e.c.,2,PROFESSIONALS,21,213,2132,scored,0.29,0.29,0.29,47,464,987,Not Exposed,Not Exposed,Not Exposed,0.1,0.1,0.1,2132,2132,,one_to_one,official_crosswalk,,,,,,,,,0,,,published_broad_occupation_group,pmet,2026 Q1,2026-08-19,Exposure measures task overlap with current GenAI capabilities; it is not a job-loss probability or forecast.|MOM does not publish a 2025 detailed wage row for this occupation.
9.0,21331,Environmental officer (environmental protection),2,PROFESSIONALS,21,213,2133,scored,0.38,0.38,0.38,67.6,667.5,987,Minimal Exposure,Minimal Exposure,Minimal Exposure,0.04,0.04,0.04,2133,2133,,one_to_one,official_crosswalk,3897,5072,6940,3900,5072,6940,2025-06,mom_occupational_wages_2025,0,,,published_broad_occupation_group,pmet,2026 Q1,2026-08-19,Exposure measures task overlap with current GenAI capabilities; it is not a job-loss probability or forecast.
9.0,21332,Environment research scientist,2,PROFESSIONALS,21,213,2133,scored,0.38,0.38,0.38,67.6,667.5,987,Minimal Exposure,Minimal Exposure,Minimal Exposure,0.04,0.04,0.04,2133,2133,,one_to_one,official_crosswalk,,,,,,,,,0,,,published_broad_occupation_group,pmet,2026 Q1,2026-08-19,Exposure measures task overlap with current GenAI capabilities; it is not a job-loss probability or forecast.|MOM does not publish a 2025 detailed wage row for this occupation.
9.0,21333,Environmental analyst,2,PROFESSIONALS,21,213,2133,scored,0.38,0.38,0.38,67.6,667.5,987,Minimal Exposure,Minimal Exposure,Minimal Exposure,0.04,0.04,0.04,2133,2133,,one_to_one,official_crosswalk,,,,,,,,,3,mom_sol_2026,Carbon rating analyst|Carbon auditor|Carbon verification & audit specialist,published_broad_occupation_group,pmet,2026 Q1,2026-08-19,Exposure measures task overlap with current GenAI capabilities; it is not a job-loss probability or forecast.|MOM does not publish a 2025 detailed wage row for this occupation.
9.0,21339,Environmental protection and related professional n.e.c.,2,PROFESSIONALS,21,213,2133,scored,0.38,0.38,0.38,67.6,667.5,987,Minimal Exposure,Minimal Exposure,Minimal Exposure,0.04,0.04,0.04,2133,2133,,one_to_one,official_crosswalk,,,,,,,,,0,,,published_broad_occupation_group,pmet,2026 Q1,2026-08-19,Exposure measures task overlap with current GenAI capabilities; it is not a job-loss probability or forecast.|MOM does not publish a 2025 detailed wage row for this occupation.
9.0,21341,Pharmacologist,2,PROFESSIONALS,21,213,2134,scored,0.4,0.4,0.4,72,710.5,987,Exposed: Gradient 2,Exposed: Gradient 2,Exposed: Gradient 2,0.1,0.1,0.1,2131,2131,,one_to_one,official_crosswalk,,,,,,,,,0,,,published_broad_occupation_group,pmet,2026 Q1,2026-08-19,Exposure measures task overlap with current GenAI capabilities; it is not a job-loss probability or forecast.|MOM does not publish a 2025 detailed wage row for this occupation.
9.0,21342,Medical laboratory scientist,2,PROFESSIONALS,21,213,2134,scored,0.4,0.4,0.4,72,710.5,987,Exposed: Gradient 2,Exposed: Gradient 2,Exposed: Gradient 2,0.1,0.1,0.1,2131,2131,,one_to_one,official_crosswalk,5569,7411,11003,5578,7436,11120,2025-06,mom_occupational_wages_2025,0,,,published_broad_occupation_group,pmet,2026 Q1,2026-08-19,Exposure measures task overlap with current GenAI capabilities; it is not a job-loss probability or forecast.
9.0,21343,Biochemist,2,PROFESSIONALS,21,213,2134,scored,0.4,0.4,0.4,72,710.5,987,Exposed: Gradient 2,Exposed: Gradient 2,Exposed: Gradient 2,0.1,0.1,0.1,2131,2131,,one_to_one,official_crosswalk,7707,9226,10461,7707,9226,10461,2025-06,mom_occupational_wages_2025,0,,,published_broad_occupation_group,pmet,2026 Q1,2026-08-19,Exposure measures task overlap with current GenAI capabilities; it is not a job-loss probability or forecast.
9.0,21344,Physiologist,2,PROFESSIONALS,21,213,2134,scored,0.4,0.4,0.4,72,710.5,987,Exposed: Gradient 2,Exposed: Gradient 2,Exposed: Gradient 2,0.1,0.1,0.1,2131,2131,,one_to_one,official_crosswalk,,,,,,,,,0,,,published_broad_occupation_group,pmet,2026 Q1,2026-08-19,Exposure measures task overlap with current GenAI capabilities; it is not a job-loss probability or forecast.|MOM does not publish a 2025 detailed wage row for this occupation.
9.0,21345,Animal scientist,2,PROFESSIONALS,21,213,2134,scored,0.4,0.4,0.4,72,710.5,987,Exposed: Gradient 2,Exposed: Gradient 2,Exposed: Gradient 2,0.1,0.1,0.1,2131,2131,,one_to_one,official_crosswalk,,,,,,,,,0,,,published_broad_occupation_group,pmet,2026 Q1,2026-08-19,Exposure measures task overlap with current GenAI capabilities; it is not a job-loss probability or forecast.|MOM does not publish a 2025 detailed wage row for this occupation.
9.0,21346,Medical scientist,2,PROFESSIONALS,21,213,2134,scored,0.4,0.4,0.4,72,710.5,987,Exposed: Gradient 2,Exposed: Gradient 2,Exposed: Gradient 2,0.1,0.1,0.1,2131,2131,,one_to_one,official_crosswalk,7119,9017,10695,7265,9203,10914,2025-06,mom_occupational_wages_2025,0,,,published_broad_occupation_group,pmet,2026 Q1,2026-08-19,Exposure measures task overlap with current GenAI capabilities; it is not a job-loss probability or forecast.
9.0,21347,Clinical research professional,2,PROFESSIONALS,21,213,2134,scored,0.4,0.4,0.4,72,710.5,987,Exposed: Gradient 2,Exposed: Gradient 2,Exposed: Gradient 2,0.1,0.1,0.1,2131,2131,,one_to_one,official_crosswalk,6187,8273,9842,6294,8342,9904,2025-06,mom_occupational_wages_2025,0,,,published_broad_occupation_group,pmet,2026 Q1,2026-08-19,Exposure measures task overlap with current GenAI capabilities; it is not a job-loss probability or forecast.
9.0,21349,Pharmacologist and related professional n.e.c.,2,PROFESSIONALS,21,213,2134,scored,0.4,0.4,0.4,72,710.5,987,Exposed: Gradient 2,Exposed: Gradient 2,Exposed: Gradient 2,0.1,0.1,0.1,2131,2131,,one_to_one,official_crosswalk,,,,,,,,,0,,,published_broad_occupation_group,pmet,2026 Q1,2026-08-19,Exposure measures task overlap with current GenAI capabilities; it is not a job-loss probability or forecast.|MOM does not publish a 2025 detailed wage row for this occupation.
9.0,21411,Manufacturing engineer,2,PROFESSIONALS,21,214,2141,scored,0.37,0.37,0.37,63.6,628.5,987,Minimal Exposure,Minimal Exposure,Minimal Exposure,0.07,0.07,0.07,2141,2141,,one_to_one,official_crosswalk,4657,5988,8004,5180,6476,8833,2025-06,mom_occupational_wages_2025,0,,,published_broad_occupation_group,pmet,2026 Q1,2026-08-19,Exposure measures task overlap with current GenAI capabilities; it is not a job-loss probability or forecast.
9.0,21412,Production engineer,2,PROFESSIONALS,21,214,2141,scored,0.37,0.37,0.37,63.6,628.5,987,Minimal Exposure,Minimal Exposure,Minimal Exposure,0.07,0.07,0.07,2141,2141,,one_to_one,official_crosswalk,4019,5610,8344,4120,5783,8570,2025-06,mom_occupational_wages_2025,0,,,published_broad_occupation_group,pmet,2026 Q1,2026-08-19,Exposure measures task overlap with current GenAI capabilities; it is not a job-loss probability or forecast.
9.0,21413,Automation engineer,2,PROFESSIONALS,21,214,2141,scored,0.37,0.37,0.37,63.6,628.5,987,Minimal Exposure,Minimal Exposure,Minimal Exposure,0.07,0.07,0.07,2141,2141,,one_to_one,official_crosswalk,6333,9972,15416,6694,10019,15482,2025-06,mom_occupational_wages_2025,0,,,published_broad_occupation_group,pmet,2026 Q1,2026-08-19,Exposure measures task overlap with current GenAI capabilities; it is not a job-loss probability or forecast.
9.0,21414,Quality control/assurance engineer,2,PROFESSIONALS,21,214,2141,scored,0.37,0.37,0.37,63.6,628.5,987,Minimal Exposure,Minimal Exposure,Minimal Exposure,0.07,0.07,0.07,2141,2141,,one_to_one,official_crosswalk,4700,6652,8537,4780,6803,8599,2025-06,mom_occupational_wages_2025,0,,,published_broad_occupation_group,pmet,2026 Q1,2026-08-19,Exposure measures task overlap with current GenAI capabilities; it is not a job-loss probability or forecast.
9.0,21415,Process engineer,2,PROFESSIONALS,21,214,2141,scored,0.37,0.37,0.37,63.6,628.5,987,Minimal Exposure,Minimal Exposure,Minimal Exposure,0.07,0.07,0.07,2141,2141,,one_to_one,official_crosswalk,4500,5800,8046,4759,6130,8869,2025-06,mom_occupational_wages_2025,1,mom_sol_2026,Process engineer,published_broad_occupation_group,pmet,2026 Q1,2026-08-19,Exposure measures task overlap with current GenAI capabilities; it is not a job-loss probability or forecast.
9.0,21421,Civil engineer,2,PROFESSIONALS,21,214,2142,scored,0.3,0.3,0.3,49.4,488,987,Not Exposed,Not Exposed,Not Exposed,0.06,0.06,0.06,2142,2142,,one_to_one,official_crosswalk,4699,5767,7324,4785,5974,7550,2025-06,mom_occupational_wages_2025,0,,,published_broad_occupation_group,pmet,2026 Q1,2026-08-19,Exposure measures task overlap with current GenAI capabilities; it is not a job-loss probability or forecast.
9.0,21422,Building construction engineer,2,PROFESSIONALS,21,214,2142,scored,0.3,0.3,0.3,49.4,488,987,Not Exposed,Not Exposed,Not Exposed,0.06,0.06,0.06,2142,2142,,one_to_one,official_crosswalk,4098,5328,7280,4378,5743,7650,2025-06,mom_occupational_wages_2025,0,,,published_broad_occupation_group,pmet,2026 Q1,2026-08-19,Exposure measures task overlap with current GenAI capabilities; it is not a job-loss probability or forecast.
9.0,21430,Environmental engineer,2,PROFESSIONALS,21,214,2143,scored,0.38,0.38,0.38,67.6,667.5,987,Minimal Exposure,Minimal Exposure,Minimal Exposure,0.07,0.07,0.07,2143,2143,,one_to_one,official_crosswalk,4907,5723,7976,5000,5743,8055,2025-06,mom_occupational_wages_2025,0,,,published_broad_occupation_group,pmet,2026 Q1,2026-08-19,Exposure measures task overlap with current GenAI capabilities; it is not a job-loss probability or forecast.
9.0,21441,Mechanical engineer,2,PROFESSIONALS,21,214,2144,scored,0.32,0.32,0.32,53,524,987,Not Exposed,Not Exposed,Not Exposed,0.07,0.07,0.07,2144,2144,,one_to_one,official_crosswalk,4354,5660,7739,4615,6015,8209,2025-06,mom_occupational_wages_2025,0,,,published_broad_occupation_group,pmet,2026 Q1,2026-08-19,Exposure measures task overlap with current GenAI capabilities; it is not a job-loss probability or forecast.
9.0,21442,Industrial machinery/tools engineer,2,PROFESSIONALS,21,214,2144,scored,0.32,0.32,0.32,53,524,987,Not Exposed,Not Exposed,Not Exposed,0.07,0.07,0.07,2144,2144,,one_to_one,official_crosswalk,4518,5602,6683,4957,5969,7068,2025-06,mom_occupational_wages_2025,0,,,published_broad_occupation_group,pmet,2026 Q1,2026-08-19,Exposure measures task overlap with current GenAI capabilities; it is not a job-loss probability or forecast.
9.0,21443,Air-conditioning/Refrigeration engineer,2,PROFESSIONALS,21,214,2144,scored,0.32,0.32,0.32,53,524,987,Not Exposed,Not Exposed,Not Exposed,0.07,0.07,0.07,2144,2144,,one_to_one,official_crosswalk,5115,6441,8670,5184,6497,8802,2025-06,mom_occupational_wages_2025,0,,,published_broad_occupation_group,pmet,2026 Q1,2026-08-19,Exposure measures task overlap with current GenAI capabilities; it is not a job-loss probability or forecast.
9.0,21444,Port equipment engineer,2,PROFESSIONALS,21,214,2144,scored,0.32,0.32,0.32,53,524,987,Not Exposed,Not Exposed,Not Exposed,0.07,0.07,0.07,2144,2144,,one_to_one,official_crosswalk,,,,,,,,,0,,,published_broad_occupation_group,pmet,2026 Q1,2026-08-19,Exposure measures task overlap with current GenAI capabilities; it is not a job-loss probability or forecast.|MOM does not publish a 2025 detailed wage row for this occupation.
9.0,21451,Chemical engineer (excluding petroleum and petrochemical),2,PROFESSIONALS,21,214,2145,scored,0.35,0.35,0.35,57.4,567,987,Minimal Exposure,Minimal Exposure,Minimal Exposure,0.12,0.12,0.12,2145,2145,,one_to_one,official_crosswalk,4480,5953,8625,5034,6400,9000,2025-06,mom_occupational_wages_2025,0,,,published_broad_occupation_group,pmet,2026 Q1,2026-08-19,Exposure measures task overlap with current GenAI capabilities; it is not a job-loss probability or forecast.
9.0,21452,Chemical engineer (petroleum),2,PROFESSIONALS,21,214,2145,scored,0.35,0.35,0.35,57.4,567,987,Minimal Exposure,Minimal Exposure,Minimal Exposure,0.12,0.12,0.12,2145,2145,,one_to_one,official_crosswalk,7659,9678,11799,7744,9730,11851,2025-06,mom_occupational_wages_2025,0,,,published_broad_occupation_group,pmet,2026 Q1,2026-08-19,Exposure measures task overlap with current GenAI capabilities; it is not a job-loss probability or forecast.
9.0,21453,Chemical engineer (petrochemical),2,PROFESSIONALS,21,214,2145,scored,0.35,0.35,0.35,57.4,567,987,Minimal Exposure,Minimal Exposure,Minimal Exposure,0.12,0.12,0.12,2145,2145,,one_to_one,official_crosswalk,,,,,,,,,0,,,published_broad_occupation_group,pmet,2026 Q1,2026-08-19,Exposure measures task overlap with current GenAI capabilities; it is not a job-loss probability or forecast.|MOM does not publish a 2025 detailed wage row for this occupation.
9.0,21454,Food/Drink technologist,2,PROFESSIONALS,21,214,2145,scored,0.35,0.35,0.35,57.4,567,987,Minimal Exposure,Minimal Exposure,Minimal Exposure,0.12,0.12,0.12,2145,2145,,one_to_one,official_crosswalk,3822,4581,6616,3822,4635,6674,2025-06,mom_occupational_wages_2025,2,mom_sol_2026,Alternative protein food application scientist|Novel food biotechnologist,published_broad_occupation_group,pmet,2026 Q1,2026-08-19,Exposure measures task overlap with current GenAI capabilities; it is not a job-loss probability or forecast.
9.0,21460,Mining engineer/Metallurgist and related professional,2,PROFESSIONALS,21,214,2146,scored,0.29,0.29,0.29,47,464,987,Not Exposed,Not Exposed,Not Exposed,0.05,0.05,0.05,2146,2146,,one_to_one,official_crosswalk,,,,,,,,,0,,,published_broad_occupation_group,pmet,2026 Q1,2026-08-19,Exposure measures task overlap with current GenAI capabilities; it is not a job-loss probability or forecast.|MOM does not publish a 2025 detailed wage row for this occupation.
9.0,21471,Aeronautical engineer,2,PROFESSIONALS,21,214,2147,scored,0.32,0.32,0.32,53,524,987,Not Exposed,Not Exposed,Not Exposed,0.07,0.07,0.07,2144,2144,,one_to_one,official_crosswalk,4633,6311,8541,4645,6329,8600,2025-06,mom_occupational_wages_2025,0,,,published_broad_occupation_group,pmet,2026 Q1,2026-08-19,Exposure measures task overlap with current GenAI capabilities; it is not a job-loss probability or forecast.
9.0,21472,Automotive engineer,2,PROFESSIONALS,21,214,2147,scored,0.32,0.32,0.32,53,524,987,Not Exposed,Not Exposed,Not Exposed,0.07,0.07,0.07,2144,2144,,one_to_one,official_crosswalk,3780,4212,5113,4127,4796,5469,2025-06,mom_occupational_wages_2025,0,,,published_broad_occupation_group,pmet,2026 Q1,2026-08-19,Exposure measures task overlap with current GenAI capabilities; it is not a job-loss probability or forecast.
9.0,21473,Marine engineer,2,PROFESSIONALS,21,214,2147,scored,0.32,0.32,0.32,53,524,987,Not Exposed,Not Exposed,Not Exposed,0.07,0.07,0.07,2144,2144,,one_to_one,official_crosswalk,4532,5733,7819,4890,6200,8549,2025-06,mom_occupational_wages_2025,0,,,published_broad_occupation_group,pmet,2026 Q1,2026-08-19,Exposure measures task overlap with current GenAI capabilities; it is not a job-loss probability or forecast.
9.0,21474,Naval architect,2,PROFESSIONALS,21,214,2147,scored,0.32,0.32,0.32,53,524,987,Not Exposed,Not Exposed,Not Exposed,0.07,0.07,0.07,2144,2144,,one_to_one,official_crosswalk,,,,,,,,,0,,,published_broad_occupation_group,pmet,2026 Q1,2026-08-19,Exposure measures task overlap with current GenAI capabilities; it is not a job-loss probability or forecast.|MOM does not publish a 2025 detailed wage row for this occupation.
9.0,21475,Rolling stock engineer,2,PROFESSIONALS,21,214,2147,scored,0.32,0.32,0.32,53,524,987,Not Exposed,Not Exposed,Not Exposed,0.07,0.07,0.07,2144,2144,,one_to_one,official_crosswalk,5362,6111,7083,5426,6146,7176,2025-06,mom_occupational_wages_2025,0,,,published_broad_occupation_group,pmet,2026 Q1,2026-08-19,Exposure measures task overlap with current GenAI capabilities; it is not a job-loss probability or forecast.
9.0,21491,Biomedical engineer,2,PROFESSIONALS,21,214,2149,scored,0.3,0.3,0.3,49.4,488,987,Not Exposed,Not Exposed,Not Exposed,0.08,0.08,0.08,2149,2149,,one_to_one,official_crosswalk,5981,8562,11212,6237,8625,11293,2025-06,mom_occupational_wages_2025,0,,,published_broad_occupation_group,pmet,2026 Q1,2026-08-19,Exposure measures task overlap with current GenAI capabilities; it is not a job-loss probability or forecast.
9.0,21492,Materials engineer,2,PROFESSIONALS,21,214,2149,scored,0.3,0.3,0.3,49.4,488,987,Not Exposed,Not Exposed,Not Exposed,0.08,0.08,0.08,2149,2149,,one_to_one,official_crosswalk,5448,7009,9712,5508,7058,9739,2025-06,mom_occupational_wages_2025,0,,,published_broad_occupation_group,pmet,2026 Q1,2026-08-19,Exposure measures task overlap with current GenAI capabilities; it is not a job-loss probability or forecast.
9.0,21493,Industrial safety engineer,2,PROFESSIONALS,21,214,2149,scored,0.3,0.3,0.3,49.4,488,987,Not Exposed,Not Exposed,Not Exposed,0.08,0.08,0.08,2149,2149,,one_to_one,official_crosswalk,4264,6604,9401,4500,6936,9680,2025-06,mom_occupational_wages_2025,0,,,published_broad_occupation_group,pmet,2026 Q1,2026-08-19,Exposure measures task overlap with current GenAI capabilities; it is not a job-loss probability or forecast.
9.0,21494,Quantity surveyor,2,PROFESSIONALS,21,214,2149,scored,0.3,0.3,0.3,49.4,488,987,Not Exposed,Not Exposed,Not Exposed,0.08,0.08,0.08,2149,2149,,one_to_one,official_crosswalk,3200,4600,5989,3388,4800,6082,2025-06,mom_occupational_wages_2025,0,,,published_broad_occupation_group,pmet,2026 Q1,2026-08-19,Exposure measures task overlap with current GenAI capabilities; it is not a job-loss probability or forecast.
9.0,21495,Intellectual property engineer,2,PROFESSIONALS,21,214,2149,scored,0.3,0.3,0.3,49.4,488,987,Not Exposed,Not Exposed,Not Exposed,0.08,0.08,0.08,2149,2149,,one_to_one,official_crosswalk,,,,,,,,,0,,,published_broad_occupation_group,pmet,2026 Q1,2026-08-19,Exposure measures task overlap with current GenAI capabilities; it is not a job-loss probability or forecast.|MOM does not publish a 2025 detailed wage row for this occupation.
9.0,21496,Energy engineer,2,PROFESSIONALS,21,214,2149,scored,0.3,0.3,0.3,49.4,488,987,Not Exposed,Not Exposed,Not Exposed,0.08,0.08,0.08,2149,2149,,one_to_one,official_crosswalk,,,,,,,,,0,,,published_broad_occupation_group,pmet,2026 Q1,2026-08-19,Exposure measures task overlap with current GenAI capabilities; it is not a job-loss probability or forecast.|MOM does not publish a 2025 detailed wage row for this occupation.
9.0,21497,Optical engineer,2,PROFESSIONALS,21,214,2149,scored,0.3,0.3,0.3,49.4,488,987,Not Exposed,Not Exposed,Not Exposed,0.08,0.08,0.08,2149,2149,,one_to_one,official_crosswalk,6961,9415,13233,6961,9502,13233,2025-06,mom_occupational_wages_2025,0,,,published_broad_occupation_group,pmet,2026 Q1,2026-08-19,Exposure measures task overlap with current GenAI capabilities; it is not a job-loss probability or forecast.
9.0,21498,Procurement engineer,2,PROFESSIONALS,21,214,2149,scored,0.3,0.3,0.3,49.4,488,987,Not Exposed,Not Exposed,Not Exposed,0.08,0.08,0.08,2149,2149,,one_to_one,official_crosswalk,6212,7671,12000,6250,7756,12130,2025-06,mom_occupational_wages_2025,0,,,published_broad_occupation_group,pmet,2026 Q1,2026-08-19,Exposure measures task overlap with current GenAI capabilities; it is not a job-loss probability or forecast.
9.0,21499,Other engineering professional n.e.c.,2,PROFESSIONALS,21,214,2149,scored,0.3,0.3,0.3,49.4,488,987,Not Exposed,Not Exposed,Not Exposed,0.08,0.08,0.08,2149,2149,,one_to_one,official_crosswalk,,,,,,,,,0,,,published_broad_occupation_group,pmet,2026 Q1,2026-08-19,Exposure measures task overlap with current GenAI capabilities; it is not a job-loss probability or forecast.|MOM does not publish a 2025 detailed wage row for this occupation.
9.0,21511,Electrical engineer,2,PROFESSIONALS,21,215,2151,scored,0.31,0.31,0.31,51,503.5,987,Not Exposed,Not Exposed,Not Exposed,0.08,0.08,0.08,2151,2151,,one_to_one,official_crosswalk,4369,5638,7250,4748,6042,7643,2025-06,mom_occupational_wages_2025,0,,,published_broad_occupation_group,pmet,2026 Q1,2026-08-19,Exposure measures task overlap with current GenAI capabilities; it is not a job-loss probability or forecast.
9.0,21512,Power generation/distribution engineer,2,PROFESSIONALS,21,215,2151,scored,0.31,0.31,0.31,51,503.5,987,Not Exposed,Not Exposed,Not Exposed,0.08,0.08,0.08,2151,2151,,one_to_one,official_crosswalk,,,,,,,,,0,,,published_broad_occupation_group,pmet,2026 Q1,2026-08-19,Exposure measures task overlap with current GenAI capabilities; it is not a job-loss probability or forecast.|MOM does not publish a 2025 detailed wage row for this occupation.
9.0,21513,Lift engineer,2,PROFESSIONALS,21,215,2151,scored,0.31,0.31,0.31,51,503.5,987,Not Exposed,Not Exposed,Not Exposed,0.08,0.08,0.08,2151,2151,,one_to_one,official_crosswalk,4300,4989,5850,4510,5220,6290,2025-06,mom_occupational_wages_2025,0,,,published_broad_occupation_group,pmet,2026 Q1,2026-08-19,Exposure measures task overlap with current GenAI capabilities; it is not a job-loss probability or forecast.
9.0,21521,Electronics engineer,2,PROFESSIONALS,21,215,2152,scored,0.42,0.42,0.42,75.1,741.5,987,Exposed: Gradient 2,Exposed: Gradient 2,Exposed: Gradient 2,0.13,0.13,0.13,2152,2152,,one_to_one,official_crosswalk,5199,7765,10520,5976,8200,10967,2025-06,mom_occupational_wages_2025,1,mom_sol_2026,Semiconductor engineer,published_broad_occupation_group,pmet,2026 Q1,2026-08-19,Exposure measures task overlap with current GenAI capabilities; it is not a job-loss probability or forecast.
9.0,21522,Computer engineer,2,PROFESSIONALS,21,215,2152,scored,0.42,0.42,0.42,75.1,741.5,987,Exposed: Gradient 2,Exposed: Gradient 2,Exposed: Gradient 2,0.13,0.13,0.13,2152,2152,,one_to_one,official_crosswalk,4245,6143,8341,4366,6385,8507,2025-06,mom_occupational_wages_2025,0,,,published_broad_occupation_group,pmet,2026 Q1,2026-08-19,Exposure measures task overlap with current GenAI capabilities; it is not a job-loss probability or forecast.
9.0,21523,Semi-conductor engineer,2,PROFESSIONALS,21,215,2152,scored,0.42,0.42,0.42,75.1,741.5,987,Exposed: Gradient 2,Exposed: Gradient 2,Exposed: Gradient 2,0.13,0.13,0.13,2152,2152,,one_to_one,official_crosswalk,4988,6858,8413,5129,6863,8414,2025-06,mom_occupational_wages_2025,0,,,published_broad_occupation_group,pmet,2026 Q1,2026-08-19,Exposure measures task overlap with current GenAI capabilities; it is not a job-loss probability or forecast.
9.0,21524,Audio/Video equipment engineer,2,PROFESSIONALS,21,215,2152,scored,0.42,0.42,0.42,75.1,741.5,987,Exposed: Gradient 2,Exposed: Gradient 2,Exposed: Gradient 2,0.13,0.13,0.13,2152,2152,,one_to_one,official_crosswalk,3792,4869,6301,3860,4911,6500,2025-06,mom_occupational_wages_2025,0,,,published_broad_occupation_group,pmet,2026 Q1,2026-08-19,Exposure measures task overlap with current GenAI capabilities; it is not a job-loss probability or forecast.
9.0,21525,Instrumentation engineer,2,PROFESSIONALS,21,215,2152,scored,0.42,0.42,0.42,75.1,741.5,987,Exposed: Gradient 2,Exposed: Gradient 2,Exposed: Gradient 2,0.13,0.13,0.13,2152,2152,,one_to_one,official_crosswalk,5486,6702,8532,5580,6976,8564,2025-06,mom_occupational_wages_2025,1,mom_sol_2026,Instrumentation engineer,published_broad_occupation_group,pmet,2026 Q1,2026-08-19,Exposure measures task overlap with current GenAI capabilities; it is not a job-loss probability or forecast.
9.0,21526,Embedded systems engineer,2,PROFESSIONALS,21,215,2152,scored,0.42,0.42,0.42,75.1,741.5,987,Exposed: Gradient 2,Exposed: Gradient 2,Exposed: Gradient 2,0.13,0.13,0.13,2152,2152,,one_to_one,official_crosswalk,6097,7620,9183,6121,7656,9248,2025-06,mom_occupational_wages_2025,0,,,published_broad_occupation_group,pmet,2026 Q1,2026-08-19,Exposure measures task overlap with current GenAI capabilities; it is not a job-loss probability or forecast.
9.0,21531,Media/Broadcast engineer,2,PROFESSIONALS,21,215,2153,scored,0.48,0.48,0.48,83.7,826,987,Exposed: Gradient 2,Exposed: Gradient 2,Exposed: Gradient 2,0.12,0.12,0.12,2153,2153,,one_to_one,official_crosswalk,4615,5531,7029,4619,5540,7040,2025-06,mom_occupational_wages_2025,0,,,published_broad_occupation_group,pmet,2026 Q1,2026-08-19,Exposure measures task overlap with current GenAI capabilities; it is not a job-loss probability or forecast.
9.0,21532,Telecommunications engineer,2,PROFESSIONALS,21,215,2153,scored,0.48,0.48,0.48,83.7,826,987,Exposed: Gradient 2,Exposed: Gradient 2,Exposed: Gradient 2,0.12,0.12,0.12,2153,2153,,one_to_one,official_crosswalk,4618,6143,7970,4727,6228,8180,2025-06,mom_occupational_wages_2025,0,,,published_broad_occupation_group,pmet,2026 Q1,2026-08-19,Exposure measures task overlap with current GenAI capabilities; it is not a job-loss probability or forecast.
9.0,21610,Building architect,2,PROFESSIONALS,21,216,2161,scored,0.37,0.37,0.37,63.6,628.5,987,Minimal Exposure,Minimal Exposure,Minimal Exposure,0.08,0.08,0.08,2161,2161,,one_to_one,official_crosswalk,4800,5961,8189,4858,6051,8450,2025-06,mom_occupational_wages_2025,0,,,published_broad_occupation_group,pmet,2026 Q1,2026-08-19,Exposure measures task overlap with current GenAI capabilities; it is not a job-loss probability or forecast.
9.0,21621,Landscape architect,2,PROFESSIONALS,21,216,2162,scored,0.37,0.37,0.37,63.6,628.5,987,Minimal Exposure,Minimal Exposure,Minimal Exposure,0.08,0.08,0.08,2162,2162,,one_to_one,official_crosswalk,,,,,,,,,0,,,published_broad_occupation_group,pmet,2026 Q1,2026-08-19,Exposure measures task overlap with current GenAI capabilities; it is not a job-loss probability or forecast.|MOM does not publish a 2025 detailed wage row for this occupation.
9.0,21622,Landscape designer,2,PROFESSIONALS,21,216,2162,scored,0.37,0.37,0.37,63.6,628.5,987,Minimal Exposure,Minimal Exposure,Minimal Exposure,0.08,0.08,0.08,2162,2162,,one_to_one,official_crosswalk,,,,,,,,,0,,,published_broad_occupation_group,pmet,2026 Q1,2026-08-19,Exposure measures task overlap with current GenAI capabilities; it is not a job-loss probability or forecast.|MOM does not publish a 2025 detailed wage row for this occupation.
9.0,21631,Fashion designer,2,PROFESSIONALS,21,216,2163,scored,0.35,0.35,0.35,57.4,567,987,Minimal Exposure,Minimal Exposure,Minimal Exposure,0.09,0.09,0.09,2163,2163,,one_to_one,official_crosswalk,3280,4150,7066,3300,4175,7091,2025-06,mom_occupational_wages_2025,0,,,published_broad_occupation_group,pmet,2026 Q1,2026-08-19,Exposure measures task overlap with current GenAI capabilities; it is not a job-loss probability or forecast.
9.0,21632,Product/Industrial designer,2,PROFESSIONALS,21,216,2163,scored,0.35,0.35,0.35,57.4,567,987,Minimal Exposure,Minimal Exposure,Minimal Exposure,0.09,0.09,0.09,2163,2163,,one_to_one,official_crosswalk,4754,6235,9163,4974,6296,9275,2025-06,mom_occupational_wages_2025,0,,,published_broad_occupation_group,pmet,2026 Q1,2026-08-19,Exposure measures task overlap with current GenAI capabilities; it is not a job-loss probability or forecast.
9.0,21641,Urban planner,2,PROFESSIONALS,21,216,2164,scored,0.41,0.41,0.41,73.3,724,987,Minimal Exposure,Minimal Exposure,Minimal Exposure,0.06,0.06,0.06,2164,2164,,one_to_one,official_crosswalk,,,,,,,,,0,,,published_broad_occupation_group,pmet,2026 Q1,2026-08-19,Exposure measures task overlap with current GenAI capabilities; it is not a job-loss probability or forecast.|MOM does not publish a 2025 detailed wage row for this occupation.
9.0,21649,Urban and related planner n.e.c.,2,PROFESSIONALS,21,216,2164,scored,0.41,0.41,0.41,73.3,724,987,Minimal Exposure,Minimal Exposure,Minimal Exposure,0.06,0.06,0.06,2164,2164,,one_to_one,official_crosswalk,,,,,,,,,0,,,published_broad_occupation_group,pmet,2026 Q1,2026-08-19,Exposure measures task overlap with current GenAI capabilities; it is not a job-loss probability or forecast.|MOM does not publish a 2025 detailed wage row for this occupation.
9.0,21651,Land surveyor,2,PROFESSIONALS,21,216,2165,scored,0.44,0.44,0.44,78.3,773,987,Exposed: Gradient 2,Exposed: Gradient 2,Exposed: Gradient 2,0.12,0.12,0.12,2165,2165,,one_to_one,official_crosswalk,3000,5000,7500,3042,5183,7800,2025-06,mom_occupational_wages_2025,0,,,published_broad_occupation_group,pmet,2026 Q1,2026-08-19,Exposure measures task overlap with current GenAI capabilities; it is not a job-loss probability or forecast.
9.0,21652,Hydrographic surveyor,2,PROFESSIONALS,21,216,2165,scored,0.44,0.44,0.44,78.3,773,987,Exposed: Gradient 2,Exposed: Gradient 2,Exposed: Gradient 2,0.12,0.12,0.12,2165,2165,,one_to_one,official_crosswalk,,,,,,,,,0,,,published_broad_occupation_group,pmet,2026 Q1,2026-08-19,Exposure measures task overlap with current GenAI capabilities; it is not a job-loss probability or forecast.|MOM does not publish a 2025 detailed wage row for this occupation.
9.0,21659,Surveyor/Cartographer n.e.c.,2,PROFESSIONALS,21,216,2165,scored,0.44,0.44,0.44,78.3,773,987,Exposed: Gradient 2,Exposed: Gradient 2,Exposed: Gradient 2,0.12,0.12,0.12,2165,2165,,one_to_one,official_crosswalk,,,,,,,,,0,,,published_broad_occupation_group,pmet,2026 Q1,2026-08-19,Exposure measures task overlap with current GenAI capabilities; it is not a job-loss probability or forecast.|MOM does not publish a 2025 detailed wage row for this occupation.
9.0,21661,Graphic designer,2,PROFESSIONALS,21,216,2166,scored,0.49,0.49,0.49,85.4,843.5,987,Exposed: Gradient 2,Exposed: Gradient 2,Exposed: Gradient 2,0.09,0.09,0.09,2166,2166,,one_to_one,official_crosswalk,3170,4188,5481,3200,4225,5500,2025-06,mom_occupational_wages_2025,0,,,published_broad_occupation_group,pmet,2026 Q1,2026-08-19,Exposure measures task overlap with current GenAI capabilities; it is not a job-loss probability or forecast.
9.0,21662,Multimedia designer/artist/animator,2,PROFESSIONALS,21,216,2166,scored,0.49,0.49,0.49,85.4,843.5,987,Exposed: Gradient 2,Exposed: Gradient 2,Exposed: Gradient 2,0.09,0.09,0.09,2166,2166,,one_to_one,official_crosswalk,3896,5400,7800,4000,5400,7800,2025-06,mom_occupational_wages_2025,0,,,published_broad_occupation_group,pmet,2026 Q1,2026-08-19,Exposure measures task overlap with current GenAI capabilities; it is not a job-loss probability or forecast.
9.0,21669,Graphic/Multimedia designer/artist n.e.c.,2,PROFESSIONALS,21,216,2166,scored,0.49,0.49,0.49,85.4,843.5,987,Exposed: Gradient 2,Exposed: Gradient 2,Exposed: Gradient 2,0.09,0.09,0.09,2166,2166,,one_to_one,official_crosswalk,,,,,,,,,0,,,published_broad_occupation_group,pmet,2026 Q1,2026-08-19,Exposure measures task overlap with current GenAI capabilities; it is not a job-loss probability or forecast.|MOM does not publish a 2025 detailed wage row for this occupation.
9.0,21670,Service designer,2,PROFESSIONALS,21,216,2167,scored,0.49,0.49,0.49,85.4,843.5,987,Exposed: Gradient 2,Exposed: Gradient 2,Exposed: Gradient 2,0.09,0.09,0.09,2166,2166,,one_to_one,official_crosswalk,6956,9306,12584,6956,10400,13872,2025-06,mom_occupational_wages_2025,0,,,published_broad_occupation_group,pmet,2026 Q1,2026-08-19,Exposure measures task overlap with current GenAI capabilities; it is not a job-loss probability or forecast.
9.0,21711,Chief/Second engineer (ship),2,PROFESSIONALS,21,217,2171,scored,0.23,0.23,0.23,27.8,275.5,987,Not Exposed,Not Exposed,Not Exposed,0.05,0.05,0.05,3151,3151,,one_to_one,official_crosswalk,,,,,,,,,0,,,published_broad_occupation_group,pmet,2026 Q1,2026-08-19,Exposure measures task overlap with current GenAI capabilities; it is not a job-loss probability or forecast.|MOM does not publish a 2025 detailed wage row for this occupation.
9.0,21712,Technical superintendent,2,PROFESSIONALS,21,217,2171,scored,0.23,0.23,0.23,27.8,275.5,987,Not Exposed,Not Exposed,Not Exposed,0.05,0.05,0.05,3151,3151,,one_to_one,official_crosswalk,5604,8000,14119,5650,8087,14251,2025-06,mom_occupational_wages_2025,1,mom_sol_2026,Marine technical superintendent,published_broad_occupation_group,pmet,2026 Q1,2026-08-19,Exposure measures task overlap with current GenAI capabilities; it is not a job-loss probability or forecast.
9.0,21713,Ship captain/Chief mate,2,PROFESSIONALS,21,217,2171,scored,0.29,0.29,0.29,47,464,987,Not Exposed,Not Exposed,Not Exposed,0.11,0.11,0.11,3152,3152,,one_to_one,official_crosswalk,,,,,,,,,0,,,published_broad_occupation_group,pmet,2026 Q1,2026-08-19,Exposure measures task overlap with current GenAI capabilities; it is not a job-loss probability or forecast.|MOM does not publish a 2025 detailed wage row for this occupation.
9.0,21714,Marine superintendent,2,PROFESSIONALS,21,217,2171,scored,0.29,0.29,0.29,47,464,987,Not Exposed,Not Exposed,Not Exposed,0.11,0.11,0.11,3152,3152,,one_to_one,official_crosswalk,7000,11878,15200,7150,12000,15250,2025-06,mom_occupational_wages_2025,1,mom_sol_2026,Marine superintendent,published_broad_occupation_group,pmet,2026 Q1,2026-08-19,Exposure measures task overlap with current GenAI capabilities; it is not a job-loss probability or forecast.
9.0,21721,Commercial airline pilot,2,PROFESSIONALS,21,217,2172,scored,0.27,0.27,0.27,38.1,377,987,Not Exposed,Not Exposed,Not Exposed,0.05,0.05,0.05,3153,3153,,one_to_one,official_crosswalk,12322,17053,20000,12322,17053,20000,2025-06,mom_occupational_wages_2025,0,,,published_broad_occupation_group,pmet,2026 Q1,2026-08-19,Exposure measures task overlap with current GenAI capabilities; it is not a job-loss probability or forecast.
9.0,21722,Aircraft pilot (excluding commercial airline and air force),2,PROFESSIONALS,21,217,2172,scored,0.27,0.27,0.27,38.1,377,987,Not Exposed,Not Exposed,Not Exposed,0.05,0.05,0.05,3153,3153,,one_to_one,official_crosswalk,,,,,,,,,0,,,published_broad_occupation_group,pmet,2026 Q1,2026-08-19,Exposure measures task overlap with current GenAI capabilities; it is not a job-loss probability or forecast.|MOM does not publish a 2025 detailed wage row for this occupation.
9.0,21723,Flying instructor (excluding air force),2,PROFESSIONALS,21,217,2172,scored,0.27,0.27,0.27,38.1,377,987,Not Exposed,Not Exposed,Not Exposed,0.05,0.05,0.05,3153,3153,,one_to_one,official_crosswalk,7846,20000,30000,9567,20000,30000,2025-06,mom_occupational_wages_2025,0,,,published_broad_occupation_group,pmet,2026 Q1,2026-08-19,Exposure measures task overlap with current GenAI capabilities; it is not a job-loss probability or forecast.
9.0,21724,Flight engineer,2,PROFESSIONALS,21,217,2172,scored,0.27,0.27,0.27,38.1,377,987,Not Exposed,Not Exposed,Not Exposed,0.05,0.05,0.05,3153,3153,,one_to_one,official_crosswalk,,,,,,,,,0,,,published_broad_occupation_group,pmet,2026 Q1,2026-08-19,Exposure measures task overlap with current GenAI capabilities; it is not a job-loss probability or forecast.|MOM does not publish a 2025 detailed wage row for this occupation.
9.0,21729,Aircraft pilot and related professional n.e.c.,2,PROFESSIONALS,21,217,2172,scored,0.27,0.27,0.27,38.1,377,987,Not Exposed,Not Exposed,Not Exposed,0.05,0.05,0.05,3153,3153,,one_to_one,official_crosswalk,,,,,,,,,0,,,published_broad_occupation_group,pmet,2026 Q1,2026-08-19,Exposure measures task overlap with current GenAI capabilities; it is not a job-loss probability or forecast.|MOM does not publish a 2025 detailed wage row for this occupation.
9.0,22110,General practitioner/Physician,2,PROFESSIONALS,22,221,2211,scored,0.29,0.29,0.29,47,464,987,Not Exposed,Not Exposed,Not Exposed,0.1,0.1,0.1,2211,2211,,one_to_one,official_crosswalk,6552,7128,10286,6553,7165,10449,2025-06,mom_occupational_wages_2025,0,,,published_broad_occupation_group,pmet,2026 Q1,2026-08-19,Exposure measures task overlap with current GenAI capabilities; it is not a job-loss probability or forecast.
9.0,22121,Cardiologist,2,PROFESSIONALS,22,221,2212,scored,0.27,0.27,0.27,38.1,377,987,Not Exposed,Not Exposed,Not Exposed,0.12,0.12,0.12,2212,2212,,one_to_one,official_crosswalk,,,,,,,,,0,,,published_broad_occupation_group,pmet,2026 Q1,2026-08-19,Exposure measures task overlap with current GenAI capabilities; it is not a job-loss probability or forecast.|MOM does not publish a 2025 detailed wage row for this occupation.
9.0,22122,Dermatologist,2,PROFESSIONALS,22,221,2212,scored,0.27,0.27,0.27,38.1,377,987,Not Exposed,Not Exposed,Not Exposed,0.12,0.12,0.12,2212,2212,,one_to_one,official_crosswalk,,,,,,,,,0,,,published_broad_occupation_group,pmet,2026 Q1,2026-08-19,Exposure measures task overlap with current GenAI capabilities; it is not a job-loss probability or forecast.|MOM does not publish a 2025 detailed wage row for this occupation.
9.0,22123,Gastroenterologist,2,PROFESSIONALS,22,221,2212,scored,0.27,0.27,0.27,38.1,377,987,Not Exposed,Not Exposed,Not Exposed,0.12,0.12,0.12,2212,2212,,one_to_one,official_crosswalk,,,,,,,,,0,,,published_broad_occupation_group,pmet,2026 Q1,2026-08-19,Exposure measures task overlap with current GenAI capabilities; it is not a job-loss probability or forecast.|MOM does not publish a 2025 detailed wage row for this occupation.
9.0,22124,Internal medicine physician,2,PROFESSIONALS,22,221,2212,scored,0.27,0.27,0.27,38.1,377,987,Not Exposed,Not Exposed,Not Exposed,0.12,0.12,0.12,2212,2212,,one_to_one,official_crosswalk,7068,7877,10709,7068,8883,10709,2025-06,mom_occupational_wages_2025,0,,,published_broad_occupation_group,pmet,2026 Q1,2026-08-19,Exposure measures task overlap with current GenAI capabilities; it is not a job-loss probability or forecast.
9.0,22125,Medical oncologist,2,PROFESSIONALS,22,221,2212,scored,0.27,0.27,0.27,38.1,377,987,Not Exposed,Not Exposed,Not Exposed,0.12,0.12,0.12,2212,2212,,one_to_one,official_crosswalk,,,,,,,,,0,,,published_broad_occupation_group,pmet,2026 Q1,2026-08-19,Exposure measures task overlap with current GenAI capabilities; it is not a job-loss probability or forecast.|MOM does not publish a 2025 detailed wage row for this occupation.
9.0,22126,Paediatrician,2,PROFESSIONALS,22,221,2212,scored,0.27,0.27,0.27,38.1,377,987,Not Exposed,Not Exposed,Not Exposed,0.12,0.12,0.12,2212,2212,,one_to_one,official_crosswalk,,,,,,,,,0,,,published_broad_occupation_group,pmet,2026 Q1,2026-08-19,Exposure measures task overlap with current GenAI capabilities; it is not a job-loss probability or forecast.|MOM does not publish a 2025 detailed wage row for this occupation.
9.0,22127,Respiratory physician,2,PROFESSIONALS,22,221,2212,scored,0.27,0.27,0.27,38.1,377,987,Not Exposed,Not Exposed,Not Exposed,0.12,0.12,0.12,2212,2212,,one_to_one,official_crosswalk,,,,,,,,,0,,,published_broad_occupation_group,pmet,2026 Q1,2026-08-19,Exposure measures task overlap with current GenAI capabilities; it is not a job-loss probability or forecast.|MOM does not publish a 2025 detailed wage row for this occupation.
9.0,22128,Psychiatrist,2,PROFESSIONALS,22,221,2212,scored,0.27,0.27,0.27,38.1,377,987,Not Exposed,Not Exposed,Not Exposed,0.12,0.12,0.12,2212,2212,,one_to_one,official_crosswalk,,,,,,,,,0,,,published_broad_occupation_group,pmet,2026 Q1,2026-08-19,Exposure measures task overlap with current GenAI capabilities; it is not a job-loss probability or forecast.|MOM does not publish a 2025 detailed wage row for this occupation.
9.0,22129,Specialist medical practitioner (medical) n.e.c.,2,PROFESSIONALS,22,221,2212,scored,0.27,0.27,0.27,38.1,377,987,Not Exposed,Not Exposed,Not Exposed,0.12,0.12,0.12,2212,2212,,one_to_one,official_crosswalk,,,,,,,,,0,,,published_broad_occupation_group,pmet,2026 Q1,2026-08-19,Exposure measures task overlap with current GenAI capabilities; it is not a job-loss probability or forecast.|MOM does not publish a 2025 detailed wage row for this occupation.
9.0,22131,General surgeon,2,PROFESSIONALS,22,221,2213,scored,0.27,0.27,0.27,38.1,377,987,Not Exposed,Not Exposed,Not Exposed,0.12,0.12,0.12,2212,2212,,one_to_one,official_crosswalk,,,,,,,,,0,,,published_broad_occupation_group,pmet,2026 Q1,2026-08-19,Exposure measures task overlap with current GenAI capabilities; it is not a job-loss probability or forecast.|MOM does not publish a 2025 detailed wage row for this occupation.
9.0,22132,Cardiothoracic surgeon,2,PROFESSIONALS,22,221,2213,scored,0.27,0.27,0.27,38.1,377,987,Not Exposed,Not Exposed,Not Exposed,0.12,0.12,0.12,2212,2212,,one_to_one,official_crosswalk,,,,,,,,,0,,,published_broad_occupation_group,pmet,2026 Q1,2026-08-19,Exposure measures task overlap with current GenAI capabilities; it is not a job-loss probability or forecast.|MOM does not publish a 2025 detailed wage row for this occupation.
9.0,22133,Hand surgeon,2,PROFESSIONALS,22,221,2213,scored,0.27,0.27,0.27,38.1,377,987,Not Exposed,Not Exposed,Not Exposed,0.12,0.12,0.12,2212,2212,,one_to_one,official_crosswalk,,,,,,,,,0,,,published_broad_occupation_group,pmet,2026 Q1,2026-08-19,Exposure measures task overlap with current GenAI capabilities; it is not a job-loss probability or forecast.|MOM does not publish a 2025 detailed wage row for this occupation.
9.0,22134,Neurosurgeon,2,PROFESSIONALS,22,221,2213,scored,0.27,0.27,0.27,38.1,377,987,Not Exposed,Not Exposed,Not Exposed,0.12,0.12,0.12,2212,2212,,one_to_one,official_crosswalk,,,,,,,,,0,,,published_broad_occupation_group,pmet,2026 Q1,2026-08-19,Exposure measures task overlap with current GenAI capabilities; it is not a job-loss probability or forecast.|MOM does not publish a 2025 detailed wage row for this occupation.
9.0,22135,Orthopaedic surgeon,2,PROFESSIONALS,22,221,2213,scored,0.27,0.27,0.27,38.1,377,987,Not Exposed,Not Exposed,Not Exposed,0.12,0.12,0.12,2212,2212,,one_to_one,official_crosswalk,,,,,,,,,0,,,published_broad_occupation_group,pmet,2026 Q1,2026-08-19,Exposure measures task overlap with current GenAI capabilities; it is not a job-loss probability or forecast.|MOM does not publish a 2025 detailed wage row for this occupation.
9.0,22136,Paediatric surgeon,2,PROFESSIONALS,22,221,2213,scored,0.27,0.27,0.27,38.1,377,987,Not Exposed,Not Exposed,Not Exposed,0.12,0.12,0.12,2212,2212,,one_to_one,official_crosswalk,,,,,,,,,0,,,published_broad_occupation_group,pmet,2026 Q1,2026-08-19,Exposure measures task overlap with current GenAI capabilities; it is not a job-loss probability or forecast.|MOM does not publish a 2025 detailed wage row for this occupation.
9.0,22137,Plastic surgeon,2,PROFESSIONALS,22,221,2213,scored,0.27,0.27,0.27,38.1,377,987,Not Exposed,Not Exposed,Not Exposed,0.12,0.12,0.12,2212,2212,,one_to_one,official_crosswalk,,,,,,,,,0,,,published_broad_occupation_group,pmet,2026 Q1,2026-08-19,Exposure measures task overlap with current GenAI capabilities; it is not a job-loss probability or forecast.|MOM does not publish a 2025 detailed wage row for this occupation.
9.0,22138,Urologist,2,PROFESSIONALS,22,221,2213,scored,0.27,0.27,0.27,38.1,377,987,Not Exposed,Not Exposed,Not Exposed,0.12,0.12,0.12,2212,2212,,one_to_one,official_crosswalk,,,,,,,,,0,,,published_broad_occupation_group,pmet,2026 Q1,2026-08-19,Exposure measures task overlap with current GenAI capabilities; it is not a job-loss probability or forecast.|MOM does not publish a 2025 detailed wage row for this occupation.
9.0,22139,Specialist medical practitioner (surgical) n.e.c.,2,PROFESSIONALS,22,221,2213,scored,0.27,0.27,0.27,38.1,377,987,Not Exposed,Not Exposed,Not Exposed,0.12,0.12,0.12,2212,2212,,one_to_one,official_crosswalk,,,,,,,,,0,,,published_broad_occupation_group,pmet,2026 Q1,2026-08-19,Exposure measures task overlap with current GenAI capabilities; it is not a job-loss probability or forecast.|MOM does not publish a 2025 detailed wage row for this occupation.
9.0,22141,Anaesthesiologist,2,PROFESSIONALS,22,221,2214,scored,0.27,0.27,0.27,38.1,377,987,Not Exposed,Not Exposed,Not Exposed,0.12,0.12,0.12,2212,2212,,one_to_one,official_crosswalk,,,,,,,,,0,,,published_broad_occupation_group,pmet,2026 Q1,2026-08-19,Exposure measures task overlap with current GenAI capabilities; it is not a job-loss probability or forecast.|MOM does not publish a 2025 detailed wage row for this occupation.
9.0,22142,Diagnostic radiologist,2,PROFESSIONALS,22,221,2214,scored,0.27,0.27,0.27,38.1,377,987,Not Exposed,Not Exposed,Not Exposed,0.12,0.12,0.12,2212,2212,,one_to_one,official_crosswalk,10849,20000,30000,10849,20000,30000,2025-06,mom_occupational_wages_2025,0,,,published_broad_occupation_group,pmet,2026 Q1,2026-08-19,Exposure measures task overlap with current GenAI capabilities; it is not a job-loss probability or forecast.
9.0,22143,Emergency physician,2,PROFESSIONALS,22,221,2214,scored,0.27,0.27,0.27,38.1,377,987,Not Exposed,Not Exposed,Not Exposed,0.12,0.12,0.12,2212,2212,,one_to_one,official_crosswalk,,,,,,,,,0,,,published_broad_occupation_group,pmet,2026 Q1,2026-08-19,Exposure measures task overlap with current GenAI capabilities; it is not a job-loss probability or forecast.|MOM does not publish a 2025 detailed wage row for this occupation.
9.0,22144,Obstetrician/Gynaecologist,2,PROFESSIONALS,22,221,2214,scored,0.27,0.27,0.27,38.1,377,987,Not Exposed,Not Exposed,Not Exposed,0.12,0.12,0.12,2212,2212,,one_to_one,official_crosswalk,,,,,,,,,0,,,published_broad_occupation_group,pmet,2026 Q1,2026-08-19,Exposure measures task overlap with current GenAI capabilities; it is not a job-loss probability or forecast.|MOM does not publish a 2025 detailed wage row for this occupation.
9.0,22145,Ophthalmologist,2,PROFESSIONALS,22,221,2214,scored,0.27,0.27,0.27,38.1,377,987,Not Exposed,Not Exposed,Not Exposed,0.12,0.12,0.12,2212,2212,,one_to_one,official_crosswalk,,,,,,,,,0,,,published_broad_occupation_group,pmet,2026 Q1,2026-08-19,Exposure measures task overlap with current GenAI capabilities; it is not a job-loss probability or forecast.|MOM does not publish a 2025 detailed wage row for this occupation.
9.0,22146,Pathologist,2,PROFESSIONALS,22,221,2214,scored,0.27,0.27,0.27,38.1,377,987,Not Exposed,Not Exposed,Not Exposed,0.12,0.12,0.12,2212,2212,,one_to_one,official_crosswalk,,,,,,,,,0,,,published_broad_occupation_group,pmet,2026 Q1,2026-08-19,Exposure measures task overlap with current GenAI capabilities; it is not a job-loss probability or forecast.|MOM does not publish a 2025 detailed wage row for this occupation.
9.0,22147,Public health physician,2,PROFESSIONALS,22,221,2214,scored,0.27,0.27,0.27,38.1,377,987,Not Exposed,Not Exposed,Not Exposed,0.12,0.12,0.12,2212,2212,,one_to_one,official_crosswalk,,,,,,,,,0,,,published_broad_occupation_group,pmet,2026 Q1,2026-08-19,Exposure measures task overlap with current GenAI capabilities; it is not a job-loss probability or forecast.|MOM does not publish a 2025 detailed wage row for this occupation.
9.0,22148,"Otorhinolaryngologist/Ear, nose, throat (ENT) specialist",2,PROFESSIONALS,22,221,2214,scored,0.27,0.27,0.27,38.1,377,987,Not Exposed,Not Exposed,Not Exposed,0.12,0.12,0.12,2212,2212,,one_to_one,official_crosswalk,,,,,,,,,0,,,published_broad_occupation_group,pmet,2026 Q1,2026-08-19,Exposure measures task overlap with current GenAI capabilities; it is not a job-loss probability or forecast.|MOM does not publish a 2025 detailed wage row for this occupation.
9.0,22149,Specialist medical practitioner (other specialisation) n.e.c.,2,PROFESSIONALS,22,221,2214,scored,0.27,0.27,0.27,38.1,377,987,Not Exposed,Not Exposed,Not Exposed,0.12,0.12,0.12,2212,2212,,one_to_one,official_crosswalk,,,,,,,,,0,,,published_broad_occupation_group,pmet,2026 Q1,2026-08-19,Exposure measures task overlap with current GenAI capabilities; it is not a job-loss probability or forecast.|MOM does not publish a 2025 detailed wage row for this occupation.
9.0,22200,Registered nurse and related nursing professional (excluding enrolled nurse),2,PROFESSIONALS,22,222,2220,scored,0.275,0.25,0.3,40.7,402.5,987,Not Exposed|Minimal Exposure,Not Exposed,Minimal Exposure,0.14,0.13,0.15,2222|2221,2222|2221,,partial,official_crosswalk,4057,4943,6456,4261,5210,6843,2025-06,mom_occupational_wages_2025,2,mom_jobs_in_demand_2025|mom_sol_2026,Nurse|Registered nurse,published_broad_occupation_group,pmet,2026 Q1,2026-08-19,Exposure measures task overlap with current GenAI capabilities; it is not a job-loss probability or forecast.|SSOC maps to multiple ISCO groups without official employment weights; the median and range are shown.
9.0,22301,Traditional Chinese medicine practitioner,2,PROFESSIONALS,22,223,2230,scored,0.32,0.32,0.32,53,524,987,Minimal Exposure,Minimal Exposure,Minimal Exposure,0.11,0.11,0.11,2230,2230,,one_to_one,official_crosswalk,1695,3789,4713,2000,4170,6000,2025-06,mom_occupational_wages_2025,0,,,published_broad_occupation_group,pmet,2026 Q1,2026-08-19,Exposure measures task overlap with current GenAI capabilities; it is not a job-loss probability or forecast.
9.0,22302,Traditional Chinese medicine acupuncturist,2,PROFESSIONALS,22,223,2230,scored,0.32,0.32,0.32,53,524,987,Minimal Exposure,Minimal Exposure,Minimal Exposure,0.11,0.11,0.11,2230,2230,,one_to_one,official_crosswalk,,,,,,,,,0,,,published_broad_occupation_group,pmet,2026 Q1,2026-08-19,Exposure measures task overlap with current GenAI capabilities; it is not a job-loss probability or forecast.|MOM does not publish a 2025 detailed wage row for this occupation.
9.0,22500,Veterinarian,2,PROFESSIONALS,22,225,2250,scored,0.14,0.14,0.14,9,89.5,987,Not Exposed,Not Exposed,Not Exposed,0.05,0.05,0.05,2250,2250,,one_to_one,official_crosswalk,4604,8938,10610,4760,9312,11834,2025-06,mom_occupational_wages_2025,0,,,published_broad_occupation_group,pmet,2026 Q1,2026-08-19,Exposure measures task overlap with current GenAI capabilities; it is not a job-loss probability or forecast.
9.0,22611,General dental practitioner,2,PROFESSIONALS,22,226,2261,scored,0.15,0.15,0.15,11.3,112,987,Not Exposed,Not Exposed,Not Exposed,0.06,0.06,0.06,2261,2261,,one_to_one,official_crosswalk,4937,4984,5409,4937,5007,5409,2025-06,mom_occupational_wages_2025,0,,,published_broad_occupation_group,pmet,2026 Q1,2026-08-19,Exposure measures task overlap with current GenAI capabilities; it is not a job-loss probability or forecast.
9.0,22612,Specialised dentist,2,PROFESSIONALS,22,226,2261,scored,0.15,0.15,0.15,11.3,112,987,Not Exposed,Not Exposed,Not Exposed,0.06,0.06,0.06,2261,2261,,one_to_one,official_crosswalk,4702,5059,5349,4702,5104,5515,2025-06,mom_occupational_wages_2025,0,,,published_broad_occupation_group,pmet,2026 Q1,2026-08-19,Exposure measures task overlap with current GenAI capabilities; it is not a job-loss probability or forecast.
9.0,22621,Pharmacist (patient care),2,PROFESSIONALS,22,226,2262,scored,0.33,0.33,0.33,54.9,542.5,987,Minimal Exposure,Minimal Exposure,Minimal Exposure,0.09,0.09,0.09,2262,2262,,one_to_one,official_crosswalk,4663,5578,7097,4682,5612,7123,2025-06,mom_occupational_wages_2025,0,,,published_broad_occupation_group,pmet,2026 Q1,2026-08-19,Exposure measures task overlap with current GenAI capabilities; it is not a job-loss probability or forecast.
9.0,22629,Pharmacist n.e.c.,2,PROFESSIONALS,22,226,2262,scored,0.33,0.33,0.33,54.9,542.5,987,Minimal Exposure,Minimal Exposure,Minimal Exposure,0.09,0.09,0.09,2262,2262,,one_to_one,official_crosswalk,,,,,,,,,0,,,published_broad_occupation_group,pmet,2026 Q1,2026-08-19,Exposure measures task overlap with current GenAI capabilities; it is not a job-loss probability or forecast.|MOM does not publish a 2025 detailed wage row for this occupation.
9.0,22631,Occupational health and safety professional,2,PROFESSIONALS,22,226,2263,scored,0.28,0.28,0.28,43.1,425.5,987,Not Exposed,Not Exposed,Not Exposed,0.05,0.05,0.05,2263,2263,,one_to_one,official_crosswalk,4364,5737,8403,4434,5777,8598,2025-06,mom_occupational_wages_2025,0,,,published_broad_occupation_group,pmet,2026 Q1,2026-08-19,Exposure measures task overlap with current GenAI capabilities; it is not a job-loss probability or forecast.
9.0,22632,Environmental officer (public health),2,PROFESSIONALS,22,226,2263,scored,0.28,0.28,0.28,43.1,425.5,987,Not Exposed,Not Exposed,Not Exposed,0.05,0.05,0.05,2263,2263,,one_to_one,official_crosswalk,,,,,,,,,0,,,published_broad_occupation_group,pmet,2026 Q1,2026-08-19,Exposure measures task overlap with current GenAI capabilities; it is not a job-loss probability or forecast.|MOM does not publish a 2025 detailed wage row for this occupation.
9.0,22639,Environmental and occupational health and hygiene professional n.e.c.,2,PROFESSIONALS,22,226,2263,scored,0.28,0.28,0.28,43.1,425.5,987,Not Exposed,Not Exposed,Not Exposed,0.05,0.05,0.05,2263,2263,,one_to_one,official_crosswalk,,,,,,,,,0,,,published_broad_occupation_group,pmet,2026 Q1,2026-08-19,Exposure measures task overlap with current GenAI capabilities; it is not a job-loss probability or forecast.|MOM does not publish a 2025 detailed wage row for this occupation.
9.0,22640,Physiotherapist,2,PROFESSIONALS,22,226,2264,scored,0.28,0.28,0.28,43.1,425.5,987,Minimal Exposure,Minimal Exposure,Minimal Exposure,0.14,0.14,0.14,2264,2264,,one_to_one,official_crosswalk,4556,5323,6890,4579,5349,7000,2025-06,mom_occupational_wages_2025,1,mom_sol_2026,Physiotherapist,published_broad_occupation_group,pmet,2026 Q1,2026-08-19,Exposure measures task overlap with current GenAI capabilities; it is not a job-loss probability or forecast.
9.0,22651,Dietitian,2,PROFESSIONALS,22,226,2265,scored,0.41,0.41,0.41,73.3,724,987,Minimal Exposure,Minimal Exposure,Minimal Exposure,0.07,0.07,0.07,2265,2265,,one_to_one,official_crosswalk,4174,5095,6459,4197,5125,6484,2025-06,mom_occupational_wages_2025,0,,,published_broad_occupation_group,pmet,2026 Q1,2026-08-19,Exposure measures task overlap with current GenAI capabilities; it is not a job-loss probability or forecast.
9.0,22652,Nutritionist,2,PROFESSIONALS,22,226,2265,scored,0.41,0.41,0.41,73.3,724,987,Minimal Exposure,Minimal Exposure,Minimal Exposure,0.07,0.07,0.07,2265,2265,,one_to_one,official_crosswalk,,,,,,,,,0,,,published_broad_occupation_group,pmet,2026 Q1,2026-08-19,Exposure measures task overlap with current GenAI capabilities; it is not a job-loss probability or forecast.|MOM does not publish a 2025 detailed wage row for this occupation.
9.0,22661,Audiologist,2,PROFESSIONALS,22,226,2266,scored,0.24,0.24,0.24,29.2,289,987,Not Exposed,Not Exposed,Not Exposed,0.04,0.04,0.04,2266,2266,,one_to_one,official_crosswalk,4520,5457,6325,4520,5457,6325,2025-06,mom_occupational_wages_2025,0,,,published_broad_occupation_group,pmet,2026 Q1,2026-08-19,Exposure measures task overlap with current GenAI capabilities; it is not a job-loss probability or forecast.
9.0,22662,Speech therapist,2,PROFESSIONALS,22,226,2266,scored,0.24,0.24,0.24,29.2,289,987,Not Exposed,Not Exposed,Not Exposed,0.04,0.04,0.04,2266,2266,,one_to_one,official_crosswalk,4200,4900,6500,4200,4900,6500,2025-06,mom_occupational_wages_2025,0,,,published_broad_occupation_group,pmet,2026 Q1,2026-08-19,Exposure measures task overlap with current GenAI capabilities; it is not a job-loss probability or forecast.
9.0,22670,Optometrist,2,PROFESSIONALS,22,226,2267,scored,0.24,0.24,0.24,29.2,289,987,Not Exposed,Not Exposed,Not Exposed,0.07,0.07,0.07,2267,2267,,one_to_one,official_crosswalk,4830,5561,6450,4830,5561,6450,2025-06,mom_occupational_wages_2025,0,,,published_broad_occupation_group,pmet,2026 Q1,2026-08-19,Exposure measures task overlap with current GenAI capabilities; it is not a job-loss probability or forecast.
9.0,22680,Occupational therapist,2,PROFESSIONALS,22,226,2268,scored,0.2,0.2,0.2,21.8,215.5,987,Not Exposed,Not Exposed,Not Exposed,0.08,0.08,0.08,2269,2269,,one_to_one,official_crosswalk,4217,4919,6430,4260,4962,6430,2025-06,mom_occupational_wages_2025,1,mom_sol_2026,Occupational therapist,published_broad_occupation_group,pmet,2026 Q1,2026-08-19,Exposure measures task overlap with current GenAI capabilities; it is not a job-loss probability or forecast.
9.0,22691,Chiropractor,2,PROFESSIONALS,22,226,2269,scored,0.2,0.2,0.2,21.8,215.5,987,Not Exposed,Not Exposed,Not Exposed,0.08,0.08,0.08,2269,2269,,one_to_one,official_crosswalk,,,,,,,,,0,,,published_broad_occupation_group,pmet,2026 Q1,2026-08-19,Exposure measures task overlap with current GenAI capabilities; it is not a job-loss probability or forecast.|MOM does not publish a 2025 detailed wage row for this occupation.
9.0,22692,Podiatrist,2,PROFESSIONALS,22,226,2269,scored,0.2,0.2,0.2,21.8,215.5,987,Not Exposed,Not Exposed,Not Exposed,0.08,0.08,0.08,2269,2269,,one_to_one,official_crosswalk,,,,,,,,,1,mom_sol_2026,Podiatrist,published_broad_occupation_group,pmet,2026 Q1,2026-08-19,Exposure measures task overlap with current GenAI capabilities; it is not a job-loss probability or forecast.|MOM does not publish a 2025 detailed wage row for this occupation.
9.0,22693,Diagnostic radiographer,2,PROFESSIONALS,22,226,2269,scored,0.22,0.22,0.22,26.2,259,987,Not Exposed,Not Exposed,Not Exposed,0.03,0.03,0.03,3211,3211,,one_to_one,official_crosswalk,4730,5775,7645,4800,6031,7761,2025-06,mom_occupational_wages_2025,1,mom_sol_2026,Diagnostic radiographer,published_broad_occupation_group,pmet,2026 Q1,2026-08-19,Exposure measures task overlap with current GenAI capabilities; it is not a job-loss probability or forecast.
9.0,22694,Radiation therapist,2,PROFESSIONALS,22,226,2269,scored,0.22,0.22,0.22,26.2,259,987,Not Exposed,Not Exposed,Not Exposed,0.03,0.03,0.03,3211,3211,,one_to_one,official_crosswalk,4609,5410,7491,4699,5622,7939,2025-06,mom_occupational_wages_2025,0,,,published_broad_occupation_group,pmet,2026 Q1,2026-08-19,Exposure measures task overlap with current GenAI capabilities; it is not a job-loss probability or forecast.
9.0,22699,Other health professional n.e.c.,2,PROFESSIONALS,22,226,2269,scored,0.21,0.2,0.22,23.9,236.5,987,Not Exposed,Not Exposed,Not Exposed,0.055,0.03,0.08,3211|2269,3211|2269,,partial,official_crosswalk,,,,,,,,,0,,,published_broad_occupation_group,pmet,2026 Q1,2026-08-19,Exposure measures task overlap with current GenAI capabilities; it is not a job-loss probability or forecast.|SSOC maps to multiple ISCO groups without official employment weights; the median and range are shown.|MOM does not publish a 2025 detailed wage row for this occupation.
9.0,23101,University lecturer,2,PROFESSIONALS,23,231,2310,scored,0.37,0.37,0.37,63.6,628.5,987,Minimal Exposure,Minimal Exposure,Minimal Exposure,0.12,0.12,0.12,2310,2310,,one_to_one,official_crosswalk,9461,13374,17440,9500,13403,17540,2025-06,mom_occupational_wages_2025,0,,,published_broad_occupation_group,pmet,2026 Q1,2026-08-19,Exposure measures task overlap with current GenAI capabilities; it is not a job-loss probability or forecast.
9.0,23102,Polytechnic lecturer,2,PROFESSIONALS,23,231,2310,scored,0.37,0.37,0.37,63.6,628.5,987,Minimal Exposure,Minimal Exposure,Minimal Exposure,0.12,0.12,0.12,2310,2310,,one_to_one,official_crosswalk,,,,,,,,,0,,,published_broad_occupation_group,pmet,2026 Q1,2026-08-19,Exposure measures task overlap with current GenAI capabilities; it is not a job-loss probability or forecast.|MOM does not publish a 2025 detailed wage row for this occupation.
9.0,23103,Teaching assistant/Tutor in university,2,PROFESSIONALS,23,231,2310,scored,0.37,0.37,0.37,63.6,628.5,987,Minimal Exposure,Minimal Exposure,Minimal Exposure,0.12,0.12,0.12,2310,2310,,one_to_one,official_crosswalk,,,,,,,,,0,,,published_broad_occupation_group,pmet,2026 Q1,2026-08-19,Exposure measures task overlap with current GenAI capabilities; it is not a job-loss probability or forecast.|MOM does not publish a 2025 detailed wage row for this occupation.
9.0,23109,University/Polytechnic/Higher education teacher n.e.c.,2,PROFESSIONALS,23,231,2310,scored,0.37,0.37,0.37,63.6,628.5,987,Minimal Exposure,Minimal Exposure,Minimal Exposure,0.12,0.12,0.12,2310,2310,,one_to_one,official_crosswalk,,,,,,,,,0,,,published_broad_occupation_group,pmet,2026 Q1,2026-08-19,Exposure measures task overlap with current GenAI capabilities; it is not a job-loss probability or forecast.|MOM does not publish a 2025 detailed wage row for this occupation.
9.0,23200,Junior college/Pre-university teacher,2,PROFESSIONALS,23,232,2320,scored,0.3,0.3,0.3,49.4,488,987,Not Exposed,Not Exposed,Not Exposed,0.07,0.07,0.07,2330,2330,,one_to_one,official_crosswalk,,,,,,,,,0,,,published_broad_occupation_group,pmet,2026 Q1,2026-08-19,Exposure measures task overlap with current GenAI capabilities; it is not a job-loss probability or forecast.|MOM does not publish a 2025 detailed wage row for this occupation.
9.0,23300,Technical/Vocational/Commercial education institute teacher/trainer,2,PROFESSIONALS,23,233,2330,scored,0.35,0.35,0.35,57.4,567,987,Minimal Exposure,Minimal Exposure,Minimal Exposure,0.12,0.12,0.12,2320,2320,,one_to_one,official_crosswalk,3587,4603,6626,3600,4629,6667,2025-06,mom_occupational_wages_2025,0,,,published_broad_occupation_group,pmet,2026 Q1,2026-08-19,Exposure measures task overlap with current GenAI capabilities; it is not a job-loss probability or forecast.
9.0,23400,Secondary school teacher,2,PROFESSIONALS,23,234,2340,scored,0.3,0.3,0.3,49.4,488,987,Not Exposed,Not Exposed,Not Exposed,0.07,0.07,0.07,2330,2330,,one_to_one,official_crosswalk,,,,,,,,,0,,,published_broad_occupation_group,pmet,2026 Q1,2026-08-19,Exposure measures task overlap with current GenAI capabilities; it is not a job-loss probability or forecast.|MOM does not publish a 2025 detailed wage row for this occupation.
9.0,23500,Primary school teacher,2,PROFESSIONALS,23,235,2350,scored,0.26,0.26,0.26,33.8,334,987,Not Exposed,Not Exposed,Not Exposed,0.09,0.09,0.09,2341,2341,,one_to_one,official_crosswalk,,,,,,,,,0,,,published_broad_occupation_group,pmet,2026 Q1,2026-08-19,Exposure measures task overlap with current GenAI capabilities; it is not a job-loss probability or forecast.|MOM does not publish a 2025 detailed wage row for this occupation.
9.0,23611,Education methods adviser,2,PROFESSIONALS,23,236,2361,scored,0.39,0.39,0.39,70.3,694.5,987,Exposed: Gradient 1,Exposed: Gradient 1,Exposed: Gradient 1,0.11,0.11,0.11,2351,2351,,one_to_one,official_crosswalk,,,,,,,,,0,,,published_broad_occupation_group,pmet,2026 Q1,2026-08-19,Exposure measures task overlap with current GenAI capabilities; it is not a job-loss probability or forecast.|MOM does not publish a 2025 detailed wage row for this occupation.
9.0,23612,Instructional designer/technologist,2,PROFESSIONALS,23,236,2361,scored,0.39,0.39,0.39,70.3,694.5,987,Exposed: Gradient 1,Exposed: Gradient 1,Exposed: Gradient 1,0.11,0.11,0.11,2351,2351,,one_to_one,official_crosswalk,,,,,,,,,0,,,published_broad_occupation_group,pmet,2026 Q1,2026-08-19,Exposure measures task overlap with current GenAI capabilities; it is not a job-loss probability or forecast.|MOM does not publish a 2025 detailed wage row for this occupation.
9.0,23619,Education methods specialist n.e.c.,2,PROFESSIONALS,23,236,2361,scored,0.39,0.39,0.39,70.3,694.5,987,Exposed: Gradient 1,Exposed: Gradient 1,Exposed: Gradient 1,0.11,0.11,0.11,2351,2351,,one_to_one,official_crosswalk,,,,,,,,,0,,,published_broad_occupation_group,pmet,2026 Q1,2026-08-19,Exposure measures task overlap with current GenAI capabilities; it is not a job-loss probability or forecast.|MOM does not publish a 2025 detailed wage row for this occupation.
9.0,23621,Teacher of the visually impaired,2,PROFESSIONALS,23,236,2362,scored,0.28,0.28,0.28,43.1,425.5,987,Not Exposed,Not Exposed,Not Exposed,0.1,0.1,0.1,2352,2352,,one_to_one,official_crosswalk,,,,,,,,,0,,,published_broad_occupation_group,pmet,2026 Q1,2026-08-19,Exposure measures task overlap with current GenAI capabilities; it is not a job-loss probability or forecast.|MOM does not publish a 2025 detailed wage row for this occupation.
9.0,23622,Early intervention teacher for infants and children,2,PROFESSIONALS,23,236,2362,scored,0.28,0.28,0.28,43.1,425.5,987,Not Exposed,Not Exposed,Not Exposed,0.1,0.1,0.1,2352,2352,,one_to_one,official_crosswalk,3250,3772,4654,3250,3772,4826,2025-06,mom_occupational_wages_2025,0,,,published_broad_occupation_group,pmet,2026 Q1,2026-08-19,Exposure measures task overlap with current GenAI capabilities; it is not a job-loss probability or forecast.
9.0,23629,Special education teacher n.e.c.,2,PROFESSIONALS,23,236,2362,scored,0.28,0.28,0.28,43.1,425.5,987,Not Exposed,Not Exposed,Not Exposed,0.1,0.1,0.1,2352,2352,,one_to_one,official_crosswalk,,,,,,,,,0,,,published_broad_occupation_group,pmet,2026 Q1,2026-08-19,Exposure measures task overlap with current GenAI capabilities; it is not a job-loss probability or forecast.|MOM does not publish a 2025 detailed wage row for this occupation.
9.0,23690,Teaching professional n.e.c.,2,PROFESSIONALS,23,236,2369,scored,0.33,0.33,0.33,54.9,542.5,987,Minimal Exposure,Minimal Exposure,Minimal Exposure,0.1,0.1,0.1,2359,2359,,one_to_one,official_crosswalk,,,,,,,,,0,,,published_broad_occupation_group,pmet,2026 Q1,2026-08-19,Exposure measures task overlap with current GenAI capabilities; it is not a job-loss probability or forecast.|MOM does not publish a 2025 detailed wage row for this occupation.
9.0,24111,Accountant (excluding tax accountant),2,PROFESSIONALS,24,241,2411,scored,0.51,0.51,0.51,88.5,873.5,987,Exposed: Gradient 3,Exposed: Gradient 3,Exposed: Gradient 3,0.08,0.08,0.08,2411,2411,,one_to_one,official_crosswalk,4525,5833,7725,4638,5968,7953,2025-06,mom_occupational_wages_2025,0,,,published_broad_occupation_group,pmet,2026 Q1,2026-08-19,Exposure measures task overlap with current GenAI capabilities; it is not a job-loss probability or forecast.
9.0,24112,Auditor (accounting),2,PROFESSIONALS,24,241,2411,scored,0.51,0.51,0.51,88.5,873.5,987,Exposed: Gradient 3,Exposed: Gradient 3,Exposed: Gradient 3,0.08,0.08,0.08,2411,2411,,one_to_one,official_crosswalk,4570,5750,7750,4650,5750,7800,2025-06,mom_occupational_wages_2025,1,mom_jobs_in_demand_2025,Auditor,published_broad_occupation_group,pmet,2026 Q1,2026-08-19,Exposure measures task overlap with current GenAI capabilities; it is not a job-loss probability or forecast.
9.0,24113,Tax accountant,2,PROFESSIONALS,24,241,2411,scored,0.51,0.51,0.51,88.5,873.5,987,Exposed: Gradient 3,Exposed: Gradient 3,Exposed: Gradient 3,0.08,0.08,0.08,2411,2411,,one_to_one,official_crosswalk,6400,9925,14000,6450,10085,14500,2025-06,mom_occupational_wages_2025,0,,,published_broad_occupation_group,pmet,2026 Q1,2026-08-19,Exposure measures task overlap with current GenAI capabilities; it is not a job-loss probability or forecast.
9.0,24121,Financial/Investment adviser,2,PROFESSIONALS,24,241,2412,scored,0.57,0.57,0.57,94.5,932.5,987,Exposed: Gradient 3,Exposed: Gradient 3,Exposed: Gradient 3,0.11,0.11,0.11,2412,2412,,one_to_one,official_crosswalk,5098,7882,11823,5560,8050,12700,2025-06,mom_occupational_wages_2025,4,mom_jobs_in_demand_2025|mom_sol_2026,Financial/investment adviser|Financial/Investment adviser (ultra-high/high net worth)|Relationship manager (ultra-high/high net worth)|Wealth planner (ultra-high/high net worth),published_broad_occupation_group,pmet,2026 Q1,2026-08-19,Exposure measures task overlap with current GenAI capabilities; it is not a job-loss probability or forecast.
9.0,24122,Business valuer,2,PROFESSIONALS,24,241,2412,scored,0.57,0.57,0.57,94.5,932.5,987,Exposed: Gradient 3,Exposed: Gradient 3,Exposed: Gradient 3,0.11,0.11,0.11,2412,2412,,one_to_one,official_crosswalk,7259,9319,13964,7458,10080,15484,2025-06,mom_occupational_wages_2025,0,,,published_broad_occupation_group,pmet,2026 Q1,2026-08-19,Exposure measures task overlap with current GenAI capabilities; it is not a job-loss probability or forecast.
9.0,24131,Financial analyst,2,PROFESSIONALS,24,241,2413,scored,0.62,0.62,0.62,97.3,960,987,Exposed: Gradient 4,Exposed: Gradient 4,Exposed: Gradient 4,0.06,0.06,0.06,2413,2413,,one_to_one,official_crosswalk,5979,8150,12310,6050,8365,12786,2025-06,mom_occupational_wages_2025,0,,,published_broad_occupation_group,pmet,2026 Q1,2026-08-19,Exposure measures task overlap with current GenAI capabilities; it is not a job-loss probability or forecast.
9.0,24132,Compliance officer/Risk analyst (financial),2,PROFESSIONALS,24,241,2413,scored,0.62,0.62,0.62,97.3,960,987,Exposed: Gradient 4,Exposed: Gradient 4,Exposed: Gradient 4,0.06,0.06,0.06,2413,2413,,one_to_one,official_crosswalk,6528,8995,13582,6785,9500,15000,2025-06,mom_occupational_wages_2025,0,,,published_broad_occupation_group,pmet,2026 Q1,2026-08-19,Exposure measures task overlap with current GenAI capabilities; it is not a job-loss probability or forecast.
9.0,24133,Fund/Portfolio manager,2,PROFESSIONALS,24,241,2413,scored,0.62,0.62,0.62,97.3,960,987,Exposed: Gradient 4,Exposed: Gradient 4,Exposed: Gradient 4,0.06,0.06,0.06,2413,2413,,one_to_one,official_crosswalk,9608,15431,19879,9702,15750,20000,2025-06,mom_occupational_wages_2025,0,,,published_broad_occupation_group,pmet,2026 Q1,2026-08-19,Exposure measures task overlap with current GenAI capabilities; it is not a job-loss probability or forecast.
9.0,24134,Treasury manager,2,PROFESSIONALS,24,241,2413,scored,0.62,0.62,0.62,97.3,960,987,Exposed: Gradient 4,Exposed: Gradient 4,Exposed: Gradient 4,0.06,0.06,0.06,2413,2413,,one_to_one,official_crosswalk,8029,11802,17351,8280,12000,18197,2025-06,mom_occupational_wages_2025,0,,,published_broad_occupation_group,pmet,2026 Q1,2026-08-19,Exposure measures task overlap with current GenAI capabilities; it is not a job-loss probability or forecast.
9.0,24135,Financial product structurer,2,PROFESSIONALS,24,241,2413,scored,0.62,0.62,0.62,97.3,960,987,Exposed: Gradient 4,Exposed: Gradient 4,Exposed: Gradient 4,0.06,0.06,0.06,2413,2413,,one_to_one,official_crosswalk,7128,9178,14214,7220,9987,15840,2025-06,mom_occupational_wages_2025,0,,,published_broad_occupation_group,pmet,2026 Q1,2026-08-19,Exposure measures task overlap with current GenAI capabilities; it is not a job-loss probability or forecast.
9.0,24136,Energy portfolio manager,2,PROFESSIONALS,24,241,2413,scored,0.62,0.62,0.62,97.3,960,987,Exposed: Gradient 4,Exposed: Gradient 4,Exposed: Gradient 4,0.06,0.06,0.06,2413,2413,,one_to_one,official_crosswalk,,,,,,,,,0,,,published_broad_occupation_group,pmet,2026 Q1,2026-08-19,Exposure measures task overlap with current GenAI capabilities; it is not a job-loss probability or forecast.|MOM does not publish a 2025 detailed wage row for this occupation.
9.0,24139,Financial analyst and related professional n.e.c.,2,PROFESSIONALS,24,241,2413,scored,0.62,0.62,0.62,97.3,960,987,Exposed: Gradient 4,Exposed: Gradient 4,Exposed: Gradient 4,0.06,0.06,0.06,2413,2413,,one_to_one,official_crosswalk,,,,,,,,,0,,,published_broad_occupation_group,pmet,2026 Q1,2026-08-19,Exposure measures task overlap with current GenAI capabilities; it is not a job-loss probability or forecast.|MOM does not publish a 2025 detailed wage row for this occupation.
9.0,24141,Securities/Finance dealer,2,PROFESSIONALS,24,241,2414,scored,0.63,0.63,0.63,98.2,969.5,987,Exposed: Gradient 4,Exposed: Gradient 4,Exposed: Gradient 4,0.04,0.04,0.04,3311,3311,,one_to_one,official_crosswalk,5568,7865,11614,5776,8075,11614,2025-06,mom_occupational_wages_2025,0,,,published_broad_occupation_group,pmet,2026 Q1,2026-08-19,Exposure measures task overlap with current GenAI capabilities; it is not a job-loss probability or forecast.
9.0,24142,Foreign exchange dealer,2,PROFESSIONALS,24,241,2414,scored,0.63,0.63,0.63,98.2,969.5,987,Exposed: Gradient 4,Exposed: Gradient 4,Exposed: Gradient 4,0.04,0.04,0.04,3311,3311,,one_to_one,official_crosswalk,9031,10775,17250,9136,13500,20000,2025-06,mom_occupational_wages_2025,0,,,published_broad_occupation_group,pmet,2026 Q1,2026-08-19,Exposure measures task overlap with current GenAI capabilities; it is not a job-loss probability or forecast.
9.0,24143,Financial derivatives dealer,2,PROFESSIONALS,24,241,2414,scored,0.63,0.63,0.63,98.2,969.5,987,Exposed: Gradient 4,Exposed: Gradient 4,Exposed: Gradient 4,0.04,0.04,0.04,3311,3311,,one_to_one,official_crosswalk,16005,19895,19895,16090,20000,20000,2025-06,mom_occupational_wages_2025,0,,,published_broad_occupation_group,pmet,2026 Q1,2026-08-19,Exposure measures task overlap with current GenAI capabilities; it is not a job-loss probability or forecast.
9.0,24149,Securities/Finance dealer n.e.c.,2,PROFESSIONALS,24,241,2414,scored,0.63,0.63,0.63,98.2,969.5,987,Exposed: Gradient 4,Exposed: Gradient 4,Exposed: Gradient 4,0.04,0.04,0.04,3311,3311,,one_to_one,official_crosswalk,,,,,,,,,0,,,published_broad_occupation_group,pmet,2026 Q1,2026-08-19,Exposure measures task overlap with current GenAI capabilities; it is not a job-loss probability or forecast.|MOM does not publish a 2025 detailed wage row for this occupation.
9.0,24151,Securities/Finance broker,2,PROFESSIONALS,24,241,2415,scored,0.63,0.63,0.63,98.2,969.5,987,Exposed: Gradient 4,Exposed: Gradient 4,Exposed: Gradient 4,0.04,0.04,0.04,3311,3311,,one_to_one,official_crosswalk,,,,,,,,,0,,,published_broad_occupation_group,pmet,2026 Q1,2026-08-19,Exposure measures task overlap with current GenAI capabilities; it is not a job-loss probability or forecast.|MOM does not publish a 2025 detailed wage row for this occupation.
9.0,24152,Foreign exchange broker,2,PROFESSIONALS,24,241,2415,scored,0.63,0.63,0.63,98.2,969.5,987,Exposed: Gradient 4,Exposed: Gradient 4,Exposed: Gradient 4,0.04,0.04,0.04,3311,3311,,one_to_one,official_crosswalk,,,,,,,,,0,,,published_broad_occupation_group,pmet,2026 Q1,2026-08-19,Exposure measures task overlap with current GenAI capabilities; it is not a job-loss probability or forecast.|MOM does not publish a 2025 detailed wage row for this occupation.
9.0,24153,Financial derivatives broker,2,PROFESSIONALS,24,241,2415,scored,0.63,0.63,0.63,98.2,969.5,987,Exposed: Gradient 4,Exposed: Gradient 4,Exposed: Gradient 4,0.04,0.04,0.04,3311,3311,,one_to_one,official_crosswalk,,,,,,,,,0,,,published_broad_occupation_group,pmet,2026 Q1,2026-08-19,Exposure measures task overlap with current GenAI capabilities; it is not a job-loss probability or forecast.|MOM does not publish a 2025 detailed wage row for this occupation.
9.0,24154,Commodities/Freight derivatives broker,2,PROFESSIONALS,24,241,2415,scored,0.63,0.63,0.63,98.2,969.5,987,Exposed: Gradient 4,Exposed: Gradient 4,Exposed: Gradient 4,0.04,0.04,0.04,3311,3311,,one_to_one,official_crosswalk,7961,10002,13820,8034,10174,14260,2025-06,mom_occupational_wages_2025,0,,,published_broad_occupation_group,pmet,2026 Q1,2026-08-19,Exposure measures task overlap with current GenAI capabilities; it is not a job-loss probability or forecast.
9.0,24159,Securities/Finance broker n.e.c.,2,PROFESSIONALS,24,241,2415,scored,0.63,0.63,0.63,98.2,969.5,987,Exposed: Gradient 4,Exposed: Gradient 4,Exposed: Gradient 4,0.04,0.04,0.04,3311,3311,,one_to_one,official_crosswalk,,,,,,,,,0,,,published_broad_occupation_group,pmet,2026 Q1,2026-08-19,Exposure measures task overlap with current GenAI capabilities; it is not a job-loss probability or forecast.|MOM does not publish a 2025 detailed wage row for this occupation.
9.0,24160,Insurance underwriter,2,PROFESSIONALS,24,241,2416,scored,0.53,0.53,0.53,89.7,885,987,Exposed: Gradient 3,Exposed: Gradient 3,Exposed: Gradient 3,0.12,0.12,0.12,3321,3321,,one_to_one,official_crosswalk,6155,9544,14583,6357,9566,14583,2025-06,mom_occupational_wages_2025,0,,,published_broad_occupation_group,pmet,2026 Q1,2026-08-19,Exposure measures task overlap with current GenAI capabilities; it is not a job-loss probability or forecast.
9.0,24211,Management consultant,2,PROFESSIONALS,24,242,2421,scored,0.46,0.46,0.46,81.9,809,987,Exposed: Gradient 2,Exposed: Gradient 2,Exposed: Gradient 2,0.1,0.1,0.1,2421,2421,,one_to_one,official_crosswalk,7350,9340,14749,7434,9701,15108,2025-06,mom_occupational_wages_2025,0,,,published_broad_occupation_group,pmet,2026 Q1,2026-08-19,Exposure measures task overlap with current GenAI capabilities; it is not a job-loss probability or forecast.
9.0,24212,Business consultant,2,PROFESSIONALS,24,242,2421,scored,0.46,0.46,0.46,81.9,809,987,Exposed: Gradient 2,Exposed: Gradient 2,Exposed: Gradient 2,0.1,0.1,0.1,2421,2421,,one_to_one,official_crosswalk,5292,6897,10326,5400,7000,10690,2025-06,mom_occupational_wages_2025,0,,,published_broad_occupation_group,pmet,2026 Q1,2026-08-19,Exposure measures task overlap with current GenAI capabilities; it is not a job-loss probability or forecast.
9.0,24213,Business/Financial project management professional,2,PROFESSIONALS,24,242,2421,scored,0.46,0.46,0.46,81.9,809,987,Exposed: Gradient 2,Exposed: Gradient 2,Exposed: Gradient 2,0.1,0.1,0.1,2421,2421,,one_to_one,official_crosswalk,5176,7350,9958,5400,7670,10800,2025-06,mom_occupational_wages_2025,0,,,published_broad_occupation_group,pmet,2026 Q1,2026-08-19,Exposure measures task overlap with current GenAI capabilities; it is not a job-loss probability or forecast.
9.0,24214,Sustainability project development/management professional,2,PROFESSIONALS,24,242,2421,scored,0.42,0.38,0.46,75.1,741.5,987,Minimal Exposure|Exposed: Gradient 2,Minimal Exposure,Exposed: Gradient 2,0.07,0.04,0.1,2133|2421,2133|2421,,partial,official_crosswalk,,,,,,,,,4,mom_sol_2026,Carbon programme manager|Carbon project originator|Carbon project manager|Carbon standards & methodology developer,published_broad_occupation_group,pmet,2026 Q1,2026-08-19,Exposure measures task overlap with current GenAI capabilities; it is not a job-loss probability or forecast.|SSOC maps to multiple ISCO groups without official employment weights; the median and range are shown.|MOM does not publish a 2025 detailed wage row for this occupation.
9.0,24221,Policy administration professional,2,PROFESSIONALS,24,242,2422,scored,0.42,0.42,0.42,75.1,741.5,987,Minimal Exposure,Minimal Exposure,Minimal Exposure,0.06,0.06,0.06,2422,2422,,one_to_one,official_crosswalk,4591,6138,11073,4620,6180,11666,2025-06,mom_occupational_wages_2025,0,,,published_broad_occupation_group,pmet,2026 Q1,2026-08-19,Exposure measures task overlap with current GenAI capabilities; it is not a job-loss probability or forecast.
9.0,24222,Risk analyst (non-financial),2,PROFESSIONALS,24,242,2422,scored,0.42,0.42,0.42,75.1,741.5,987,Minimal Exposure,Minimal Exposure,Minimal Exposure,0.06,0.06,0.06,2422,2422,,one_to_one,official_crosswalk,,,,,,,,,0,,,published_broad_occupation_group,pmet,2026 Q1,2026-08-19,Exposure measures task overlap with current GenAI capabilities; it is not a job-loss probability or forecast.|MOM does not publish a 2025 detailed wage row for this occupation.
9.0,24231,Human resource consultant (excluding executive search consultant),2,PROFESSIONALS,24,242,2423,scored,0.365,0.28,0.45,61.4,606.5,987,Not Exposed|Exposed: Gradient 2,Not Exposed,Exposed: Gradient 2,0.085,0.07,0.1,2423|2635,2423|2635,,partial,official_crosswalk,5000,6760,9410,5168,6894,9524,2025-06,mom_occupational_wages_2025,0,,,published_broad_occupation_group,pmet,2026 Q1,2026-08-19,Exposure measures task overlap with current GenAI capabilities; it is not a job-loss probability or forecast.|SSOC maps to multiple ISCO groups without official employment weights; the median and range are shown.
9.0,24232,Executive search consultant,2,PROFESSIONALS,24,242,2423,scored,0.45,0.45,0.45,80.8,797.5,987,Exposed: Gradient 2,Exposed: Gradient 2,Exposed: Gradient 2,0.07,0.07,0.07,2423,2423,,one_to_one,official_crosswalk,3100,3662,6900,3300,3900,7729,2025-06,mom_occupational_wages_2025,0,,,published_broad_occupation_group,pmet,2026 Q1,2026-08-19,Exposure measures task overlap with current GenAI capabilities; it is not a job-loss probability or forecast.
9.0,24233,Personnel/Human resource officer,2,PROFESSIONALS,24,242,2423,scored,0.45,0.45,0.45,80.8,797.5,987,Exposed: Gradient 2,Exposed: Gradient 2,Exposed: Gradient 2,0.07,0.07,0.07,2423,2423,,one_to_one,official_crosswalk,3480,4500,6032,3521,4565,6163,2025-06,mom_occupational_wages_2025,0,,,published_broad_occupation_group,pmet,2026 Q1,2026-08-19,Exposure measures task overlap with current GenAI capabilities; it is not a job-loss probability or forecast.
9.0,24234,Industrial relations officer,2,PROFESSIONALS,24,242,2423,scored,0.45,0.45,0.45,80.8,797.5,987,Exposed: Gradient 2,Exposed: Gradient 2,Exposed: Gradient 2,0.07,0.07,0.07,2423,2423,,one_to_one,official_crosswalk,4160,4944,6305,4760,5843,7178,2025-06,mom_occupational_wages_2025,0,,,published_broad_occupation_group,pmet,2026 Q1,2026-08-19,Exposure measures task overlap with current GenAI capabilities; it is not a job-loss probability or forecast.
9.0,24240,Training/Staff development professional,2,PROFESSIONALS,24,242,2424,scored,0.41,0.41,0.41,73.3,724,987,Exposed: Gradient 2,Exposed: Gradient 2,Exposed: Gradient 2,0.09,0.09,0.09,2424,2424,,one_to_one,official_crosswalk,4104,5717,7993,4279,5955,8335,2025-06,mom_occupational_wages_2025,0,,,published_broad_occupation_group,pmet,2026 Q1,2026-08-19,Exposure measures task overlap with current GenAI capabilities; it is not a job-loss probability or forecast.
9.0,24251,Intellectual property agent,2,PROFESSIONALS,24,242,2425,scored,0.44,0.44,0.44,78.3,773,987,Exposed: Gradient 2,Exposed: Gradient 2,Exposed: Gradient 2,0.12,0.12,0.12,3339,3339,,one_to_one,official_crosswalk,,,,,,,,,0,,,published_broad_occupation_group,pmet,2026 Q1,2026-08-19,Exposure measures task overlap with current GenAI capabilities; it is not a job-loss probability or forecast.|MOM does not publish a 2025 detailed wage row for this occupation.
9.0,24252,Intellectual property examiner,2,PROFESSIONALS,24,242,2425,scored,0.37,0.3,0.44,63.6,628.5,987,Not Exposed|Exposed: Gradient 2,Not Exposed,Exposed: Gradient 2,0.1,0.08,0.12,3339|2149,3339|2149,,partial,official_crosswalk,,,,,,,,,0,,,published_broad_occupation_group,pmet,2026 Q1,2026-08-19,Exposure measures task overlap with current GenAI capabilities; it is not a job-loss probability or forecast.|SSOC maps to multiple ISCO groups without official employment weights; the median and range are shown.|MOM does not publish a 2025 detailed wage row for this occupation.
9.0,24291,Research officer (non-statistical),2,PROFESSIONALS,24,242,2429,scored,0.44,0.42,0.46,78.3,773,987,Minimal Exposure|Exposed: Gradient 2,Minimal Exposure,Exposed: Gradient 2,0.08,0.06,0.1,2422|2421,2422|2421,,partial,official_crosswalk,4785,6087,7942,4793,6100,7943,2025-06,mom_occupational_wages_2025,0,,,published_broad_occupation_group,pmet,2026 Q1,2026-08-19,Exposure measures task overlap with current GenAI capabilities; it is not a job-loss probability or forecast.|SSOC maps to multiple ISCO groups without official employment weights; the median and range are shown.
9.0,24299,Other administration professional n.e.c.,2,PROFESSIONALS,24,242,2429,scored,0.44,0.42,0.46,78.3,773,987,Minimal Exposure|Exposed: Gradient 2,Minimal Exposure,Exposed: Gradient 2,0.08,0.06,0.1,2422|2421,2422|2421,,partial,official_crosswalk,,,,,,,,,0,,,published_broad_occupation_group,pmet,2026 Q1,2026-08-19,Exposure measures task overlap with current GenAI capabilities; it is not a job-loss probability or forecast.|SSOC maps to multiple ISCO groups without official employment weights; the median and range are shown.|MOM does not publish a 2025 detailed wage row for this occupation.
9.0,24311,Creative advertising professional,2,PROFESSIONALS,24,243,2431,scored,0.55,0.55,0.55,91.7,905.5,987,Exposed: Gradient 3,Exposed: Gradient 3,Exposed: Gradient 3,0.09,0.09,0.09,2431,2431,,one_to_one,official_crosswalk,4713,7050,10704,4760,7135,10800,2025-06,mom_occupational_wages_2025,0,,,published_broad_occupation_group,pmet,2026 Q1,2026-08-19,Exposure measures task overlap with current GenAI capabilities; it is not a job-loss probability or forecast.
9.0,24312,Market research professional,2,PROFESSIONALS,24,243,2431,scored,0.55,0.55,0.55,91.7,905.5,987,Exposed: Gradient 3,Exposed: Gradient 3,Exposed: Gradient 3,0.09,0.09,0.09,2431,2431,,one_to_one,official_crosswalk,5230,7066,10896,5300,7222,11280,2025-06,mom_occupational_wages_2025,0,,,published_broad_occupation_group,pmet,2026 Q1,2026-08-19,Exposure measures task overlap with current GenAI capabilities; it is not a job-loss probability or forecast.
9.0,24313,Marketing strategy/planning professional,2,PROFESSIONALS,24,243,2431,scored,0.55,0.55,0.55,91.7,905.5,987,Exposed: Gradient 3,Exposed: Gradient 3,Exposed: Gradient 3,0.09,0.09,0.09,2431,2431,,one_to_one,official_crosswalk,6350,8800,13996,6465,9000,14970,2025-06,mom_occupational_wages_2025,0,,,published_broad_occupation_group,pmet,2026 Q1,2026-08-19,Exposure measures task overlap with current GenAI capabilities; it is not a job-loss probability or forecast.
9.0,24314,Digital marketing professional,2,PROFESSIONALS,24,243,2431,scored,0.55,0.55,0.55,91.7,905.5,987,Exposed: Gradient 3,Exposed: Gradient 3,Exposed: Gradient 3,0.09,0.09,0.09,2431,2431,,one_to_one,official_crosswalk,4000,5513,7700,4165,5623,7754,2025-06,mom_occupational_wages_2025,0,,,published_broad_occupation_group,pmet,2026 Q1,2026-08-19,Exposure measures task overlap with current GenAI capabilities; it is not a job-loss probability or forecast.
9.0,24315,Revenue specialist,2,PROFESSIONALS,24,243,2431,scored,0.55,0.55,0.55,91.7,905.5,987,Exposed: Gradient 3,Exposed: Gradient 3,Exposed: Gradient 3,0.09,0.09,0.09,2431,2431,,one_to_one,official_crosswalk,5095,6601,7872,5095,6876,8146,2025-06,mom_occupational_wages_2025,0,,,published_broad_occupation_group,pmet,2026 Q1,2026-08-19,Exposure measures task overlap with current GenAI capabilities; it is not a job-loss probability or forecast.
9.0,24320,Public relations/Corporate communications professional,2,PROFESSIONALS,24,243,2432,scored,0.43,0.43,0.43,76.5,755.5,987,Exposed: Gradient 2,Exposed: Gradient 2,Exposed: Gradient 2,0.09,0.09,0.09,2432,2432,,one_to_one,official_crosswalk,3822,4864,7140,3925,5000,7479,2025-06,mom_occupational_wages_2025,0,,,published_broad_occupation_group,pmet,2026 Q1,2026-08-19,Exposure measures task overlap with current GenAI capabilities; it is not a job-loss probability or forecast.
9.0,24331,Technical sales professional,2,PROFESSIONALS,24,243,2433,scored,0.5,0.5,0.5,87.4,863,987,Exposed: Gradient 3,Exposed: Gradient 3,Exposed: Gradient 3,0.1,0.1,0.1,2433,2433,,one_to_one,official_crosswalk,4040,5239,8177,4335,5936,8956,2025-06,mom_occupational_wages_2025,0,,,published_broad_occupation_group,pmet,2026 Q1,2026-08-19,Exposure measures task overlap with current GenAI capabilities; it is not a job-loss probability or forecast.
9.0,24332,Medical/Pharmaceutical products sales professional,2,PROFESSIONALS,24,243,2433,scored,0.5,0.5,0.5,87.4,863,987,Exposed: Gradient 3,Exposed: Gradient 3,Exposed: Gradient 3,0.1,0.1,0.1,2433,2433,,one_to_one,official_crosswalk,4727,6174,7687,5340,6571,8650,2025-06,mom_occupational_wages_2025,0,,,published_broad_occupation_group,pmet,2026 Q1,2026-08-19,Exposure measures task overlap with current GenAI capabilities; it is not a job-loss probability or forecast.
9.0,24333,ICT sales and services professional,2,PROFESSIONALS,24,243,2433,scored,0.51,0.51,0.51,88.5,873.5,987,Exposed: Gradient 3,Exposed: Gradient 3,Exposed: Gradient 3,0.09,0.09,0.09,2434,2434,,one_to_one,official_crosswalk,7661,14246,18500,8088,15841,19687,2025-06,mom_occupational_wages_2025,0,,,published_broad_occupation_group,pmet,2026 Q1,2026-08-19,Exposure measures task overlap with current GenAI capabilities; it is not a job-loss probability or forecast.
9.0,24334,Sales professional (institutional sales of financial products),2,PROFESSIONALS,24,243,2433,scored,0.5,0.5,0.5,87.4,863,987,Exposed: Gradient 3,Exposed: Gradient 3,Exposed: Gradient 3,0.1,0.1,0.1,2433,2433,,one_to_one,official_crosswalk,6665,11158,17813,7080,11837,19563,2025-06,mom_occupational_wages_2025,0,,,published_broad_occupation_group,pmet,2026 Q1,2026-08-19,Exposure measures task overlap with current GenAI capabilities; it is not a job-loss probability or forecast.
9.0,24339,Specialised goods sales professional n.e.c.,2,PROFESSIONALS,24,243,2433,scored,0.495,0.49,0.5,86.8,857,987,Exposed: Gradient 2|Exposed: Gradient 3,Exposed: Gradient 2,Exposed: Gradient 3,0.09,0.08,0.1,3322|2433,3322|2433,,partial,official_crosswalk,,,,,,,,,0,,,published_broad_occupation_group,pmet,2026 Q1,2026-08-19,Exposure measures task overlap with current GenAI capabilities; it is not a job-loss probability or forecast.|SSOC maps to multiple ISCO groups without official employment weights; the median and range are shown.|MOM does not publish a 2025 detailed wage row for this occupation.
9.0,24351,"Commodities trader (excluding oil, bunker and environmental commodities)",2,PROFESSIONALS,24,243,2435,scored,0.44,0.44,0.44,78.3,773,987,Exposed: Gradient 2,Exposed: Gradient 2,Exposed: Gradient 2,0.1,0.1,0.1,3324,3324,,one_to_one,official_crosswalk,5000,9509,16816,5000,9509,16845,2025-06,mom_occupational_wages_2025,0,,,published_broad_occupation_group,pmet,2026 Q1,2026-08-19,Exposure measures task overlap with current GenAI capabilities; it is not a job-loss probability or forecast.
9.0,24352,Oil/Bunker trader,2,PROFESSIONALS,24,243,2435,scored,0.44,0.44,0.44,78.3,773,987,Exposed: Gradient 2,Exposed: Gradient 2,Exposed: Gradient 2,0.1,0.1,0.1,3324,3324,,one_to_one,official_crosswalk,7691,10179,15000,7841,10883,15000,2025-06,mom_occupational_wages_2025,0,,,published_broad_occupation_group,pmet,2026 Q1,2026-08-19,Exposure measures task overlap with current GenAI capabilities; it is not a job-loss probability or forecast.
9.0,24353,Ship charterer,2,PROFESSIONALS,24,243,2435,scored,0.44,0.44,0.44,78.3,773,987,Exposed: Gradient 2,Exposed: Gradient 2,Exposed: Gradient 2,0.1,0.1,0.1,3324,3324,,one_to_one,official_crosswalk,7738,10000,13846,7941,10000,14000,2025-06,mom_occupational_wages_2025,0,,,published_broad_occupation_group,pmet,2026 Q1,2026-08-19,Exposure measures task overlap with current GenAI capabilities; it is not a job-loss probability or forecast.
9.0,24354,Environmental commodities trader,2,PROFESSIONALS,24,243,2435,scored,0.44,0.44,0.44,78.3,773,987,Exposed: Gradient 2,Exposed: Gradient 2,Exposed: Gradient 2,0.1,0.1,0.1,3324,3324,,one_to_one,official_crosswalk,,,,,,,,,1,mom_sol_2026,Carbon trader,published_broad_occupation_group,pmet,2026 Q1,2026-08-19,Exposure measures task overlap with current GenAI capabilities; it is not a job-loss probability or forecast.|MOM does not publish a 2025 detailed wage row for this occupation.
9.0,24361,Trade broker,2,PROFESSIONALS,24,243,2436,scored,0.44,0.44,0.44,78.3,773,987,Exposed: Gradient 2,Exposed: Gradient 2,Exposed: Gradient 2,0.1,0.1,0.1,3324,3324,,one_to_one,official_crosswalk,6574,8988,19860,6581,9750,20000,2025-06,mom_occupational_wages_2025,0,,,published_broad_occupation_group,pmet,2026 Q1,2026-08-19,Exposure measures task overlap with current GenAI capabilities; it is not a job-loss probability or forecast.
9.0,24362,Ship broker,2,PROFESSIONALS,24,243,2436,scored,0.44,0.44,0.44,78.3,773,987,Exposed: Gradient 2,Exposed: Gradient 2,Exposed: Gradient 2,0.1,0.1,0.1,3324,3324,,one_to_one,official_crosswalk,7975,12351,17174,8567,13792,18417,2025-06,mom_occupational_wages_2025,0,,,published_broad_occupation_group,pmet,2026 Q1,2026-08-19,Exposure measures task overlap with current GenAI capabilities; it is not a job-loss probability or forecast.
9.0,25111,Systems designer/analyst,2,PROFESSIONALS,25,251,2511,scored,0.49,0.49,0.49,85.4,843.5,987,Exposed: Gradient 2,Exposed: Gradient 2,Exposed: Gradient 2,0.05,0.05,0.05,2511,2511,,one_to_one,official_crosswalk,5479,6789,8646,5540,6840,8800,2025-06,mom_occupational_wages_2025,0,,,published_broad_occupation_group,pmet,2026 Q1,2026-08-19,Exposure measures task overlap with current GenAI capabilities; it is not a job-loss probability or forecast.
9.0,25112,ICT business process consultant/business analyst,2,PROFESSIONALS,25,251,2511,scored,0.49,0.49,0.49,85.4,843.5,987,Exposed: Gradient 2,Exposed: Gradient 2,Exposed: Gradient 2,0.05,0.05,0.05,2511,2511,,one_to_one,official_crosswalk,5471,8242,11132,5588,8445,11400,2025-06,mom_occupational_wages_2025,0,,,published_broad_occupation_group,pmet,2026 Q1,2026-08-19,Exposure measures task overlap with current GenAI capabilities; it is not a job-loss probability or forecast.
9.0,25113,Enterprise/Solution/Software architect,2,PROFESSIONALS,25,251,2511,scored,0.505,0.49,0.52,88,869,987,Exposed: Gradient 2|Exposed: Gradient 3,Exposed: Gradient 2,Exposed: Gradient 3,0.055,0.05,0.06,2511|2523,2511|2523,,partial,official_crosswalk,9151,12971,17213,9579,13614,17746,2025-06,mom_occupational_wages_2025,0,,,published_broad_occupation_group,pmet,2026 Q1,2026-08-19,Exposure measures task overlap with current GenAI capabilities; it is not a job-loss probability or forecast.|SSOC maps to multiple ISCO groups without official employment weights; the median and range are shown.
9.0,25114,ICT product manager,2,PROFESSIONALS,25,251,2511,scored,0.52,0.49,0.55,89.1,879.5,987,Exposed: Gradient 2|Exposed: Gradient 3,Exposed: Gradient 2,Exposed: Gradient 3,0.07,0.05,0.09,2431|2511,2431|2511,,partial,official_crosswalk,,,,,,,,,0,,,published_broad_occupation_group,pmet,2026 Q1,2026-08-19,Exposure measures task overlap with current GenAI capabilities; it is not a job-loss probability or forecast.|SSOC maps to multiple ISCO groups without official employment weights; the median and range are shown.|MOM does not publish a 2025 detailed wage row for this occupation.
9.0,25121,Software developer,2,PROFESSIONALS,25,251,2512,scored,0.53,0.53,0.53,89.7,885,987,Exposed: Gradient 3,Exposed: Gradient 3,Exposed: Gradient 3,0.07,0.07,0.07,2512,2512,,one_to_one,official_crosswalk,5697,7605,10830,5994,7808,11092,2025-06,mom_occupational_wages_2025,2,mom_jobs_in_demand_2025|mom_sol_2026,Software developer|Software developer,published_broad_occupation_group,pmet,2026 Q1,2026-08-19,Exposure measures task overlap with current GenAI capabilities; it is not a job-loss probability or forecast.
9.0,25122,Web/Mobile applications developer,2,PROFESSIONALS,25,251,2512,scored,0.6,0.6,0.6,96.5,952,987,Exposed: Gradient 4,Exposed: Gradient 4,Exposed: Gradient 4,0.08,0.08,0.08,2513,2513,,one_to_one,official_crosswalk,4800,6290,8495,4818,6290,8495,2025-06,mom_occupational_wages_2025,1,mom_sol_2026,Web/mobile applications developer,published_broad_occupation_group,pmet,2026 Q1,2026-08-19,Exposure measures task overlap with current GenAI capabilities; it is not a job-loss probability or forecast.
9.0,25123,Multimedia-games developer/designer,2,PROFESSIONALS,25,251,2512,scored,0.545,0.49,0.6,90.6,894,987,Exposed: Gradient 2|Exposed: Gradient 4,Exposed: Gradient 2,Exposed: Gradient 4,0.085,0.08,0.09,2166|2513,2166|2513,,partial,official_crosswalk,5202,7025,13279,5381,7176,13279,2025-06,mom_occupational_wages_2025,0,,,published_broad_occupation_group,pmet,2026 Q1,2026-08-19,Exposure measures task overlap with current GenAI capabilities; it is not a job-loss probability or forecast.|SSOC maps to multiple ISCO groups without official employment weights; the median and range are shown.
9.0,25124,Interaction designer,2,PROFESSIONALS,25,251,2512,scored,0.545,0.49,0.6,90.6,894,987,Exposed: Gradient 2|Exposed: Gradient 4,Exposed: Gradient 2,Exposed: Gradient 4,0.085,0.08,0.09,2166|2513,2166|2513,,partial,official_crosswalk,6784,9804,13592,6887,10477,15966,2025-06,mom_occupational_wages_2025,0,,,published_broad_occupation_group,pmet,2026 Q1,2026-08-19,Exposure measures task overlap with current GenAI capabilities; it is not a job-loss probability or forecast.|SSOC maps to multiple ISCO groups without official employment weights; the median and range are shown.
9.0,25125,DevOps engineer,2,PROFESSIONALS,25,251,2512,scored,0.565,0.53,0.6,93.6,924,987,Exposed: Gradient 3|Exposed: Gradient 4,Exposed: Gradient 3,Exposed: Gradient 4,0.075,0.07,0.08,2512|2513,2512|2513,,partial,official_crosswalk,5940,6450,8335,6052,6561,8502,2025-06,mom_occupational_wages_2025,0,,,published_broad_occupation_group,pmet,2026 Q1,2026-08-19,Exposure measures task overlap with current GenAI capabilities; it is not a job-loss probability or forecast.|SSOC maps to multiple ISCO groups without official employment weights; the median and range are shown.
9.0,25141,Applications/Systems programmer,2,PROFESSIONALS,25,251,2514,scored,0.57,0.57,0.57,94.5,932.5,987,Exposed: Gradient 3,Exposed: Gradient 3,Exposed: Gradient 3,0.08,0.08,0.08,2514,2514,,one_to_one,official_crosswalk,5593,8021,9835,5680,8209,10000,2025-06,mom_occupational_wages_2025,1,mom_sol_2026,Analyst programmer,published_broad_occupation_group,pmet,2026 Q1,2026-08-19,Exposure measures task overlap with current GenAI capabilities; it is not a job-loss probability or forecast.
9.0,25142,Artificial intelligence applied researcher,2,PROFESSIONALS,25,251,2514,scored,0.55,0.55,0.55,91.7,905.5,987,Exposed: Gradient 3,Exposed: Gradient 3,Exposed: Gradient 3,0.16,0.16,0.16,2519,2519,,one_to_one,official_crosswalk,,,,,,,,,1,mom_sol_2026,AI researcher/scientist,published_broad_occupation_group,pmet,2026 Q1,2026-08-19,Exposure measures task overlap with current GenAI capabilities; it is not a job-loss probability or forecast.|MOM does not publish a 2025 detailed wage row for this occupation.
9.0,25143,Artificial intelligence/Machine learning engineer,2,PROFESSIONALS,25,251,2514,scored,0.57,0.57,0.57,94.5,932.5,987,Exposed: Gradient 3,Exposed: Gradient 3,Exposed: Gradient 3,0.08,0.08,0.08,2514,2514,,one_to_one,official_crosswalk,8000,10300,13970,8000,10700,14046,2025-06,mom_occupational_wages_2025,1,mom_sol_2026,AI engineer,published_broad_occupation_group,pmet,2026 Q1,2026-08-19,Exposure measures task overlap with current GenAI capabilities; it is not a job-loss probability or forecast.
9.0,25151,ICT quality assurance specialist,2,PROFESSIONALS,25,251,2515,scored,0.55,0.55,0.55,91.7,905.5,987,Exposed: Gradient 3,Exposed: Gradient 3,Exposed: Gradient 3,0.16,0.16,0.16,2519,2519,,one_to_one,official_crosswalk,4934,6966,8661,5076,7022,9210,2025-06,mom_occupational_wages_2025,0,,,published_broad_occupation_group,pmet,2026 Q1,2026-08-19,Exposure measures task overlap with current GenAI capabilities; it is not a job-loss probability or forecast.
9.0,25152,ICT auditor,2,PROFESSIONALS,25,251,2515,scored,0.55,0.55,0.55,91.7,905.5,987,Exposed: Gradient 3,Exposed: Gradient 3,Exposed: Gradient 3,0.16,0.16,0.16,2519,2519,,one_to_one,official_crosswalk,7851,10742,13649,7851,12125,13700,2025-06,mom_occupational_wages_2025,0,,,published_broad_occupation_group,pmet,2026 Q1,2026-08-19,Exposure measures task overlap with current GenAI capabilities; it is not a job-loss probability or forecast.
9.0,25190,Software and applications developer/analyst n.e.c.,2,PROFESSIONALS,25,251,2519,scored,0.55,0.55,0.55,91.7,905.5,987,Exposed: Gradient 3,Exposed: Gradient 3,Exposed: Gradient 3,0.16,0.16,0.16,2519,2519,,one_to_one,official_crosswalk,,,,,,,,,0,,,published_broad_occupation_group,pmet,2026 Q1,2026-08-19,Exposure measures task overlap with current GenAI capabilities; it is not a job-loss probability or forecast.|MOM does not publish a 2025 detailed wage row for this occupation.
9.0,25211,Data/Database administrator,2,PROFESSIONALS,25,252,2521,scored,0.57,0.57,0.57,94.5,932.5,987,Exposed: Gradient 3,Exposed: Gradient 3,Exposed: Gradient 3,0.08,0.08,0.08,2521,2521,,one_to_one,official_crosswalk,5542,8115,13198,5750,8470,13540,2025-06,mom_occupational_wages_2025,0,,,published_broad_occupation_group,pmet,2026 Q1,2026-08-19,Exposure measures task overlap with current GenAI capabilities; it is not a job-loss probability or forecast.
9.0,25212,Data/Database architect,2,PROFESSIONALS,25,252,2521,scored,0.57,0.57,0.57,94.5,932.5,987,Exposed: Gradient 3,Exposed: Gradient 3,Exposed: Gradient 3,0.08,0.08,0.08,2521,2521,,one_to_one,official_crosswalk,8486,10486,16821,8500,10500,16823,2025-06,mom_occupational_wages_2025,0,,,published_broad_occupation_group,pmet,2026 Q1,2026-08-19,Exposure measures task overlap with current GenAI capabilities; it is not a job-loss probability or forecast.
9.0,25213,Data engineer,2,PROFESSIONALS,25,252,2521,scored,0.57,0.57,0.57,94.5,932.5,987,Exposed: Gradient 3,Exposed: Gradient 3,Exposed: Gradient 3,0.08,0.08,0.08,2521,2521,,one_to_one,official_crosswalk,6351,8551,10674,6351,8721,11400,2025-06,mom_occupational_wages_2025,0,,,published_broad_occupation_group,pmet,2026 Q1,2026-08-19,Exposure measures task overlap with current GenAI capabilities; it is not a job-loss probability or forecast.
9.0,25220,Network/Server/Applications/Computer systems administrator,2,PROFESSIONALS,25,252,2522,scored,0.57,0.57,0.57,94.5,932.5,987,Exposed: Gradient 3,Exposed: Gradient 3,Exposed: Gradient 3,0.05,0.05,0.05,2522,2522,,one_to_one,official_crosswalk,4690,6071,8721,4712,6167,8850,2025-06,mom_occupational_wages_2025,0,,,published_broad_occupation_group,pmet,2026 Q1,2026-08-19,Exposure measures task overlap with current GenAI capabilities; it is not a job-loss probability or forecast.
9.0,25231,Cloud specialist,2,PROFESSIONALS,25,252,2523,scored,0.52,0.52,0.52,89.1,879.5,987,Exposed: Gradient 3,Exposed: Gradient 3,Exposed: Gradient 3,0.06,0.06,0.06,2523,2523,,one_to_one,official_crosswalk,7085,9332,16242,7085,10169,16615,2025-06,mom_occupational_wages_2025,1,mom_sol_2026,Cloud architect/engineer,published_broad_occupation_group,pmet,2026 Q1,2026-08-19,Exposure measures task overlap with current GenAI capabilities; it is not a job-loss probability or forecast.
9.0,25232,IT infrastructure specialist,2,PROFESSIONALS,25,252,2523,scored,0.52,0.52,0.52,89.1,879.5,987,Exposed: Gradient 3,Exposed: Gradient 3,Exposed: Gradient 3,0.06,0.06,0.06,2523,2523,,one_to_one,official_crosswalk,5300,7776,11065,5460,7836,11126,2025-06,mom_occupational_wages_2025,0,,,published_broad_occupation_group,pmet,2026 Q1,2026-08-19,Exposure measures task overlap with current GenAI capabilities; it is not a job-loss probability or forecast.
9.0,25233,Automation and orchestration engineer,2,PROFESSIONALS,25,252,2523,scored,0.445,0.37,0.52,79.8,788,987,Minimal Exposure|Exposed: Gradient 3,Minimal Exposure,Exposed: Gradient 3,0.065,0.06,0.07,2523|2141,2523|2141,,partial,official_crosswalk,,,,,,,,,0,,,published_broad_occupation_group,pmet,2026 Q1,2026-08-19,Exposure measures task overlap with current GenAI capabilities; it is not a job-loss probability or forecast.|SSOC maps to multiple ISCO groups without official employment weights; the median and range are shown.|MOM does not publish a 2025 detailed wage row for this occupation.
9.0,25239,Computer network/infrastructure/platform professional n.e.c.,2,PROFESSIONALS,25,252,2523,scored,0.52,0.52,0.52,89.1,879.5,987,Exposed: Gradient 3,Exposed: Gradient 3,Exposed: Gradient 3,0.06,0.06,0.06,2523,2523,,one_to_one,official_crosswalk,,,,,,,,,0,,,published_broad_occupation_group,pmet,2026 Q1,2026-08-19,Exposure measures task overlap with current GenAI capabilities; it is not a job-loss probability or forecast.|MOM does not publish a 2025 detailed wage row for this occupation.
9.0,25241,Cyber risk specialist,2,PROFESSIONALS,25,252,2524,scored,0.49,0.49,0.49,85.4,843.5,987,Exposed: Gradient 2,Exposed: Gradient 2,Exposed: Gradient 2,0.06,0.06,0.06,2529,2529,,one_to_one,official_crosswalk,7000,10247,14333,7293,10495,15250,2025-06,mom_occupational_wages_2025,0,,,published_broad_occupation_group,pmet,2026 Q1,2026-08-19,Exposure measures task overlap with current GenAI capabilities; it is not a job-loss probability or forecast.
9.0,25242,Penetration testing specialist,2,PROFESSIONALS,25,252,2524,scored,0.49,0.49,0.49,85.4,843.5,987,Exposed: Gradient 2,Exposed: Gradient 2,Exposed: Gradient 2,0.06,0.06,0.06,2529,2529,,one_to_one,official_crosswalk,,,,,,,,,1,mom_sol_2026,Penetration testing specialist,published_broad_occupation_group,pmet,2026 Q1,2026-08-19,Exposure measures task overlap with current GenAI capabilities; it is not a job-loss probability or forecast.|MOM does not publish a 2025 detailed wage row for this occupation.
9.0,25243,Security operations specialist,2,PROFESSIONALS,25,252,2524,scored,0.49,0.49,0.49,85.4,843.5,987,Exposed: Gradient 2,Exposed: Gradient 2,Exposed: Gradient 2,0.06,0.06,0.06,2529,2529,,one_to_one,official_crosswalk,7879,9625,11833,8046,10148,12083,2025-06,mom_occupational_wages_2025,0,,,published_broad_occupation_group,pmet,2026 Q1,2026-08-19,Exposure measures task overlap with current GenAI capabilities; it is not a job-loss probability or forecast.
9.0,25244,Digital forensics specialist,2,PROFESSIONALS,25,252,2524,scored,0.49,0.49,0.49,85.4,843.5,987,Exposed: Gradient 2,Exposed: Gradient 2,Exposed: Gradient 2,0.06,0.06,0.06,2529,2529,,one_to_one,official_crosswalk,,,,,,,,,1,mom_sol_2026,Digital forensics specialist,published_broad_occupation_group,pmet,2026 Q1,2026-08-19,Exposure measures task overlap with current GenAI capabilities; it is not a job-loss probability or forecast.|MOM does not publish a 2025 detailed wage row for this occupation.
9.0,25245,Cybersecurity architect,2,PROFESSIONALS,25,252,2524,scored,0.49,0.49,0.49,85.4,843.5,987,Exposed: Gradient 2,Exposed: Gradient 2,Exposed: Gradient 2,0.06,0.06,0.06,2529,2529,,one_to_one,official_crosswalk,7000,9622,15024,7078,9820,15583,2025-06,mom_occupational_wages_2025,1,mom_sol_2026,Cybersecurity architect/engineer,published_broad_occupation_group,pmet,2026 Q1,2026-08-19,Exposure measures task overlap with current GenAI capabilities; it is not a job-loss probability or forecast.
9.0,25246,Cyber incident investigation specialist,2,PROFESSIONALS,25,252,2524,scored,0.49,0.49,0.49,85.4,843.5,987,Exposed: Gradient 2,Exposed: Gradient 2,Exposed: Gradient 2,0.06,0.06,0.06,2529,2529,,one_to_one,official_crosswalk,,,,,,,,,0,,,published_broad_occupation_group,pmet,2026 Q1,2026-08-19,Exposure measures task overlap with current GenAI capabilities; it is not a job-loss probability or forecast.|MOM does not publish a 2025 detailed wage row for this occupation.
9.0,25247,Threat analysis specialist,2,PROFESSIONALS,25,252,2524,scored,0.49,0.49,0.49,85.4,843.5,987,Exposed: Gradient 2,Exposed: Gradient 2,Exposed: Gradient 2,0.06,0.06,0.06,2529,2529,,one_to_one,official_crosswalk,6205,7590,9754,6528,7940,9754,2025-06,mom_occupational_wages_2025,0,,,published_broad_occupation_group,pmet,2026 Q1,2026-08-19,Exposure measures task overlap with current GenAI capabilities; it is not a job-loss probability or forecast.
9.0,25249,Cybersecurity professional n.e.c.,2,PROFESSIONALS,25,252,2524,scored,0.49,0.49,0.49,85.4,843.5,987,Exposed: Gradient 2,Exposed: Gradient 2,Exposed: Gradient 2,0.06,0.06,0.06,2529,2529,,one_to_one,official_crosswalk,,,,,,,,,0,,,published_broad_occupation_group,pmet,2026 Q1,2026-08-19,Exposure measures task overlap with current GenAI capabilities; it is not a job-loss probability or forecast.|MOM does not publish a 2025 detailed wage row for this occupation.
9.0,25291,Data centre engineer,2,PROFESSIONALS,25,252,2529,scored,0.49,0.49,0.49,85.4,843.5,987,Exposed: Gradient 2,Exposed: Gradient 2,Exposed: Gradient 2,0.06,0.06,0.06,2529,2529,,one_to_one,official_crosswalk,5323,7020,11296,5437,7175,11525,2025-06,mom_occupational_wages_2025,0,,,published_broad_occupation_group,pmet,2026 Q1,2026-08-19,Exposure measures task overlap with current GenAI capabilities; it is not a job-loss probability or forecast.
9.0,25299,Other database/network/infrastructure/cybersecurity professional n.e.c.,2,PROFESSIONALS,25,252,2529,scored,0.49,0.49,0.49,85.4,843.5,987,Exposed: Gradient 2,Exposed: Gradient 2,Exposed: Gradient 2,0.06,0.06,0.06,2529,2529,,one_to_one,official_crosswalk,,,,,,,,,0,,,published_broad_occupation_group,pmet,2026 Q1,2026-08-19,Exposure measures task overlap with current GenAI capabilities; it is not a job-loss probability or forecast.|MOM does not publish a 2025 detailed wage row for this occupation.
9.0,26111,Advocate/Solicitor (practising),2,PROFESSIONALS,26,261,2611,scored,0.36,0.36,0.36,60.2,594.5,987,Minimal Exposure,Minimal Exposure,Minimal Exposure,0.09,0.09,0.09,2611,2611,,one_to_one,official_crosswalk,6800,8300,11300,7700,10000,13500,2025-06,mom_occupational_wages_2025,0,,,published_broad_occupation_group,pmet,2026 Q1,2026-08-19,Exposure measures task overlap with current GenAI capabilities; it is not a job-loss probability or forecast.
9.0,26112,"In-house legal counsel (excluding judiciary, ministries and statutory boards)",2,PROFESSIONALS,26,261,2611,scored,0.36,0.36,0.36,60.2,594.5,987,Minimal Exposure,Minimal Exposure,Minimal Exposure,0.09,0.09,0.09,2611,2611,,one_to_one,official_crosswalk,7000,12423,19758,7083,13000,20000,2025-06,mom_occupational_wages_2025,0,,,published_broad_occupation_group,pmet,2026 Q1,2026-08-19,Exposure measures task overlap with current GenAI capabilities; it is not a job-loss probability or forecast.
9.0,26119,Lawyer n.e.c.,2,PROFESSIONALS,26,261,2611,scored,0.36,0.36,0.36,60.2,594.5,987,Minimal Exposure,Minimal Exposure,Minimal Exposure,0.09,0.09,0.09,2611,2611,,one_to_one,official_crosswalk,,,,,,,,,0,,,published_broad_occupation_group,pmet,2026 Q1,2026-08-19,Exposure measures task overlap with current GenAI capabilities; it is not a job-loss probability or forecast.|MOM does not publish a 2025 detailed wage row for this occupation.
9.0,26120,Judge,2,PROFESSIONALS,26,261,2612,scored,0.31,0.31,0.31,51,503.5,987,Not Exposed,Not Exposed,Not Exposed,0.08,0.08,0.08,2612,2612,,one_to_one,official_crosswalk,,,,,,,,,0,,,published_broad_occupation_group,pmet,2026 Q1,2026-08-19,Exposure measures task overlap with current GenAI capabilities; it is not a job-loss probability or forecast.|MOM does not publish a 2025 detailed wage row for this occupation.
9.0,26191,Arbitrator/Mediator,2,PROFESSIONALS,26,261,2619,scored,0.37,0.37,0.37,63.6,628.5,987,Minimal Exposure,Minimal Exposure,Minimal Exposure,0.09,0.09,0.09,2619,2619,,one_to_one,official_crosswalk,,,,,,,,,0,,,published_broad_occupation_group,pmet,2026 Q1,2026-08-19,Exposure measures task overlap with current GenAI capabilities; it is not a job-loss probability or forecast.|MOM does not publish a 2025 detailed wage row for this occupation.
9.0,26199,Other legal professional n.e.c.,2,PROFESSIONALS,26,261,2619,scored,0.37,0.37,0.37,63.6,628.5,987,Minimal Exposure,Minimal Exposure,Minimal Exposure,0.09,0.09,0.09,2619,2619,,one_to_one,official_crosswalk,,,,,,,,,0,,,published_broad_occupation_group,pmet,2026 Q1,2026-08-19,Exposure measures task overlap with current GenAI capabilities; it is not a job-loss probability or forecast.|MOM does not publish a 2025 detailed wage row for this occupation.
9.0,26211,Archivist,2,PROFESSIONALS,26,262,2621,scored,0.47,0.47,0.47,82.8,817,987,Exposed: Gradient 2,Exposed: Gradient 2,Exposed: Gradient 2,0.11,0.11,0.11,2621,2621,,one_to_one,official_crosswalk,,,,,,,,,0,,,published_broad_occupation_group,pmet,2026 Q1,2026-08-19,Exposure measures task overlap with current GenAI capabilities; it is not a job-loss probability or forecast.|MOM does not publish a 2025 detailed wage row for this occupation.
9.0,26212,Curator,2,PROFESSIONALS,26,262,2621,scored,0.47,0.47,0.47,82.8,817,987,Exposed: Gradient 2,Exposed: Gradient 2,Exposed: Gradient 2,0.11,0.11,0.11,2621,2621,,one_to_one,official_crosswalk,4459,5936,7524,4460,5938,7525,2025-06,mom_occupational_wages_2025,0,,,published_broad_occupation_group,pmet,2026 Q1,2026-08-19,Exposure measures task overlap with current GenAI capabilities; it is not a job-loss probability or forecast.
9.0,26213,Conservator,2,PROFESSIONALS,26,262,2621,scored,0.47,0.47,0.47,82.8,817,987,Exposed: Gradient 2,Exposed: Gradient 2,Exposed: Gradient 2,0.11,0.11,0.11,2621,2621,,one_to_one,official_crosswalk,,,,,,,,,0,,,published_broad_occupation_group,pmet,2026 Q1,2026-08-19,Exposure measures task overlap with current GenAI capabilities; it is not a job-loss probability or forecast.|MOM does not publish a 2025 detailed wage row for this occupation.
9.0,26221,Librarian,2,PROFESSIONALS,26,262,2622,scored,0.55,0.55,0.55,91.7,905.5,987,Exposed: Gradient 3,Exposed: Gradient 3,Exposed: Gradient 3,0.04,0.04,0.04,2622,2622,,one_to_one,official_crosswalk,3987,5463,7077,4000,5472,7100,2025-06,mom_occupational_wages_2025,0,,,published_broad_occupation_group,pmet,2026 Q1,2026-08-19,Exposure measures task overlap with current GenAI capabilities; it is not a job-loss probability or forecast.
9.0,26229,Librarian and related information professional n.e.c.,2,PROFESSIONALS,26,262,2622,scored,0.55,0.55,0.55,91.7,905.5,987,Exposed: Gradient 3,Exposed: Gradient 3,Exposed: Gradient 3,0.04,0.04,0.04,2622,2622,,one_to_one,official_crosswalk,,,,,,,,,0,,,published_broad_occupation_group,pmet,2026 Q1,2026-08-19,Exposure measures task overlap with current GenAI capabilities; it is not a job-loss probability or forecast.|MOM does not publish a 2025 detailed wage row for this occupation.
9.0,26310,Economist,2,PROFESSIONALS,26,263,2631,scored,0.55,0.55,0.55,91.7,905.5,987,Exposed: Gradient 3,Exposed: Gradient 3,Exposed: Gradient 3,0.08,0.08,0.08,2631,2631,,one_to_one,official_crosswalk,7500,12959,19891,7600,12995,20000,2025-06,mom_occupational_wages_2025,0,,,published_broad_occupation_group,pmet,2026 Q1,2026-08-19,Exposure measures task overlap with current GenAI capabilities; it is not a job-loss probability or forecast.
9.0,26321,Sociologist/Anthropologist,2,PROFESSIONALS,26,263,2632,scored,0.48,0.48,0.48,83.7,826,987,Exposed: Gradient 2,Exposed: Gradient 2,Exposed: Gradient 2,0.12,0.12,0.12,2632,2632,,one_to_one,official_crosswalk,,,,,,,,,0,,,published_broad_occupation_group,pmet,2026 Q1,2026-08-19,Exposure measures task overlap with current GenAI capabilities; it is not a job-loss probability or forecast.|MOM does not publish a 2025 detailed wage row for this occupation.
9.0,26322,Social science researcher,2,PROFESSIONALS,26,263,2632,scored,0.48,0.48,0.48,83.7,826,987,Exposed: Gradient 2,Exposed: Gradient 2,Exposed: Gradient 2,0.12,0.12,0.12,2632,2632,,one_to_one,official_crosswalk,,,,,,,,,0,,,published_broad_occupation_group,pmet,2026 Q1,2026-08-19,Exposure measures task overlap with current GenAI capabilities; it is not a job-loss probability or forecast.|MOM does not publish a 2025 detailed wage row for this occupation.
9.0,26331,Political scientist,2,PROFESSIONALS,26,263,2633,scored,0.47,0.47,0.47,82.8,817,987,Exposed: Gradient 2,Exposed: Gradient 2,Exposed: Gradient 2,0.06,0.06,0.06,2633,2633,,one_to_one,official_crosswalk,,,,,,,,,0,,,published_broad_occupation_group,pmet,2026 Q1,2026-08-19,Exposure measures task overlap with current GenAI capabilities; it is not a job-loss probability or forecast.|MOM does not publish a 2025 detailed wage row for this occupation.
9.0,26339,Historian/Political scientist and related social science professional n.e.c.,2,PROFESSIONALS,26,263,2633,scored,0.47,0.47,0.47,82.8,817,987,Exposed: Gradient 2,Exposed: Gradient 2,Exposed: Gradient 2,0.06,0.06,0.06,2633,2633,,one_to_one,official_crosswalk,,,,,,,,,0,,,published_broad_occupation_group,pmet,2026 Q1,2026-08-19,Exposure measures task overlap with current GenAI capabilities; it is not a job-loss probability or forecast.|MOM does not publish a 2025 detailed wage row for this occupation.
9.0,26361,Minister of religion,2,PROFESSIONALS,26,263,2636,scored,0.17,0.17,0.17,14.2,141,987,Not Exposed,Not Exposed,Not Exposed,0.12,0.12,0.12,2636,2636,,one_to_one,official_crosswalk,3842,5384,7080,3842,5424,7165,2025-06,mom_occupational_wages_2025,0,,,published_broad_occupation_group,pmet,2026 Q1,2026-08-19,Exposure measures task overlap with current GenAI capabilities; it is not a job-loss probability or forecast.
9.0,26369,Religious professional n.e.c.,2,PROFESSIONALS,26,263,2636,scored,0.17,0.17,0.17,14.2,141,987,Not Exposed,Not Exposed,Not Exposed,0.12,0.12,0.12,2636,2636,,one_to_one,official_crosswalk,,,,,,,,,0,,,published_broad_occupation_group,pmet,2026 Q1,2026-08-19,Exposure measures task overlap with current GenAI capabilities; it is not a job-loss probability or forecast.|MOM does not publish a 2025 detailed wage row for this occupation.
9.0,26411,Author,2,PROFESSIONALS,26,264,2641,scored,0.55,0.55,0.55,91.7,905.5,987,Exposed: Gradient 3,Exposed: Gradient 3,Exposed: Gradient 3,0.09,0.09,0.09,2641,2641,,one_to_one,official_crosswalk,,,,,,,,,0,,,published_broad_occupation_group,pmet,2026 Q1,2026-08-19,Exposure measures task overlap with current GenAI capabilities; it is not a job-loss probability or forecast.|MOM does not publish a 2025 detailed wage row for this occupation.
9.0,26412,Script writer/editor,2,PROFESSIONALS,26,264,2641,scored,0.55,0.55,0.55,91.7,905.5,987,Exposed: Gradient 3,Exposed: Gradient 3,Exposed: Gradient 3,0.09,0.09,0.09,2641,2641,,one_to_one,official_crosswalk,8780,10439,12030,8780,10439,12030,2025-06,mom_occupational_wages_2025,0,,,published_broad_occupation_group,pmet,2026 Q1,2026-08-19,Exposure measures task overlap with current GenAI capabilities; it is not a job-loss probability or forecast.
9.0,26413,Content writer,2,PROFESSIONALS,26,264,2641,scored,0.55,0.55,0.55,91.7,905.5,987,Exposed: Gradient 3,Exposed: Gradient 3,Exposed: Gradient 3,0.09,0.09,0.09,2641,2641,,one_to_one,official_crosswalk,4304,6480,9167,4460,6669,9224,2025-06,mom_occupational_wages_2025,0,,,published_broad_occupation_group,pmet,2026 Q1,2026-08-19,Exposure measures task overlap with current GenAI capabilities; it is not a job-loss probability or forecast.
9.0,26414,Technical writer,2,PROFESSIONALS,26,264,2641,scored,0.55,0.55,0.55,91.7,905.5,987,Exposed: Gradient 3,Exposed: Gradient 3,Exposed: Gradient 3,0.09,0.09,0.09,2641,2641,,one_to_one,official_crosswalk,4581,5801,7257,4750,6039,7424,2025-06,mom_occupational_wages_2025,0,,,published_broad_occupation_group,pmet,2026 Q1,2026-08-19,Exposure measures task overlap with current GenAI capabilities; it is not a job-loss probability or forecast.
9.0,26415,Book editor,2,PROFESSIONALS,26,264,2641,scored,0.55,0.55,0.55,91.7,905.5,987,Exposed: Gradient 3,Exposed: Gradient 3,Exposed: Gradient 3,0.09,0.09,0.09,2641,2641,,one_to_one,official_crosswalk,,,,,,,,,0,,,published_broad_occupation_group,pmet,2026 Q1,2026-08-19,Exposure measures task overlap with current GenAI capabilities; it is not a job-loss probability or forecast.|MOM does not publish a 2025 detailed wage row for this occupation.
9.0,26419,Author and related writer n.e.c.,2,PROFESSIONALS,26,264,2641,scored,0.55,0.55,0.55,91.7,905.5,987,Exposed: Gradient 3,Exposed: Gradient 3,Exposed: Gradient 3,0.09,0.09,0.09,2641,2641,,one_to_one,official_crosswalk,,,,,,,,,0,,,published_broad_occupation_group,pmet,2026 Q1,2026-08-19,Exposure measures task overlap with current GenAI capabilities; it is not a job-loss probability or forecast.|MOM does not publish a 2025 detailed wage row for this occupation.
9.0,26421,Journalist,2,PROFESSIONALS,26,264,2642,scored,0.54,0.54,0.54,90.2,890,987,Exposed: Gradient 3,Exposed: Gradient 3,Exposed: Gradient 3,0.1,0.1,0.1,2642,2642,,one_to_one,official_crosswalk,4998,6220,8431,5000,6222,8434,2025-06,mom_occupational_wages_2025,0,,,published_broad_occupation_group,pmet,2026 Q1,2026-08-19,Exposure measures task overlap with current GenAI capabilities; it is not a job-loss probability or forecast.
9.0,26422,Editor (news/periodicals),2,PROFESSIONALS,26,264,2642,scored,0.54,0.54,0.54,90.2,890,987,Exposed: Gradient 3,Exposed: Gradient 3,Exposed: Gradient 3,0.1,0.1,0.1,2642,2642,,one_to_one,official_crosswalk,6200,10250,15500,6239,10369,15688,2025-06,mom_occupational_wages_2025,0,,,published_broad_occupation_group,pmet,2026 Q1,2026-08-19,Exposure measures task overlap with current GenAI capabilities; it is not a job-loss probability or forecast.
9.0,26431,Translator,2,PROFESSIONALS,26,264,2643,scored,0.59,0.59,0.59,96.1,948.5,987,Exposed: Gradient 3,Exposed: Gradient 3,Exposed: Gradient 3,0.11,0.11,0.11,2643,2643,,one_to_one,official_crosswalk,4036,6839,10575,4096,6839,10741,2025-06,mom_occupational_wages_2025,0,,,published_broad_occupation_group,pmet,2026 Q1,2026-08-19,Exposure measures task overlap with current GenAI capabilities; it is not a job-loss probability or forecast.
9.0,26432,Interpreter,2,PROFESSIONALS,26,264,2643,scored,0.59,0.59,0.59,96.1,948.5,987,Exposed: Gradient 3,Exposed: Gradient 3,Exposed: Gradient 3,0.11,0.11,0.11,2643,2643,,one_to_one,official_crosswalk,,,,,,,,,0,,,published_broad_occupation_group,pmet,2026 Q1,2026-08-19,Exposure measures task overlap with current GenAI capabilities; it is not a job-loss probability or forecast.|MOM does not publish a 2025 detailed wage row for this occupation.
9.0,26511,Painter,2,PROFESSIONALS,26,265,2651,scored,0.21,0.21,0.21,23.9,236.5,987,Not Exposed,Not Exposed,Not Exposed,0.04,0.04,0.04,2651,2651,,one_to_one,official_crosswalk,,,,,,,,,0,,,published_broad_occupation_group,pmet,2026 Q1,2026-08-19,Exposure measures task overlap with current GenAI capabilities; it is not a job-loss probability or forecast.|MOM does not publish a 2025 detailed wage row for this occupation.
9.0,26519,Visual artist n.e.c.,2,PROFESSIONALS,26,265,2651,scored,0.21,0.21,0.21,23.9,236.5,987,Not Exposed,Not Exposed,Not Exposed,0.04,0.04,0.04,2651,2651,,one_to_one,official_crosswalk,,,,,,,,,0,,,published_broad_occupation_group,pmet,2026 Q1,2026-08-19,Exposure measures task overlap with current GenAI capabilities; it is not a job-loss probability or forecast.|MOM does not publish a 2025 detailed wage row for this occupation.
9.0,26521,Instrumentalist,2,PROFESSIONALS,26,265,2652,scored,0.28,0.28,0.28,43.1,425.5,987,Not Exposed,Not Exposed,Not Exposed,0.09,0.09,0.09,2652,2652,,one_to_one,official_crosswalk,6760,7463,8121,6911,7599,8375,2025-06,mom_occupational_wages_2025,0,,,published_broad_occupation_group,pmet,2026 Q1,2026-08-19,Exposure measures task overlap with current GenAI capabilities; it is not a job-loss probability or forecast.
9.0,26522,Composer/Orchestrator,2,PROFESSIONALS,26,265,2652,scored,0.28,0.28,0.28,43.1,425.5,987,Not Exposed,Not Exposed,Not Exposed,0.09,0.09,0.09,2652,2652,,one_to_one,official_crosswalk,,,,,,,,,0,,,published_broad_occupation_group,pmet,2026 Q1,2026-08-19,Exposure measures task overlap with current GenAI capabilities; it is not a job-loss probability or forecast.|MOM does not publish a 2025 detailed wage row for this occupation.
9.0,26523,Conductor/Director of orchestra/band/choir,2,PROFESSIONALS,26,265,2652,scored,0.28,0.28,0.28,43.1,425.5,987,Not Exposed,Not Exposed,Not Exposed,0.09,0.09,0.09,2652,2652,,one_to_one,official_crosswalk,,,,,,,,,0,,,published_broad_occupation_group,pmet,2026 Q1,2026-08-19,Exposure measures task overlap with current GenAI capabilities; it is not a job-loss probability or forecast.|MOM does not publish a 2025 detailed wage row for this occupation.
9.0,26524,Singer,2,PROFESSIONALS,26,265,2652,scored,0.28,0.28,0.28,43.1,425.5,987,Not Exposed,Not Exposed,Not Exposed,0.09,0.09,0.09,2652,2652,,one_to_one,official_crosswalk,,,,,,,,,0,,,published_broad_occupation_group,pmet,2026 Q1,2026-08-19,Exposure measures task overlap with current GenAI capabilities; it is not a job-loss probability or forecast.|MOM does not publish a 2025 detailed wage row for this occupation.
9.0,26529,Musician/Composer/Singer n.e.c.,2,PROFESSIONALS,26,265,2652,scored,0.28,0.28,0.28,43.1,425.5,987,Not Exposed,Not Exposed,Not Exposed,0.09,0.09,0.09,2652,2652,,one_to_one,official_crosswalk,,,,,,,,,0,,,published_broad_occupation_group,pmet,2026 Q1,2026-08-19,Exposure measures task overlap with current GenAI capabilities; it is not a job-loss probability or forecast.|MOM does not publish a 2025 detailed wage row for this occupation.
9.0,26530,Dancer/Choreographer,2,PROFESSIONALS,26,265,2653,scored,0.19,0.19,0.19,19.8,196.5,987,Not Exposed,Not Exposed,Not Exposed,0.1,0.1,0.1,2653,2653,,one_to_one,official_crosswalk,,,,,,,,,0,,,published_broad_occupation_group,pmet,2026 Q1,2026-08-19,Exposure measures task overlap with current GenAI capabilities; it is not a job-loss probability or forecast.|MOM does not publish a 2025 detailed wage row for this occupation.
9.0,26541,Producer (stage/film/television/commercial/video/radio),2,PROFESSIONALS,26,265,2654,scored,0.37,0.37,0.37,63.6,628.5,987,Minimal Exposure,Minimal Exposure,Minimal Exposure,0.07,0.07,0.07,2654,2654,,one_to_one,official_crosswalk,4451,5812,8109,4457,5830,8120,2025-06,mom_occupational_wages_2025,0,,,published_broad_occupation_group,pmet,2026 Q1,2026-08-19,Exposure measures task overlap with current GenAI capabilities; it is not a job-loss probability or forecast.
9.0,26542,Director (stage/film/television/commercial/video/radio),2,PROFESSIONALS,26,265,2654,scored,0.37,0.37,0.37,63.6,628.5,987,Minimal Exposure,Minimal Exposure,Minimal Exposure,0.07,0.07,0.07,2654,2654,,one_to_one,official_crosswalk,5198,6900,10461,5200,6900,10500,2025-06,mom_occupational_wages_2025,0,,,published_broad_occupation_group,pmet,2026 Q1,2026-08-19,Exposure measures task overlap with current GenAI capabilities; it is not a job-loss probability or forecast.
9.0,26543,Artistic director (stage/film/television/commercial/video/radio),2,PROFESSIONALS,26,265,2654,scored,0.37,0.37,0.37,63.6,628.5,987,Minimal Exposure,Minimal Exposure,Minimal Exposure,0.07,0.07,0.07,2654,2654,,one_to_one,official_crosswalk,4225,5500,8975,4225,5500,9225,2025-06,mom_occupational_wages_2025,0,,,published_broad_occupation_group,pmet,2026 Q1,2026-08-19,Exposure measures task overlap with current GenAI capabilities; it is not a job-loss probability or forecast.
9.0,26544,Editor (radio/television/video),2,PROFESSIONALS,26,265,2654,scored,0.37,0.37,0.37,63.6,628.5,987,Minimal Exposure,Minimal Exposure,Minimal Exposure,0.07,0.07,0.07,2654,2654,,one_to_one,official_crosswalk,4316,5618,7663,4320,5618,7663,2025-06,mom_occupational_wages_2025,0,,,published_broad_occupation_group,pmet,2026 Q1,2026-08-19,Exposure measures task overlap with current GenAI capabilities; it is not a job-loss probability or forecast.
9.0,26549,Film/Stage and related director/producer n.e.c.,2,PROFESSIONALS,26,265,2654,scored,0.37,0.37,0.37,63.6,628.5,987,Minimal Exposure,Minimal Exposure,Minimal Exposure,0.07,0.07,0.07,2654,2654,,one_to_one,official_crosswalk,,,,,,,,,0,,,published_broad_occupation_group,pmet,2026 Q1,2026-08-19,Exposure measures task overlap with current GenAI capabilities; it is not a job-loss probability or forecast.|MOM does not publish a 2025 detailed wage row for this occupation.
9.0,26550,Actor,2,PROFESSIONALS,26,265,2655,scored,0.31,0.31,0.31,51,503.5,987,Minimal Exposure,Minimal Exposure,Minimal Exposure,0.15,0.15,0.15,2655,2655,,one_to_one,official_crosswalk,,,,,,,,,0,,,published_broad_occupation_group,pmet,2026 Q1,2026-08-19,Exposure measures task overlap with current GenAI capabilities; it is not a job-loss probability or forecast.|MOM does not publish a 2025 detailed wage row for this occupation.
9.0,26561,Radio/Television presenter,2,PROFESSIONALS,26,265,2656,scored,0.47,0.47,0.47,82.8,817,987,Exposed: Gradient 2,Exposed: Gradient 2,Exposed: Gradient 2,0.12,0.12,0.12,2656,2656,,one_to_one,official_crosswalk,,,,,,,,,0,,,published_broad_occupation_group,pmet,2026 Q1,2026-08-19,Exposure measures task overlap with current GenAI capabilities; it is not a job-loss probability or forecast.|MOM does not publish a 2025 detailed wage row for this occupation.
9.0,26569,Radio/Television presenter and related professional n.e.c.,2,PROFESSIONALS,26,265,2656,scored,0.47,0.47,0.47,82.8,817,987,Exposed: Gradient 2,Exposed: Gradient 2,Exposed: Gradient 2,0.12,0.12,0.12,2656,2656,,one_to_one,official_crosswalk,,,,,,,,,0,,,published_broad_occupation_group,pmet,2026 Q1,2026-08-19,Exposure measures task overlap with current GenAI capabilities; it is not a job-loss probability or forecast.|MOM does not publish a 2025 detailed wage row for this occupation.
9.0,26611,Clinical psychologist,2,PROFESSIONALS,26,266,2661,scored,0.39,0.39,0.39,70.3,694.5,987,Exposed: Gradient 1,Exposed: Gradient 1,Exposed: Gradient 1,0.14,0.14,0.14,2634,2634,,one_to_one,official_crosswalk,3682,4715,5719,3682,4715,5720,2025-06,mom_occupational_wages_2025,1,mom_sol_2026,Clinical psychologist,published_broad_occupation_group,pmet,2026 Q1,2026-08-19,Exposure measures task overlap with current GenAI capabilities; it is not a job-loss probability or forecast.
9.0,26612,Educational psychologist,2,PROFESSIONALS,26,266,2661,scored,0.39,0.39,0.39,70.3,694.5,987,Exposed: Gradient 1,Exposed: Gradient 1,Exposed: Gradient 1,0.14,0.14,0.14,2634,2634,,one_to_one,official_crosswalk,,,,,,,,,0,,,published_broad_occupation_group,pmet,2026 Q1,2026-08-19,Exposure measures task overlap with current GenAI capabilities; it is not a job-loss probability or forecast.|MOM does not publish a 2025 detailed wage row for this occupation.
9.0,26613,Industrial/Organisational psychologist,2,PROFESSIONALS,26,266,2661,scored,0.39,0.39,0.39,70.3,694.5,987,Exposed: Gradient 1,Exposed: Gradient 1,Exposed: Gradient 1,0.14,0.14,0.14,2634,2634,,one_to_one,official_crosswalk,,,,,,,,,0,,,published_broad_occupation_group,pmet,2026 Q1,2026-08-19,Exposure measures task overlap with current GenAI capabilities; it is not a job-loss probability or forecast.|MOM does not publish a 2025 detailed wage row for this occupation.
9.0,26619,Psychologist n.e.c.,2,PROFESSIONALS,26,266,2661,scored,0.39,0.39,0.39,70.3,694.5,987,Exposed: Gradient 1,Exposed: Gradient 1,Exposed: Gradient 1,0.14,0.14,0.14,2634,2634,,one_to_one,official_crosswalk,,,,,,,,,0,,,published_broad_occupation_group,pmet,2026 Q1,2026-08-19,Exposure measures task overlap with current GenAI capabilities; it is not a job-loss probability or forecast.|MOM does not publish a 2025 detailed wage row for this occupation.
9.0,26621,Social worker (general),2,PROFESSIONALS,26,266,2662,scored,0.28,0.28,0.28,43.1,425.5,987,Not Exposed,Not Exposed,Not Exposed,0.1,0.1,0.1,2635,2635,,one_to_one,official_crosswalk,3992,4550,5480,4020,4570,5609,2025-06,mom_occupational_wages_2025,0,,,published_broad_occupation_group,pmet,2026 Q1,2026-08-19,Exposure measures task overlap with current GenAI capabilities; it is not a job-loss probability or forecast.
9.0,26622,Medical social worker,2,PROFESSIONALS,26,266,2662,scored,0.28,0.28,0.28,43.1,425.5,987,Not Exposed,Not Exposed,Not Exposed,0.1,0.1,0.1,2635,2635,,one_to_one,official_crosswalk,4319,4882,6627,4319,4883,6627,2025-06,mom_occupational_wages_2025,1,mom_sol_2026,Medical social worker,published_broad_occupation_group,pmet,2026 Q1,2026-08-19,Exposure measures task overlap with current GenAI capabilities; it is not a job-loss probability or forecast.
9.0,26623,Youth work professional,2,PROFESSIONALS,26,266,2662,scored,0.28,0.28,0.28,43.1,425.5,987,Not Exposed,Not Exposed,Not Exposed,0.1,0.1,0.1,2635,2635,,one_to_one,official_crosswalk,,,,,,,,,0,,,published_broad_occupation_group,pmet,2026 Q1,2026-08-19,Exposure measures task overlap with current GenAI capabilities; it is not a job-loss probability or forecast.|MOM does not publish a 2025 detailed wage row for this occupation.
9.0,26629,Social work professional n.e.c.,2,PROFESSIONALS,26,266,2662,scored,0.28,0.28,0.28,43.1,425.5,987,Not Exposed,Not Exposed,Not Exposed,0.1,0.1,0.1,2635,2635,,one_to_one,official_crosswalk,,,,,,,,,0,,,published_broad_occupation_group,pmet,2026 Q1,2026-08-19,Exposure measures task overlap with current GenAI capabilities; it is not a job-loss probability or forecast.|MOM does not publish a 2025 detailed wage row for this occupation.
9.0,26631,Counsellor (rehabilitation),2,PROFESSIONALS,26,266,2663,scored,0.28,0.28,0.28,43.1,425.5,987,Not Exposed,Not Exposed,Not Exposed,0.1,0.1,0.1,2635,2635,,one_to_one,official_crosswalk,,,,,,,,,0,,,published_broad_occupation_group,pmet,2026 Q1,2026-08-19,Exposure measures task overlap with current GenAI capabilities; it is not a job-loss probability or forecast.|MOM does not publish a 2025 detailed wage row for this occupation.
9.0,26632,Counsellor (drugs/alcohol),2,PROFESSIONALS,26,266,2663,scored,0.28,0.28,0.28,43.1,425.5,987,Not Exposed,Not Exposed,Not Exposed,0.1,0.1,0.1,2635,2635,,one_to_one,official_crosswalk,,,,,,,,,0,,,published_broad_occupation_group,pmet,2026 Q1,2026-08-19,Exposure measures task overlap with current GenAI capabilities; it is not a job-loss probability or forecast.|MOM does not publish a 2025 detailed wage row for this occupation.
9.0,26633,Counsellor (family),2,PROFESSIONALS,26,266,2663,scored,0.28,0.28,0.28,43.1,425.5,987,Not Exposed,Not Exposed,Not Exposed,0.1,0.1,0.1,2635,2635,,one_to_one,official_crosswalk,3988,4786,5735,4000,4800,5812,2025-06,mom_occupational_wages_2025,0,,,published_broad_occupation_group,pmet,2026 Q1,2026-08-19,Exposure measures task overlap with current GenAI capabilities; it is not a job-loss probability or forecast.
9.0,26634,School counsellor,2,PROFESSIONALS,26,266,2663,scored,0.28,0.28,0.28,43.1,425.5,987,Not Exposed,Not Exposed,Not Exposed,0.1,0.1,0.1,2635,2635,,one_to_one,official_crosswalk,,,,,,,,,0,,,published_broad_occupation_group,pmet,2026 Q1,2026-08-19,Exposure measures task overlap with current GenAI capabilities; it is not a job-loss probability or forecast.|MOM does not publish a 2025 detailed wage row for this occupation.
9.0,26639,Counselling professional n.e.c.,2,PROFESSIONALS,26,266,2663,scored,0.28,0.28,0.28,43.1,425.5,987,Not Exposed,Not Exposed,Not Exposed,0.1,0.1,0.1,2635,2635,,one_to_one,official_crosswalk,,,,,,,,,0,,,published_broad_occupation_group,pmet,2026 Q1,2026-08-19,Exposure measures task overlap with current GenAI capabilities; it is not a job-loss probability or forecast.|MOM does not publish a 2025 detailed wage row for this occupation.
9.0,26640,Job coach (disability),2,PROFESSIONALS,26,266,2664,scored,0.365,0.28,0.45,61.4,606.5,987,Not Exposed|Exposed: Gradient 2,Not Exposed,Exposed: Gradient 2,0.085,0.07,0.1,2423|2635,2423|2635,,partial,official_crosswalk,,,,,,,,,0,,,published_broad_occupation_group,pmet,2026 Q1,2026-08-19,Exposure measures task overlap with current GenAI capabilities; it is not a job-loss probability or forecast.|SSOC maps to multiple ISCO groups without official employment weights; the median and range are shown.|MOM does not publish a 2025 detailed wage row for this occupation.
9.0,31001,Assistant civil/structural engineer,3,ASSOCIATE PROFESSIONALS AND TECHNICIANS,31,310,3100,scored,0.28,0.28,0.28,43.1,425.5,987,Not Exposed,Not Exposed,Not Exposed,0.07,0.07,0.07,3112,3112,,one_to_one,official_crosswalk,3357,4394,5088,3357,4428,5088,2025-06,mom_occupational_wages_2025,0,,,published_broad_occupation_group,pmet,2026 Q1,2026-08-19,Exposure measures task overlap with current GenAI capabilities; it is not a job-loss probability or forecast.
9.0,31002,Assistant electrical engineer,3,ASSOCIATE PROFESSIONALS AND TECHNICIANS,31,310,3100,scored,0.27,0.27,0.27,38.1,377,987,Not Exposed,Not Exposed,Not Exposed,0.05,0.05,0.05,3113,3113,,one_to_one,official_crosswalk,3758,4430,5000,3900,4770,5385,2025-06,mom_occupational_wages_2025,0,,,published_broad_occupation_group,pmet,2026 Q1,2026-08-19,Exposure measures task overlap with current GenAI capabilities; it is not a job-loss probability or forecast.
9.0,31003,Assistant electronics engineer,3,ASSOCIATE PROFESSIONALS AND TECHNICIANS,31,310,3100,scored,0.38,0.38,0.38,67.6,667.5,987,Minimal Exposure,Minimal Exposure,Minimal Exposure,0.11,0.11,0.11,3114,3114,,one_to_one,official_crosswalk,3051,4020,4889,3305,4332,5196,2025-06,mom_occupational_wages_2025,0,,,published_broad_occupation_group,pmet,2026 Q1,2026-08-19,Exposure measures task overlap with current GenAI capabilities; it is not a job-loss probability or forecast.
9.0,31004,Assistant mechanical engineer,3,ASSOCIATE PROFESSIONALS AND TECHNICIANS,31,310,3100,scored,0.26,0.26,0.26,33.8,334,987,Not Exposed,Not Exposed,Not Exposed,0.08,0.08,0.08,3115,3115,,one_to_one,official_crosswalk,3468,4022,4850,3875,4488,5299,2025-06,mom_occupational_wages_2025,0,,,published_broad_occupation_group,pmet,2026 Q1,2026-08-19,Exposure measures task overlap with current GenAI capabilities; it is not a job-loss probability or forecast.
9.0,31005,Assistant chemical engineer,3,ASSOCIATE PROFESSIONALS AND TECHNICIANS,31,310,3100,scored,0.32,0.32,0.32,53,524,987,Not Exposed,Not Exposed,Not Exposed,0.02,0.02,0.02,3116,3116,,one_to_one,official_crosswalk,,,,,,,,,0,,,published_broad_occupation_group,pmet,2026 Q1,2026-08-19,Exposure measures task overlap with current GenAI capabilities; it is not a job-loss probability or forecast.|MOM does not publish a 2025 detailed wage row for this occupation.
9.0,31006,Assistant manufacturing engineer,3,ASSOCIATE PROFESSIONALS AND TECHNICIANS,31,310,3100,scored,0.26,0.26,0.26,33.8,334,987,Not Exposed,Not Exposed,Not Exposed,0.05,0.05,0.05,3119,3119,,one_to_one,official_crosswalk,2972,3331,4184,3203,3656,4505,2025-06,mom_occupational_wages_2025,0,,,published_broad_occupation_group,pmet,2026 Q1,2026-08-19,Exposure measures task overlap with current GenAI capabilities; it is not a job-loss probability or forecast.
9.0,31009,Assistant engineer n.e.c.,3,ASSOCIATE PROFESSIONALS AND TECHNICIANS,31,310,3100,scored,0.26,0.26,0.26,33.8,334,987,Not Exposed,Not Exposed,Not Exposed,0.05,0.05,0.05,3119,3119,,one_to_one,official_crosswalk,,,,,,,,,0,,,published_broad_occupation_group,pmet,2026 Q1,2026-08-19,Exposure measures task overlap with current GenAI capabilities; it is not a job-loss probability or forecast.|MOM does not publish a 2025 detailed wage row for this occupation.
9.0,31111,Chemistry technician,3,ASSOCIATE PROFESSIONALS AND TECHNICIANS,31,311,3111,scored,0.26,0.26,0.26,33.8,334,987,Not Exposed,Not Exposed,Not Exposed,0.09,0.09,0.09,3111,3111,,one_to_one,official_crosswalk,2990,3600,4671,3420,4303,5223,2025-06,mom_occupational_wages_2025,0,,,published_broad_occupation_group,pmet,2026 Q1,2026-08-19,Exposure measures task overlap with current GenAI capabilities; it is not a job-loss probability or forecast.
9.0,31112,Physics technician,3,ASSOCIATE PROFESSIONALS AND TECHNICIANS,31,311,3111,scored,0.26,0.26,0.26,33.8,334,987,Not Exposed,Not Exposed,Not Exposed,0.09,0.09,0.09,3111,3111,,one_to_one,official_crosswalk,,,,,,,,,0,,,published_broad_occupation_group,pmet,2026 Q1,2026-08-19,Exposure measures task overlap with current GenAI capabilities; it is not a job-loss probability or forecast.|MOM does not publish a 2025 detailed wage row for this occupation.
9.0,31119,Chemical/Physical science technician n.e.c.,3,ASSOCIATE PROFESSIONALS AND TECHNICIANS,31,311,3111,scored,0.26,0.26,0.26,33.8,334,987,Not Exposed,Not Exposed,Not Exposed,0.09,0.09,0.09,3111,3111,,one_to_one,official_crosswalk,,,,,,,,,0,,,published_broad_occupation_group,pmet,2026 Q1,2026-08-19,Exposure measures task overlap with current GenAI capabilities; it is not a job-loss probability or forecast.|MOM does not publish a 2025 detailed wage row for this occupation.
9.0,31121,Civil engineering technician,3,ASSOCIATE PROFESSIONALS AND TECHNICIANS,31,311,3112,scored,0.28,0.28,0.28,43.1,425.5,987,Not Exposed,Not Exposed,Not Exposed,0.07,0.07,0.07,3112,3112,,one_to_one,official_crosswalk,2566,2989,3638,2688,3623,4896,2025-06,mom_occupational_wages_2025,0,,,published_broad_occupation_group,pmet,2026 Q1,2026-08-19,Exposure measures task overlap with current GenAI capabilities; it is not a job-loss probability or forecast.
9.0,31122,Building technician,3,ASSOCIATE PROFESSIONALS AND TECHNICIANS,31,311,3112,scored,0.28,0.28,0.28,43.1,425.5,987,Not Exposed,Not Exposed,Not Exposed,0.07,0.07,0.07,3112,3112,,one_to_one,official_crosswalk,2722,3207,3976,2842,3431,4288,2025-06,mom_occupational_wages_2025,0,,,published_broad_occupation_group,pmet,2026 Q1,2026-08-19,Exposure measures task overlap with current GenAI capabilities; it is not a job-loss probability or forecast.
9.0,31123,Land surveying technician,3,ASSOCIATE PROFESSIONALS AND TECHNICIANS,31,311,3112,scored,0.28,0.28,0.28,43.1,425.5,987,Not Exposed,Not Exposed,Not Exposed,0.07,0.07,0.07,3112,3112,,one_to_one,official_crosswalk,2416,2960,3728,2440,3043,3874,2025-06,mom_occupational_wages_2025,0,,,published_broad_occupation_group,pmet,2026 Q1,2026-08-19,Exposure measures task overlap with current GenAI capabilities; it is not a job-loss probability or forecast.
9.0,31124,Resident technical officer,3,ASSOCIATE PROFESSIONALS AND TECHNICIANS,31,311,3112,scored,0.28,0.28,0.28,43.1,425.5,987,Not Exposed,Not Exposed,Not Exposed,0.07,0.07,0.07,3112,3112,,one_to_one,official_crosswalk,2384,3011,4497,2661,3284,4500,2025-06,mom_occupational_wages_2025,0,,,published_broad_occupation_group,pmet,2026 Q1,2026-08-19,Exposure measures task overlap with current GenAI capabilities; it is not a job-loss probability or forecast.
9.0,31129,Civil engineering technician n.e.c.,3,ASSOCIATE PROFESSIONALS AND TECHNICIANS,31,311,3112,scored,0.28,0.28,0.28,43.1,425.5,987,Not Exposed,Not Exposed,Not Exposed,0.07,0.07,0.07,3112,3112,,one_to_one,official_crosswalk,,,,,,,,,0,,,published_broad_occupation_group,pmet,2026 Q1,2026-08-19,Exposure measures task overlap with current GenAI capabilities; it is not a job-loss probability or forecast.|MOM does not publish a 2025 detailed wage row for this occupation.
9.0,31131,Electrical engineering technician,3,ASSOCIATE PROFESSIONALS AND TECHNICIANS,31,311,3113,scored,0.27,0.27,0.27,38.1,377,987,Not Exposed,Not Exposed,Not Exposed,0.05,0.05,0.05,3113,3113,,one_to_one,official_crosswalk,3174,3868,4946,3354,4326,5588,2025-06,mom_occupational_wages_2025,0,,,published_broad_occupation_group,pmet,2026 Q1,2026-08-19,Exposure measures task overlap with current GenAI capabilities; it is not a job-loss probability or forecast.
9.0,31132,Lift technician,3,ASSOCIATE PROFESSIONALS AND TECHNICIANS,31,311,3113,scored,0.27,0.27,0.27,38.1,377,987,Not Exposed,Not Exposed,Not Exposed,0.05,0.05,0.05,3113,3113,,one_to_one,official_crosswalk,3041,3678,4957,3454,4264,5387,2025-06,mom_occupational_wages_2025,0,,,published_broad_occupation_group,pmet,2026 Q1,2026-08-19,Exposure measures task overlap with current GenAI capabilities; it is not a job-loss probability or forecast.
9.0,31141,Electronics engineering technician,3,ASSOCIATE PROFESSIONALS AND TECHNICIANS,31,311,3114,scored,0.36,0.34,0.38,60.2,594.5,987,Minimal Exposure,Minimal Exposure,Minimal Exposure,0.105,0.1,0.11,3155|3114,3155|3114,,partial,official_crosswalk,2931,3665,4765,3156,3843,4955,2025-06,mom_occupational_wages_2025,0,,,published_broad_occupation_group,pmet,2026 Q1,2026-08-19,Exposure measures task overlap with current GenAI capabilities; it is not a job-loss probability or forecast.|SSOC maps to multiple ISCO groups without official employment weights; the median and range are shown.
9.0,31142,Semi-conductor technician,3,ASSOCIATE PROFESSIONALS AND TECHNICIANS,31,311,3114,scored,0.38,0.38,0.38,67.6,667.5,987,Minimal Exposure,Minimal Exposure,Minimal Exposure,0.11,0.11,0.11,3114,3114,,one_to_one,official_crosswalk,3063,3637,3681,3631,5232,6932,2025-06,mom_occupational_wages_2025,0,,,published_broad_occupation_group,pmet,2026 Q1,2026-08-19,Exposure measures task overlap with current GenAI capabilities; it is not a job-loss probability or forecast.
9.0,31143,Audio/Video equipment technician,3,ASSOCIATE PROFESSIONALS AND TECHNICIANS,31,311,3114,scored,0.38,0.38,0.38,67.6,667.5,987,Minimal Exposure,Minimal Exposure,Minimal Exposure,0.11,0.11,0.11,3114,3114,,one_to_one,official_crosswalk,3110,4030,6925,3300,4235,7203,2025-06,mom_occupational_wages_2025,0,,,published_broad_occupation_group,pmet,2026 Q1,2026-08-19,Exposure measures task overlap with current GenAI capabilities; it is not a job-loss probability or forecast.
9.0,31144,Instrumentation technician,3,ASSOCIATE PROFESSIONALS AND TECHNICIANS,31,311,3114,scored,0.38,0.38,0.38,67.6,667.5,987,Minimal Exposure,Minimal Exposure,Minimal Exposure,0.11,0.11,0.11,3114,3114,,one_to_one,official_crosswalk,3154,4248,5902,3365,4656,6270,2025-06,mom_occupational_wages_2025,0,,,published_broad_occupation_group,pmet,2026 Q1,2026-08-19,Exposure measures task overlap with current GenAI capabilities; it is not a job-loss probability or forecast.
9.0,31151,Mechanical engineering technician,3,ASSOCIATE PROFESSIONALS AND TECHNICIANS,31,311,3115,scored,0.26,0.26,0.26,33.8,334,987,Not Exposed,Not Exposed,Not Exposed,0.08,0.08,0.08,3115,3115,,one_to_one,official_crosswalk,2671,3334,4181,2951,3780,4960,2025-06,mom_occupational_wages_2025,0,,,published_broad_occupation_group,pmet,2026 Q1,2026-08-19,Exposure measures task overlap with current GenAI capabilities; it is not a job-loss probability or forecast.
9.0,31152,Air-conditioning/Refrigeration engineering technician,3,ASSOCIATE PROFESSIONALS AND TECHNICIANS,31,311,3115,scored,0.26,0.26,0.26,33.8,334,987,Not Exposed,Not Exposed,Not Exposed,0.08,0.08,0.08,3115,3115,,one_to_one,official_crosswalk,2496,3507,4524,2657,3765,4638,2025-06,mom_occupational_wages_2025,0,,,published_broad_occupation_group,pmet,2026 Q1,2026-08-19,Exposure measures task overlap with current GenAI capabilities; it is not a job-loss probability or forecast.
9.0,31153,Machining/Tooling technician,3,ASSOCIATE PROFESSIONALS AND TECHNICIANS,31,311,3115,scored,0.26,0.26,0.26,33.8,334,987,Not Exposed,Not Exposed,Not Exposed,0.08,0.08,0.08,3115,3115,,one_to_one,official_crosswalk,2399,2930,3329,2650,3344,4230,2025-06,mom_occupational_wages_2025,0,,,published_broad_occupation_group,pmet,2026 Q1,2026-08-19,Exposure measures task overlap with current GenAI capabilities; it is not a job-loss probability or forecast.
9.0,31161,"Chemical engineering technician (excluding petroleum, natural gas and petrochemical)",3,ASSOCIATE PROFESSIONALS AND TECHNICIANS,31,311,3116,scored,0.32,0.32,0.32,53,524,987,Not Exposed,Not Exposed,Not Exposed,0.02,0.02,0.02,3116,3116,,one_to_one,official_crosswalk,3089,4107,5339,4449,5498,6803,2025-06,mom_occupational_wages_2025,0,,,published_broad_occupation_group,pmet,2026 Q1,2026-08-19,Exposure measures task overlap with current GenAI capabilities; it is not a job-loss probability or forecast.
9.0,31162,Chemical engineering technician (petroleum/natural gas),3,ASSOCIATE PROFESSIONALS AND TECHNICIANS,31,311,3116,scored,0.32,0.32,0.32,53,524,987,Not Exposed,Not Exposed,Not Exposed,0.02,0.02,0.02,3116,3116,,one_to_one,official_crosswalk,2951,4942,6059,4843,5628,6867,2025-06,mom_occupational_wages_2025,0,,,published_broad_occupation_group,pmet,2026 Q1,2026-08-19,Exposure measures task overlap with current GenAI capabilities; it is not a job-loss probability or forecast.
9.0,31163,Chemical engineering technician (petrochemical),3,ASSOCIATE PROFESSIONALS AND TECHNICIANS,31,311,3116,scored,0.32,0.32,0.32,53,524,987,Not Exposed,Not Exposed,Not Exposed,0.02,0.02,0.02,3116,3116,,one_to_one,official_crosswalk,3611,5038,5800,7167,8300,10109,2025-06,mom_occupational_wages_2025,0,,,published_broad_occupation_group,pmet,2026 Q1,2026-08-19,Exposure measures task overlap with current GenAI capabilities; it is not a job-loss probability or forecast.
9.0,31164,Food science technician,3,ASSOCIATE PROFESSIONALS AND TECHNICIANS,31,311,3116,scored,0.32,0.32,0.32,53,524,987,Not Exposed,Not Exposed,Not Exposed,0.02,0.02,0.02,3116,3116,,one_to_one,official_crosswalk,,,,,,,,,0,,,published_broad_occupation_group,pmet,2026 Q1,2026-08-19,Exposure measures task overlap with current GenAI capabilities; it is not a job-loss probability or forecast.|MOM does not publish a 2025 detailed wage row for this occupation.
9.0,31171,Manufacturing engineering technician,3,ASSOCIATE PROFESSIONALS AND TECHNICIANS,31,311,3117,scored,0.26,0.26,0.26,33.8,334,987,Not Exposed,Not Exposed,Not Exposed,0.05,0.05,0.05,3119,3119,,one_to_one,official_crosswalk,3354,4472,5465,3750,5092,6334,2025-06,mom_occupational_wages_2025,0,,,published_broad_occupation_group,pmet,2026 Q1,2026-08-19,Exposure measures task overlap with current GenAI capabilities; it is not a job-loss probability or forecast.
9.0,31172,Production engineering technician,3,ASSOCIATE PROFESSIONALS AND TECHNICIANS,31,311,3117,scored,0.26,0.26,0.26,33.8,334,987,Not Exposed,Not Exposed,Not Exposed,0.05,0.05,0.05,3119,3119,,one_to_one,official_crosswalk,2413,3200,4610,2733,3690,5128,2025-06,mom_occupational_wages_2025,0,,,published_broad_occupation_group,pmet,2026 Q1,2026-08-19,Exposure measures task overlap with current GenAI capabilities; it is not a job-loss probability or forecast.
9.0,31173,Process engineering technician,3,ASSOCIATE PROFESSIONALS AND TECHNICIANS,31,311,3117,scored,0.29,0.26,0.32,47,464,987,Not Exposed,Not Exposed,Not Exposed,0.035,0.02,0.05,3116|3119,3116|3119,,partial,official_crosswalk,2612,3078,4104,2617,3145,4754,2025-06,mom_occupational_wages_2025,0,,,published_broad_occupation_group,pmet,2026 Q1,2026-08-19,Exposure measures task overlap with current GenAI capabilities; it is not a job-loss probability or forecast.|SSOC maps to multiple ISCO groups without official employment weights; the median and range are shown.
9.0,31174,Automation technician,3,ASSOCIATE PROFESSIONALS AND TECHNICIANS,31,311,3117,scored,0.26,0.26,0.26,33.8,334,987,Not Exposed,Not Exposed,Not Exposed,0.065,0.05,0.08,3115|3119,3115|3119,,partial,official_crosswalk,2477,3254,4518,3007,3984,4847,2025-06,mom_occupational_wages_2025,0,,,published_broad_occupation_group,pmet,2026 Q1,2026-08-19,Exposure measures task overlap with current GenAI capabilities; it is not a job-loss probability or forecast.|SSOC maps to multiple ISCO groups without official employment weights; the median and range are shown.
9.0,31175,Quality assurance technician,3,ASSOCIATE PROFESSIONALS AND TECHNICIANS,31,311,3117,scored,0.26,0.26,0.26,33.8,334,987,Not Exposed,Not Exposed,Not Exposed,0.05,0.05,0.05,3119,3119,,one_to_one,official_crosswalk,2825,3981,5731,3114,4362,6312,2025-06,mom_occupational_wages_2025,0,,,published_broad_occupation_group,pmet,2026 Q1,2026-08-19,Exposure measures task overlap with current GenAI capabilities; it is not a job-loss probability or forecast.
9.0,31181,Mechanical draughtsperson,3,ASSOCIATE PROFESSIONALS AND TECHNICIANS,31,311,3118,scored,0.35,0.35,0.35,57.4,567,987,Minimal Exposure,Minimal Exposure,Minimal Exposure,0.11,0.11,0.11,3118,3118,,one_to_one,official_crosswalk,2251,3620,4697,2321,3670,4750,2025-06,mom_occupational_wages_2025,0,,,published_broad_occupation_group,pmet,2026 Q1,2026-08-19,Exposure measures task overlap with current GenAI capabilities; it is not a job-loss probability or forecast.
9.0,31182,Electrical/Electronics draughtsperson,3,ASSOCIATE PROFESSIONALS AND TECHNICIANS,31,311,3118,scored,0.35,0.35,0.35,57.4,567,987,Minimal Exposure,Minimal Exposure,Minimal Exposure,0.11,0.11,0.11,3118,3118,,one_to_one,official_crosswalk,3150,3850,5575,3200,4119,5688,2025-06,mom_occupational_wages_2025,0,,,published_broad_occupation_group,pmet,2026 Q1,2026-08-19,Exposure measures task overlap with current GenAI capabilities; it is not a job-loss probability or forecast.
9.0,31183,Civil/Structural engineering draughtsperson,3,ASSOCIATE PROFESSIONALS AND TECHNICIANS,31,311,3118,scored,0.35,0.35,0.35,57.4,567,987,Minimal Exposure,Minimal Exposure,Minimal Exposure,0.11,0.11,0.11,3118,3118,,one_to_one,official_crosswalk,3300,4200,5524,3300,4305,6000,2025-06,mom_occupational_wages_2025,0,,,published_broad_occupation_group,pmet,2026 Q1,2026-08-19,Exposure measures task overlap with current GenAI capabilities; it is not a job-loss probability or forecast.
9.0,31184,Architectural draughtsperson,3,ASSOCIATE PROFESSIONALS AND TECHNICIANS,31,311,3118,scored,0.35,0.35,0.35,57.4,567,987,Minimal Exposure,Minimal Exposure,Minimal Exposure,0.11,0.11,0.11,3118,3118,,one_to_one,official_crosswalk,3890,4716,5730,4000,4785,5830,2025-06,mom_occupational_wages_2025,0,,,published_broad_occupation_group,pmet,2026 Q1,2026-08-19,Exposure measures task overlap with current GenAI capabilities; it is not a job-loss probability or forecast.
9.0,31185,Marine draughtsperson,3,ASSOCIATE PROFESSIONALS AND TECHNICIANS,31,311,3118,scored,0.35,0.35,0.35,57.4,567,987,Minimal Exposure,Minimal Exposure,Minimal Exposure,0.11,0.11,0.11,3118,3118,,one_to_one,official_crosswalk,4150,4500,5557,4200,4550,5600,2025-06,mom_occupational_wages_2025,0,,,published_broad_occupation_group,pmet,2026 Q1,2026-08-19,Exposure measures task overlap with current GenAI capabilities; it is not a job-loss probability or forecast.
9.0,31189,Draughtsperson n.e.c.,3,ASSOCIATE PROFESSIONALS AND TECHNICIANS,31,311,3118,scored,0.35,0.35,0.35,57.4,567,987,Minimal Exposure,Minimal Exposure,Minimal Exposure,0.11,0.11,0.11,3118,3118,,one_to_one,official_crosswalk,,,,,,,,,0,,,published_broad_occupation_group,pmet,2026 Q1,2026-08-19,Exposure measures task overlap with current GenAI capabilities; it is not a job-loss probability or forecast.|MOM does not publish a 2025 detailed wage row for this occupation.
9.0,31211,Aeronautical engineering technician,3,ASSOCIATE PROFESSIONALS AND TECHNICIANS,31,312,3121,scored,0.26,0.26,0.26,33.8,334,987,Not Exposed,Not Exposed,Not Exposed,0.08,0.08,0.08,3115,3115,,one_to_one,official_crosswalk,3902,4959,7296,4252,5400,7411,2025-06,mom_occupational_wages_2025,0,,,published_broad_occupation_group,pmet,2026 Q1,2026-08-19,Exposure measures task overlap with current GenAI capabilities; it is not a job-loss probability or forecast.
9.0,31212,Automotive engineering technician,3,ASSOCIATE PROFESSIONALS AND TECHNICIANS,31,312,3121,scored,0.26,0.26,0.26,33.8,334,987,Not Exposed,Not Exposed,Not Exposed,0.08,0.08,0.08,3115,3115,,one_to_one,official_crosswalk,2489,2950,3240,2748,3597,4236,2025-06,mom_occupational_wages_2025,0,,,published_broad_occupation_group,pmet,2026 Q1,2026-08-19,Exposure measures task overlap with current GenAI capabilities; it is not a job-loss probability or forecast.
9.0,31213,Marine surveyor (ship/nautical),3,ASSOCIATE PROFESSIONALS AND TECHNICIANS,31,312,3121,scored,0.26,0.26,0.26,33.8,334,987,Not Exposed,Not Exposed,Not Exposed,0.08,0.08,0.08,3115,3115,,one_to_one,official_crosswalk,3500,7670,11262,5394,8121,11262,2025-06,mom_occupational_wages_2025,0,,,published_broad_occupation_group,pmet,2026 Q1,2026-08-19,Exposure measures task overlap with current GenAI capabilities; it is not a job-loss probability or forecast.
9.0,31214,Rolling stock engineering technician,3,ASSOCIATE PROFESSIONALS AND TECHNICIANS,31,312,3121,scored,0.26,0.26,0.26,33.8,334,987,Not Exposed,Not Exposed,Not Exposed,0.08,0.08,0.08,3115,3115,,one_to_one,official_crosswalk,2721,3197,3580,3076,3620,4030,2025-06,mom_occupational_wages_2025,0,,,published_broad_occupation_group,pmet,2026 Q1,2026-08-19,Exposure measures task overlap with current GenAI capabilities; it is not a job-loss probability or forecast.
9.0,31291,Mechatronics technician,3,ASSOCIATE PROFESSIONALS AND TECHNICIANS,31,312,3129,scored,0.26,0.26,0.26,33.8,334,987,Not Exposed,Not Exposed,Not Exposed,0.065,0.05,0.08,3115|3119,3115|3119,,partial,official_crosswalk,,,,,,,,,0,,,published_broad_occupation_group,pmet,2026 Q1,2026-08-19,Exposure measures task overlap with current GenAI capabilities; it is not a job-loss probability or forecast.|SSOC maps to multiple ISCO groups without official employment weights; the median and range are shown.|MOM does not publish a 2025 detailed wage row for this occupation.
9.0,31292,Metallurgical technician,3,ASSOCIATE PROFESSIONALS AND TECHNICIANS,31,312,3129,scored,0.28,0.28,0.28,43.1,425.5,987,Not Exposed,Not Exposed,Not Exposed,0.06,0.06,0.06,3117,3117,,one_to_one,official_crosswalk,,,,,,,,,0,,,published_broad_occupation_group,pmet,2026 Q1,2026-08-19,Exposure measures task overlap with current GenAI capabilities; it is not a job-loss probability or forecast.|MOM does not publish a 2025 detailed wage row for this occupation.
9.0,31293,Precision optics technician,3,ASSOCIATE PROFESSIONALS AND TECHNICIANS,31,312,3129,scored,0.26,0.26,0.26,33.8,334,987,Not Exposed,Not Exposed,Not Exposed,0.05,0.05,0.05,3119,3119,,one_to_one,official_crosswalk,,,,,,,,,0,,,published_broad_occupation_group,pmet,2026 Q1,2026-08-19,Exposure measures task overlap with current GenAI capabilities; it is not a job-loss probability or forecast.|MOM does not publish a 2025 detailed wage row for this occupation.
9.0,31294,Quantity surveying technician,3,ASSOCIATE PROFESSIONALS AND TECHNICIANS,31,312,3129,scored,0.26,0.26,0.26,33.8,334,987,Not Exposed,Not Exposed,Not Exposed,0.05,0.05,0.05,3119,3119,,one_to_one,official_crosswalk,,,,,,,,,0,,,published_broad_occupation_group,pmet,2026 Q1,2026-08-19,Exposure measures task overlap with current GenAI capabilities; it is not a job-loss probability or forecast.|MOM does not publish a 2025 detailed wage row for this occupation.
9.0,31295,Airport maintenance technician,3,ASSOCIATE PROFESSIONALS AND TECHNICIANS,31,312,3129,scored,0.26,0.26,0.26,33.8,334,987,Not Exposed,Not Exposed,Not Exposed,0.05,0.05,0.05,3119,3119,,one_to_one,official_crosswalk,3194,3699,4238,3194,3699,4238,2025-06,mom_occupational_wages_2025,0,,,published_broad_occupation_group,pmet,2026 Q1,2026-08-19,Exposure measures task overlap with current GenAI capabilities; it is not a job-loss probability or forecast.
9.0,31299,Other physical/engineering science technician n.e.c.,3,ASSOCIATE PROFESSIONALS AND TECHNICIANS,31,312,3129,scored,0.26,0.26,0.26,33.8,334,987,Not Exposed,Not Exposed,Not Exposed,0.05,0.05,0.05,3119,3119,,one_to_one,official_crosswalk,,,,,,,,,0,,,published_broad_occupation_group,pmet,2026 Q1,2026-08-19,Exposure measures task overlap with current GenAI capabilities; it is not a job-loss probability or forecast.|MOM does not publish a 2025 detailed wage row for this occupation.
9.0,31310,Power generating plant operator,3,ASSOCIATE PROFESSIONALS AND TECHNICIANS,31,313,3131,scored,0.28,0.28,0.28,43.1,425.5,987,Not Exposed,Not Exposed,Not Exposed,0.11,0.11,0.11,3131,3131,,one_to_one,official_crosswalk,,,,,,,,,0,,,published_broad_occupation_group,pmet,2026 Q1,2026-08-19,Exposure measures task overlap with current GenAI capabilities; it is not a job-loss probability or forecast.|MOM does not publish a 2025 detailed wage row for this occupation.
9.0,31321,Stationary engine operator,3,ASSOCIATE PROFESSIONALS AND TECHNICIANS,31,313,3132,scored,0.27,0.27,0.27,38.1,377,987,Not Exposed,Not Exposed,Not Exposed,0.09,0.09,0.09,3132,3132,,one_to_one,official_crosswalk,,,,,,,,,0,,,published_broad_occupation_group,pmet,2026 Q1,2026-08-19,Exposure measures task overlap with current GenAI capabilities; it is not a job-loss probability or forecast.|MOM does not publish a 2025 detailed wage row for this occupation.
9.0,31322,Compressor operator,3,ASSOCIATE PROFESSIONALS AND TECHNICIANS,31,313,3132,scored,0.27,0.27,0.27,38.1,377,987,Not Exposed,Not Exposed,Not Exposed,0.09,0.09,0.09,3132,3132,,one_to_one,official_crosswalk,,,,,,,,,0,,,published_broad_occupation_group,pmet,2026 Q1,2026-08-19,Exposure measures task overlap with current GenAI capabilities; it is not a job-loss probability or forecast.|MOM does not publish a 2025 detailed wage row for this occupation.
9.0,31323,Pumping station operator,3,ASSOCIATE PROFESSIONALS AND TECHNICIANS,31,313,3132,scored,0.27,0.27,0.27,38.1,377,987,Not Exposed,Not Exposed,Not Exposed,0.09,0.09,0.09,3132,3132,,one_to_one,official_crosswalk,,,,,,,,,0,,,published_broad_occupation_group,pmet,2026 Q1,2026-08-19,Exposure measures task overlap with current GenAI capabilities; it is not a job-loss probability or forecast.|MOM does not publish a 2025 detailed wage row for this occupation.
9.0,31324,Water treatment machine operator (waterworks),3,ASSOCIATE PROFESSIONALS AND TECHNICIANS,31,313,3132,scored,0.27,0.27,0.27,38.1,377,987,Not Exposed,Not Exposed,Not Exposed,0.09,0.09,0.09,3132,3132,,one_to_one,official_crosswalk,,,,,,,,,0,,,published_broad_occupation_group,pmet,2026 Q1,2026-08-19,Exposure measures task overlap with current GenAI capabilities; it is not a job-loss probability or forecast.|MOM does not publish a 2025 detailed wage row for this occupation.
9.0,31325,Refrigeration system operator,3,ASSOCIATE PROFESSIONALS AND TECHNICIANS,31,313,3132,scored,0.27,0.27,0.27,38.1,377,987,Not Exposed,Not Exposed,Not Exposed,0.09,0.09,0.09,3132,3132,,one_to_one,official_crosswalk,,,,,,,,,0,,,published_broad_occupation_group,pmet,2026 Q1,2026-08-19,Exposure measures task overlap with current GenAI capabilities; it is not a job-loss probability or forecast.|MOM does not publish a 2025 detailed wage row for this occupation.
9.0,31329,Incinerator/Water treatment plant and related machine operator n.e.c.,3,ASSOCIATE PROFESSIONALS AND TECHNICIANS,31,313,3132,scored,0.27,0.27,0.27,38.1,377,987,Not Exposed,Not Exposed,Not Exposed,0.09,0.09,0.09,3132,3132,,one_to_one,official_crosswalk,,,,,,,,,0,,,published_broad_occupation_group,pmet,2026 Q1,2026-08-19,Exposure measures task overlap with current GenAI capabilities; it is not a job-loss probability or forecast.|MOM does not publish a 2025 detailed wage row for this occupation.
9.0,31331,Chemical processing/products plant controller,3,ASSOCIATE PROFESSIONALS AND TECHNICIANS,31,313,3133,scored,0.29,0.29,0.29,47,464,987,Not Exposed,Not Exposed,Not Exposed,0.1,0.1,0.1,3133,3133,,one_to_one,official_crosswalk,,,,,,,,,0,,,published_broad_occupation_group,pmet,2026 Q1,2026-08-19,Exposure measures task overlap with current GenAI capabilities; it is not a job-loss probability or forecast.|MOM does not publish a 2025 detailed wage row for this occupation.
9.0,31332,Pharmaceutical products machine controller,3,ASSOCIATE PROFESSIONALS AND TECHNICIANS,31,313,3133,scored,0.29,0.29,0.29,47,464,987,Not Exposed,Not Exposed,Not Exposed,0.1,0.1,0.1,3133,3133,,one_to_one,official_crosswalk,,,,,,,,,0,,,published_broad_occupation_group,pmet,2026 Q1,2026-08-19,Exposure measures task overlap with current GenAI capabilities; it is not a job-loss probability or forecast.|MOM does not publish a 2025 detailed wage row for this occupation.
9.0,31341,Petroleum/Natural gas refining plant operator,3,ASSOCIATE PROFESSIONALS AND TECHNICIANS,31,313,3134,scored,0.29,0.29,0.29,47,464,987,Not Exposed,Not Exposed,Not Exposed,0.11,0.11,0.11,3134,3134,,one_to_one,official_crosswalk,,,,,,,,,0,,,published_broad_occupation_group,pmet,2026 Q1,2026-08-19,Exposure measures task overlap with current GenAI capabilities; it is not a job-loss probability or forecast.|MOM does not publish a 2025 detailed wage row for this occupation.
9.0,31342,Cylinder filler/tester (compressed/liquefied gases),3,ASSOCIATE PROFESSIONALS AND TECHNICIANS,31,313,3134,scored,0.29,0.29,0.29,47,464,987,Not Exposed,Not Exposed,Not Exposed,0.11,0.11,0.11,3134,3134,,one_to_one,official_crosswalk,,,,,,,,,0,,,published_broad_occupation_group,pmet,2026 Q1,2026-08-19,Exposure measures task overlap with current GenAI capabilities; it is not a job-loss probability or forecast.|MOM does not publish a 2025 detailed wage row for this occupation.
9.0,31350,Metal production process controller,3,ASSOCIATE PROFESSIONALS AND TECHNICIANS,31,313,3135,scored,0.31,0.31,0.31,51,503.5,987,Minimal Exposure,Minimal Exposure,Minimal Exposure,0.13,0.13,0.13,3135,3135,,one_to_one,official_crosswalk,,,,,,,,,0,,,published_broad_occupation_group,pmet,2026 Q1,2026-08-19,Exposure measures task overlap with current GenAI capabilities; it is not a job-loss probability or forecast.|MOM does not publish a 2025 detailed wage row for this occupation.
9.0,31391,Remote crane operator,3,ASSOCIATE PROFESSIONALS AND TECHNICIANS,31,313,3139,insufficient_evidence,,,,,,,,,,,,,3139,,,one_to_one,official_crosswalk_without_ilo_score,,,,,,,,,0,,,published_broad_occupation_group,pmet,2026 Q1,2026-08-19,Exposure measures task overlap with current GenAI capabilities; it is not a job-loss probability or forecast.|No usable ILO 2025 score exists for the official ISCO mapping.|MOM does not publish a 2025 detailed wage row for this occupation.
9.0,31392,Automated assembly line/Industrial robot operator,3,ASSOCIATE PROFESSIONALS AND TECHNICIANS,31,313,3139,insufficient_evidence,,,,,,,,,,,,,3139,,,one_to_one,official_crosswalk_without_ilo_score,,,,,,,,,0,,,published_broad_occupation_group,pmet,2026 Q1,2026-08-19,Exposure measures task overlap with current GenAI capabilities; it is not a job-loss probability or forecast.|No usable ILO 2025 score exists for the official ISCO mapping.|MOM does not publish a 2025 detailed wage row for this occupation.
9.0,31399,Other process control technician n.e.c.,3,ASSOCIATE PROFESSIONALS AND TECHNICIANS,31,313,3139,insufficient_evidence,,,,,,,,,,,,,3139,,,one_to_one,official_crosswalk_without_ilo_score,,,,,,,,,0,,,published_broad_occupation_group,pmet,2026 Q1,2026-08-19,Exposure measures task overlap with current GenAI capabilities; it is not a job-loss probability or forecast.|No usable ILO 2025 score exists for the official ISCO mapping.|MOM does not publish a 2025 detailed wage row for this occupation.
9.0,31411,Biological technician,3,ASSOCIATE PROFESSIONALS AND TECHNICIANS,31,314,3141,scored,0.38,0.38,0.38,67.6,667.5,987,Exposed: Gradient 1,Exposed: Gradient 1,Exposed: Gradient 1,0.18,0.18,0.18,3141,3141,,one_to_one,official_crosswalk,3413,5107,7170,3413,5791,7314,2025-06,mom_occupational_wages_2025,0,,,published_broad_occupation_group,pmet,2026 Q1,2026-08-19,Exposure measures task overlap with current GenAI capabilities; it is not a job-loss probability or forecast.
9.0,31412,Clinical research coordinator,3,ASSOCIATE PROFESSIONALS AND TECHNICIANS,31,314,3141,scored,0.38,0.38,0.38,67.6,667.5,987,Exposed: Gradient 1,Exposed: Gradient 1,Exposed: Gradient 1,0.18,0.18,0.18,3141,3141,,one_to_one,official_crosswalk,4029,4729,6050,4095,4769,6198,2025-06,mom_occupational_wages_2025,0,,,published_broad_occupation_group,pmet,2026 Q1,2026-08-19,Exposure measures task overlap with current GenAI capabilities; it is not a job-loss probability or forecast.
9.0,31419,Life science technician (excluding medical) n.e.c.,3,ASSOCIATE PROFESSIONALS AND TECHNICIANS,31,314,3141,scored,0.38,0.38,0.38,67.6,667.5,987,Exposed: Gradient 1,Exposed: Gradient 1,Exposed: Gradient 1,0.18,0.18,0.18,3141,3141,,one_to_one,official_crosswalk,,,,,,,,,0,,,published_broad_occupation_group,pmet,2026 Q1,2026-08-19,Exposure measures task overlap with current GenAI capabilities; it is not a job-loss probability or forecast.|MOM does not publish a 2025 detailed wage row for this occupation.
9.0,31421,Horticultural technician,3,ASSOCIATE PROFESSIONALS AND TECHNICIANS,31,314,3142,scored,0.26,0.26,0.26,33.8,334,987,Not Exposed,Not Exposed,Not Exposed,0.09,0.09,0.09,3142,3142,,one_to_one,official_crosswalk,,,,,,,,,0,,,published_broad_occupation_group,pmet,2026 Q1,2026-08-19,Exposure measures task overlap with current GenAI capabilities; it is not a job-loss probability or forecast.|MOM does not publish a 2025 detailed wage row for this occupation.
9.0,31422,Plant tissue culture technician,3,ASSOCIATE PROFESSIONALS AND TECHNICIANS,31,314,3142,scored,0.26,0.26,0.26,33.8,334,987,Not Exposed,Not Exposed,Not Exposed,0.09,0.09,0.09,3142,3142,,one_to_one,official_crosswalk,,,,,,,,,0,,,published_broad_occupation_group,pmet,2026 Q1,2026-08-19,Exposure measures task overlap with current GenAI capabilities; it is not a job-loss probability or forecast.|MOM does not publish a 2025 detailed wage row for this occupation.
9.0,31423,Farming technician (animal production),3,ASSOCIATE PROFESSIONALS AND TECHNICIANS,31,314,3142,scored,0.26,0.26,0.26,33.8,334,987,Not Exposed,Not Exposed,Not Exposed,0.09,0.09,0.09,3142,3142,,one_to_one,official_crosswalk,,,,,,,,,0,,,published_broad_occupation_group,pmet,2026 Q1,2026-08-19,Exposure measures task overlap with current GenAI capabilities; it is not a job-loss probability or forecast.|MOM does not publish a 2025 detailed wage row for this occupation.
9.0,31510,Marine engineering officer,3,ASSOCIATE PROFESSIONALS AND TECHNICIANS,31,315,3151,scored,0.23,0.23,0.23,27.8,275.5,987,Not Exposed,Not Exposed,Not Exposed,0.05,0.05,0.05,3151,3151,,one_to_one,official_crosswalk,2658,3850,4954,2794,4025,5369,2025-06,mom_occupational_wages_2025,0,,,published_broad_occupation_group,pmet,2026 Q1,2026-08-19,Exposure measures task overlap with current GenAI capabilities; it is not a job-loss probability or forecast.
9.0,31521,Ship’s deck navigating officer,3,ASSOCIATE PROFESSIONALS AND TECHNICIANS,31,315,3152,scored,0.29,0.29,0.29,47,464,987,Not Exposed,Not Exposed,Not Exposed,0.11,0.11,0.11,3152,3152,,one_to_one,official_crosswalk,,,,,,,,,0,,,published_broad_occupation_group,pmet,2026 Q1,2026-08-19,Exposure measures task overlap with current GenAI capabilities; it is not a job-loss probability or forecast.|MOM does not publish a 2025 detailed wage row for this occupation.
9.0,31522,Harbour pilot,3,ASSOCIATE PROFESSIONALS AND TECHNICIANS,31,315,3152,scored,0.29,0.29,0.29,47,464,987,Not Exposed,Not Exposed,Not Exposed,0.11,0.11,0.11,3152,3152,,one_to_one,official_crosswalk,,,,,,,,,0,,,published_broad_occupation_group,pmet,2026 Q1,2026-08-19,Exposure measures task overlap with current GenAI capabilities; it is not a job-loss probability or forecast.|MOM does not publish a 2025 detailed wage row for this occupation.
9.0,31529,Ship’s deck officer/pilot n.e.c.,3,ASSOCIATE PROFESSIONALS AND TECHNICIANS,31,315,3152,scored,0.29,0.29,0.29,47,464,987,Not Exposed,Not Exposed,Not Exposed,0.11,0.11,0.11,3152,3152,,one_to_one,official_crosswalk,,,,,,,,,0,,,published_broad_occupation_group,pmet,2026 Q1,2026-08-19,Exposure measures task overlap with current GenAI capabilities; it is not a job-loss probability or forecast.|MOM does not publish a 2025 detailed wage row for this occupation.
9.0,31540,Air traffic controller,3,ASSOCIATE PROFESSIONALS AND TECHNICIANS,31,315,3154,scored,0.31,0.31,0.31,51,503.5,987,Minimal Exposure,Minimal Exposure,Minimal Exposure,0.09,0.09,0.09,3154,3154,,one_to_one,official_crosswalk,,,,,,,,,0,,,published_broad_occupation_group,pmet,2026 Q1,2026-08-19,Exposure measures task overlap with current GenAI capabilities; it is not a job-loss probability or forecast.|MOM does not publish a 2025 detailed wage row for this occupation.
9.0,31560,Sea traffic controller,3,ASSOCIATE PROFESSIONALS AND TECHNICIANS,31,315,3156,scored,0.29,0.29,0.29,47,464,987,Not Exposed,Not Exposed,Not Exposed,0.11,0.11,0.11,3152,3152,,one_to_one,official_crosswalk,,,,,,,,,0,,,published_broad_occupation_group,pmet,2026 Q1,2026-08-19,Exposure measures task overlap with current GenAI capabilities; it is not a job-loss probability or forecast.|MOM does not publish a 2025 detailed wage row for this occupation.
9.0,31571,Air transport service supervisor,3,ASSOCIATE PROFESSIONALS AND TECHNICIANS,31,315,3157,scored,0.38,0.38,0.38,67.6,667.5,987,Minimal Exposure,Minimal Exposure,Minimal Exposure,0.05,0.05,0.05,1324,1324,,one_to_one,official_crosswalk,3101,3895,4604,3110,3919,4618,2025-06,mom_occupational_wages_2025,0,,,published_broad_occupation_group,pmet,2026 Q1,2026-08-19,Exposure measures task overlap with current GenAI capabilities; it is not a job-loss probability or forecast.
9.0,31572,Train service supervisor,3,ASSOCIATE PROFESSIONALS AND TECHNICIANS,31,315,3157,scored,0.38,0.38,0.38,67.6,667.5,987,Minimal Exposure,Minimal Exposure,Minimal Exposure,0.05,0.05,0.05,1324,1324,,one_to_one,official_crosswalk,2312,2622,3380,2668,3030,3900,2025-06,mom_occupational_wages_2025,0,,,published_broad_occupation_group,pmet,2026 Q1,2026-08-19,Exposure measures task overlap with current GenAI capabilities; it is not a job-loss probability or forecast.
9.0,31573,Road transport supervisor,3,ASSOCIATE PROFESSIONALS AND TECHNICIANS,31,315,3157,scored,0.38,0.38,0.38,67.6,667.5,987,Minimal Exposure,Minimal Exposure,Minimal Exposure,0.05,0.05,0.05,1324,1324,,one_to_one,official_crosswalk,2800,3140,3621,3333,3812,4226,2025-06,mom_occupational_wages_2025,0,,,published_broad_occupation_group,pmet,2026 Q1,2026-08-19,Exposure measures task overlap with current GenAI capabilities; it is not a job-loss probability or forecast.
9.0,31574,Port/Shipping operations supervisor,3,ASSOCIATE PROFESSIONALS AND TECHNICIANS,31,315,3157,scored,0.38,0.38,0.38,67.6,667.5,987,Minimal Exposure,Minimal Exposure,Minimal Exposure,0.05,0.05,0.05,1324,1324,,one_to_one,official_crosswalk,3802,5121,6977,4170,5477,7852,2025-06,mom_occupational_wages_2025,0,,,published_broad_occupation_group,pmet,2026 Q1,2026-08-19,Exposure measures task overlap with current GenAI capabilities; it is not a job-loss probability or forecast.
9.0,31579,Transport operations supervisor n.e.c.,3,ASSOCIATE PROFESSIONALS AND TECHNICIANS,31,315,3157,scored,0.38,0.38,0.38,67.6,667.5,987,Minimal Exposure,Minimal Exposure,Minimal Exposure,0.05,0.05,0.05,1324,1324,,one_to_one,official_crosswalk,,,,,,,,,0,,,published_broad_occupation_group,pmet,2026 Q1,2026-08-19,Exposure measures task overlap with current GenAI capabilities; it is not a job-loss probability or forecast.|MOM does not publish a 2025 detailed wage row for this occupation.
9.0,31591,Port master/Dockmaster,3,ASSOCIATE PROFESSIONALS AND TECHNICIANS,31,315,3159,scored,0.29,0.29,0.29,47,464,987,Not Exposed,Not Exposed,Not Exposed,0.11,0.11,0.11,3152,3152,,one_to_one,official_crosswalk,,,,,,,,,0,,,published_broad_occupation_group,pmet,2026 Q1,2026-08-19,Exposure measures task overlap with current GenAI capabilities; it is not a job-loss probability or forecast.|MOM does not publish a 2025 detailed wage row for this occupation.
9.0,31592,Port captain,3,ASSOCIATE PROFESSIONALS AND TECHNICIANS,31,315,3159,scored,0.29,0.29,0.29,47,464,987,Not Exposed,Not Exposed,Not Exposed,0.11,0.11,0.11,3152,3152,,one_to_one,official_crosswalk,,,,,,,,,0,,,published_broad_occupation_group,pmet,2026 Q1,2026-08-19,Exposure measures task overlap with current GenAI capabilities; it is not a job-loss probability or forecast.|MOM does not publish a 2025 detailed wage row for this occupation.
9.0,31593,Flight operations officer,3,ASSOCIATE PROFESSIONALS AND TECHNICIANS,31,315,3159,scored,0.27,0.27,0.27,38.1,377,987,Not Exposed,Not Exposed,Not Exposed,0.05,0.05,0.05,3153,3153,,one_to_one,official_crosswalk,3904,4663,5772,3985,4813,6105,2025-06,mom_occupational_wages_2025,0,,,published_broad_occupation_group,pmet,2026 Q1,2026-08-19,Exposure measures task overlap with current GenAI capabilities; it is not a job-loss probability or forecast.
9.0,31594,Air cargo officer,3,ASSOCIATE PROFESSIONALS AND TECHNICIANS,31,315,3159,scored,0.5,0.5,0.5,87.4,863,987,Exposed: Gradient 3,Exposed: Gradient 3,Exposed: Gradient 3,0.1,0.1,0.1,4323,4323,,one_to_one,official_crosswalk,3215,3926,4926,3300,4000,4926,2025-06,mom_occupational_wages_2025,0,,,published_broad_occupation_group,pmet,2026 Q1,2026-08-19,Exposure measures task overlap with current GenAI capabilities; it is not a job-loss probability or forecast.
9.0,31595,Load control officer (aircraft),3,ASSOCIATE PROFESSIONALS AND TECHNICIANS,31,315,3159,scored,0.5,0.5,0.5,87.4,863,987,Exposed: Gradient 3,Exposed: Gradient 3,Exposed: Gradient 3,0.1,0.1,0.1,4323,4323,,one_to_one,official_crosswalk,,,,,,,,,0,,,published_broad_occupation_group,pmet,2026 Q1,2026-08-19,Exposure measures task overlap with current GenAI capabilities; it is not a job-loss probability or forecast.|MOM does not publish a 2025 detailed wage row for this occupation.
9.0,31596,Train operations officer,3,ASSOCIATE PROFESSIONALS AND TECHNICIANS,31,315,3159,scored,0.5,0.5,0.5,87.4,863,987,Exposed: Gradient 3,Exposed: Gradient 3,Exposed: Gradient 3,0.1,0.1,0.1,4323,4323,,one_to_one,official_crosswalk,2710,3150,3700,3108,3711,4374,2025-06,mom_occupational_wages_2025,0,,,published_broad_occupation_group,pmet,2026 Q1,2026-08-19,Exposure measures task overlap with current GenAI capabilities; it is not a job-loss probability or forecast.
9.0,31597,Road transport operations officer,3,ASSOCIATE PROFESSIONALS AND TECHNICIANS,31,315,3159,scored,0.5,0.5,0.5,87.4,863,987,Exposed: Gradient 3,Exposed: Gradient 3,Exposed: Gradient 3,0.1,0.1,0.1,4323,4323,,one_to_one,official_crosswalk,2526,2985,3553,2951,3800,4560,2025-06,mom_occupational_wages_2025,0,,,published_broad_occupation_group,pmet,2026 Q1,2026-08-19,Exposure measures task overlap with current GenAI capabilities; it is not a job-loss probability or forecast.
9.0,31599,Other transport controller and related worker n.e.c.,3,ASSOCIATE PROFESSIONALS AND TECHNICIANS,31,315,3159,scored,0.29,0.27,0.5,47,464,987,Not Exposed|Exposed: Gradient 3,Not Exposed,Exposed: Gradient 3,0.1,0.05,0.11,4323|3153|3152,4323|3153|3152,,partial,official_crosswalk,,,,,,,,,0,,,published_broad_occupation_group,pmet,2026 Q1,2026-08-19,Exposure measures task overlap with current GenAI capabilities; it is not a job-loss probability or forecast.|SSOC maps to multiple ISCO groups without official employment weights; the median and range are shown.|MOM does not publish a 2025 detailed wage row for this occupation.
9.0,31601,Premises/Facilities maintenance officer,3,ASSOCIATE PROFESSIONALS AND TECHNICIANS,31,316,3160,scored,0.27,0.27,0.27,38.1,377,987,Minimal Exposure,Minimal Exposure,Minimal Exposure,0.16,0.16,0.16,5153,5153,,one_to_one,official_crosswalk,3079,3817,4746,3165,3933,4900,2025-06,mom_occupational_wages_2025,0,,,published_broad_occupation_group,pmet,2026 Q1,2026-08-19,Exposure measures task overlap with current GenAI capabilities; it is not a job-loss probability or forecast.
9.0,31602,Landscape operations officer,3,ASSOCIATE PROFESSIONALS AND TECHNICIANS,31,316,3160,scored,0.21,0.21,0.21,23.9,236.5,987,Not Exposed,Not Exposed,Not Exposed,0.07,0.07,0.07,3143,3143,,one_to_one,official_crosswalk,2200,3262,4056,2272,3287,4115,2025-06,mom_occupational_wages_2025,0,,,published_broad_occupation_group,pmet,2026 Q1,2026-08-19,Exposure measures task overlap with current GenAI capabilities; it is not a job-loss probability or forecast.
9.0,31603,Parks officer,3,ASSOCIATE PROFESSIONALS AND TECHNICIANS,31,316,3160,scored,0.21,0.21,0.21,23.9,236.5,987,Not Exposed,Not Exposed,Not Exposed,0.07,0.07,0.07,3143,3143,,one_to_one,official_crosswalk,,,,,,,,,0,,,published_broad_occupation_group,pmet,2026 Q1,2026-08-19,Exposure measures task overlap with current GenAI capabilities; it is not a job-loss probability or forecast.|MOM does not publish a 2025 detailed wage row for this occupation.
9.0,31711,Fire and safety inspector,3,ASSOCIATE PROFESSIONALS AND TECHNICIANS,31,317,3171,scored,0.27,0.26,0.28,38.1,377,987,Not Exposed,Not Exposed,Not Exposed,0.06,0.05,0.07,3119|3112,3119|3112,,partial,official_crosswalk,3501,4697,6475,3645,4925,6653,2025-06,mom_occupational_wages_2025,0,,,published_broad_occupation_group,pmet,2026 Q1,2026-08-19,Exposure measures task overlap with current GenAI capabilities; it is not a job-loss probability or forecast.|SSOC maps to multiple ISCO groups without official employment weights; the median and range are shown.
9.0,31719,Building/Fire inspector n.e.c.,3,ASSOCIATE PROFESSIONALS AND TECHNICIANS,31,317,3171,scored,0.27,0.26,0.28,38.1,377,987,Not Exposed,Not Exposed,Not Exposed,0.06,0.05,0.07,3119|3112,3119|3112,,partial,official_crosswalk,,,,,,,,,0,,,published_broad_occupation_group,pmet,2026 Q1,2026-08-19,Exposure measures task overlap with current GenAI capabilities; it is not a job-loss probability or forecast.|SSOC maps to multiple ISCO groups without official employment weights; the median and range are shown.|MOM does not publish a 2025 detailed wage row for this occupation.
9.0,31720,Safety inspector (vehicles/processes/products),3,ASSOCIATE PROFESSIONALS AND TECHNICIANS,31,317,3172,scored,0.25,0.24,0.26,31.1,307.5,987,Not Exposed,Not Exposed,Not Exposed,0.045,0.04,0.05,3257|3119,3257|3119,,partial,official_crosswalk,2616,3489,4603,2769,3844,4938,2025-06,mom_occupational_wages_2025,0,,,published_broad_occupation_group,pmet,2026 Q1,2026-08-19,Exposure measures task overlap with current GenAI capabilities; it is not a job-loss probability or forecast.|SSOC maps to multiple ISCO groups without official employment weights; the median and range are shown.
9.0,32111,Sonographer,3,ASSOCIATE PROFESSIONALS AND TECHNICIANS,32,321,3211,scored,0.22,0.22,0.22,26.2,259,987,Not Exposed,Not Exposed,Not Exposed,0.03,0.03,0.03,3211,3211,,one_to_one,official_crosswalk,4718,5692,7009,4718,5709,7030,2025-06,mom_occupational_wages_2025,0,,,published_broad_occupation_group,pmet,2026 Q1,2026-08-19,Exposure measures task overlap with current GenAI capabilities; it is not a job-loss probability or forecast.
9.0,32112,Medical X-ray technician,3,ASSOCIATE PROFESSIONALS AND TECHNICIANS,32,321,3211,scored,0.22,0.22,0.22,26.2,259,987,Not Exposed,Not Exposed,Not Exposed,0.03,0.03,0.03,3211,3211,,one_to_one,official_crosswalk,,,,,,,,,0,,,published_broad_occupation_group,pmet,2026 Q1,2026-08-19,Exposure measures task overlap with current GenAI capabilities; it is not a job-loss probability or forecast.|MOM does not publish a 2025 detailed wage row for this occupation.
9.0,32119,Medical imaging/therapeutic equipment technician n.e.c.,3,ASSOCIATE PROFESSIONALS AND TECHNICIANS,32,321,3211,scored,0.22,0.22,0.22,26.2,259,987,Not Exposed,Not Exposed,Not Exposed,0.03,0.03,0.03,3211,3211,,one_to_one,official_crosswalk,,,,,,,,,0,,,published_broad_occupation_group,pmet,2026 Q1,2026-08-19,Exposure measures task overlap with current GenAI capabilities; it is not a job-loss probability or forecast.|MOM does not publish a 2025 detailed wage row for this occupation.
9.0,32120,Medical/Pathology laboratory technician,3,ASSOCIATE PROFESSIONALS AND TECHNICIANS,32,321,3212,scored,0.31,0.31,0.31,51,503.5,987,Minimal Exposure,Minimal Exposure,Minimal Exposure,0.16,0.16,0.16,3212,3212,,one_to_one,official_crosswalk,3728,4453,5803,3858,4655,5937,2025-06,mom_occupational_wages_2025,0,,,published_broad_occupation_group,pmet,2026 Q1,2026-08-19,Exposure measures task overlap with current GenAI capabilities; it is not a job-loss probability or forecast.
9.0,32130,Pharmacy technician,3,ASSOCIATE PROFESSIONALS AND TECHNICIANS,32,321,3213,scored,0.3,0.3,0.3,49.4,488,987,Minimal Exposure,Minimal Exposure,Minimal Exposure,0.12,0.12,0.12,3213,3213,,one_to_one,official_crosswalk,2714,3217,4063,2741,3260,4130,2025-06,mom_occupational_wages_2025,0,,,published_broad_occupation_group,pmet,2026 Q1,2026-08-19,Exposure measures task overlap with current GenAI capabilities; it is not a job-loss probability or forecast.
9.0,32141,Prosthetist/Orthotist,3,ASSOCIATE PROFESSIONALS AND TECHNICIANS,32,321,3214,scored,0.18,0.18,0.18,17.4,172.5,987,Not Exposed,Not Exposed,Not Exposed,0.05,0.05,0.05,3214,3214,,one_to_one,official_crosswalk,,,,,,,,,0,,,published_broad_occupation_group,pmet,2026 Q1,2026-08-19,Exposure measures task overlap with current GenAI capabilities; it is not a job-loss probability or forecast.|MOM does not publish a 2025 detailed wage row for this occupation.
9.0,32142,Prosthetic/Orthotic technician,3,ASSOCIATE PROFESSIONALS AND TECHNICIANS,32,321,3214,scored,0.18,0.18,0.18,17.4,172.5,987,Not Exposed,Not Exposed,Not Exposed,0.05,0.05,0.05,3214,3214,,one_to_one,official_crosswalk,,,,,,,,,0,,,published_broad_occupation_group,pmet,2026 Q1,2026-08-19,Exposure measures task overlap with current GenAI capabilities; it is not a job-loss probability or forecast.|MOM does not publish a 2025 detailed wage row for this occupation.
9.0,32143,Dental technician,3,ASSOCIATE PROFESSIONALS AND TECHNICIANS,32,321,3214,scored,0.18,0.18,0.18,17.4,172.5,987,Not Exposed,Not Exposed,Not Exposed,0.05,0.05,0.05,3214,3214,,one_to_one,official_crosswalk,2420,2978,3540,2500,2990,3540,2025-06,mom_occupational_wages_2025,0,,,published_broad_occupation_group,pmet,2026 Q1,2026-08-19,Exposure measures task overlap with current GenAI capabilities; it is not a job-loss probability or forecast.
9.0,32200,Enrolled/Assistant nurse (excluding registered nurse),3,ASSOCIATE PROFESSIONALS AND TECHNICIANS,32,322,3220,scored,0.22,0.2,0.35,26.2,259,987,Not Exposed|Minimal Exposure|Exposed: Gradient 1,Not Exposed,Exposed: Gradient 1,0.21,0.07,0.23,3256|3222|3221,3256|3222|3221,,partial,official_crosswalk,2695,3280,4015,2824,3439,4279,2025-06,mom_occupational_wages_2025,1,mom_jobs_in_demand_2025,Nurse,published_broad_occupation_group,pmet,2026 Q1,2026-08-19,Exposure measures task overlap with current GenAI capabilities; it is not a job-loss probability or forecast.|SSOC maps to multiple ISCO groups without official employment weights; the median and range are shown.
9.0,32300,Traditional and complementary medicine associate professional,3,ASSOCIATE PROFESSIONALS AND TECHNICIANS,32,323,3230,scored,0.19,0.19,0.19,19.8,196.5,987,Not Exposed,Not Exposed,Not Exposed,0.11,0.11,0.11,3230,3230,,one_to_one,official_crosswalk,,,,,,,,,0,,,published_broad_occupation_group,pmet,2026 Q1,2026-08-19,Exposure measures task overlap with current GenAI capabilities; it is not a job-loss probability or forecast.|MOM does not publish a 2025 detailed wage row for this occupation.
9.0,32400,Veterinary technician/assistant,3,ASSOCIATE PROFESSIONALS AND TECHNICIANS,32,324,3240,scored,0.14,0.14,0.14,9,89.5,987,Not Exposed,Not Exposed,Not Exposed,0.02,0.02,0.02,3240,3240,,one_to_one,official_crosswalk,3309,4098,5348,3309,4210,5402,2025-06,mom_occupational_wages_2025,0,,,published_broad_occupation_group,pmet,2026 Q1,2026-08-19,Exposure measures task overlap with current GenAI capabilities; it is not a job-loss probability or forecast.
9.0,32510,Oral health therapist,3,ASSOCIATE PROFESSIONALS AND TECHNICIANS,32,325,3251,scored,0.16,0.16,0.16,12.6,125,987,Not Exposed,Not Exposed,Not Exposed,0.1,0.1,0.1,3251,3251,,one_to_one,official_crosswalk,,,,,,,,,0,,,published_broad_occupation_group,pmet,2026 Q1,2026-08-19,Exposure measures task overlap with current GenAI capabilities; it is not a job-loss probability or forecast.|MOM does not publish a 2025 detailed wage row for this occupation.
9.0,32530,Community health worker,3,ASSOCIATE PROFESSIONALS AND TECHNICIANS,32,325,3253,scored,0.22,0.22,0.22,26.2,259,987,Not Exposed,Not Exposed,Not Exposed,0.08,0.08,0.08,3253,3253,,one_to_one,official_crosswalk,,,,,,,,,0,,,published_broad_occupation_group,pmet,2026 Q1,2026-08-19,Exposure measures task overlap with current GenAI capabilities; it is not a job-loss probability or forecast.|MOM does not publish a 2025 detailed wage row for this occupation.
9.0,32540,Optician,3,ASSOCIATE PROFESSIONALS AND TECHNICIANS,32,325,3254,scored,0.24,0.24,0.24,29.2,289,987,Not Exposed,Not Exposed,Not Exposed,0.07,0.07,0.07,3254,3254,,one_to_one,official_crosswalk,3216,3657,4500,3450,4250,5100,2025-06,mom_occupational_wages_2025,0,,,published_broad_occupation_group,pmet,2026 Q1,2026-08-19,Exposure measures task overlap with current GenAI capabilities; it is not a job-loss probability or forecast.
9.0,32551,Massage therapist,3,ASSOCIATE PROFESSIONALS AND TECHNICIANS,32,325,3255,scored,0.17,0.17,0.17,14.2,141,987,Not Exposed,Not Exposed,Not Exposed,0.07,0.07,0.07,3255,3255,,one_to_one,official_crosswalk,,,,,,,,,0,,,published_broad_occupation_group,pmet,2026 Q1,2026-08-19,Exposure measures task overlap with current GenAI capabilities; it is not a job-loss probability or forecast.|MOM does not publish a 2025 detailed wage row for this occupation.
9.0,32559,Physiotherapy technician and related associate professional n.e.c.,3,ASSOCIATE PROFESSIONALS AND TECHNICIANS,32,325,3255,scored,0.17,0.17,0.17,14.2,141,987,Not Exposed,Not Exposed,Not Exposed,0.07,0.07,0.07,3255,3255,,one_to_one,official_crosswalk,,,,,,,,,0,,,published_broad_occupation_group,pmet,2026 Q1,2026-08-19,Exposure measures task overlap with current GenAI capabilities; it is not a job-loss probability or forecast.|MOM does not publish a 2025 detailed wage row for this occupation.
9.0,32571,Environmental inspector (environmental public health),3,ASSOCIATE PROFESSIONALS AND TECHNICIANS,32,325,3257,scored,0.24,0.24,0.24,29.2,289,987,Not Exposed,Not Exposed,Not Exposed,0.04,0.04,0.04,3257,3257,,one_to_one,official_crosswalk,5000,7418,10120,5087,7470,10276,2025-06,mom_occupational_wages_2025,0,,,published_broad_occupation_group,pmet,2026 Q1,2026-08-19,Exposure measures task overlap with current GenAI capabilities; it is not a job-loss probability or forecast.
9.0,32572,Occupational health and safety inspector,3,ASSOCIATE PROFESSIONALS AND TECHNICIANS,32,325,3257,scored,0.24,0.24,0.24,29.2,289,987,Not Exposed,Not Exposed,Not Exposed,0.04,0.04,0.04,3257,3257,,one_to_one,official_crosswalk,3606,4848,6500,3780,5000,6530,2025-06,mom_occupational_wages_2025,0,,,published_broad_occupation_group,pmet,2026 Q1,2026-08-19,Exposure measures task overlap with current GenAI capabilities; it is not a job-loss probability or forecast.
9.0,32591,Paramedic,3,ASSOCIATE PROFESSIONALS AND TECHNICIANS,32,325,3259,scored,0.225,0.22,0.23,27.5,272,987,Not Exposed,Not Exposed,Not Exposed,0.15,0.13,0.17,3258|2240,3258|2240,,partial,official_crosswalk,2060,2440,3000,3052,3724,4570,2025-06,mom_occupational_wages_2025,0,,,published_broad_occupation_group,pmet,2026 Q1,2026-08-19,Exposure measures task overlap with current GenAI capabilities; it is not a job-loss probability or forecast.|SSOC maps to multiple ISCO groups without official employment weights; the median and range are shown.
9.0,32599,Other health associate professional n.e.c.,3,ASSOCIATE PROFESSIONALS AND TECHNICIANS,32,325,3259,scored,0.3,0.3,0.3,49.4,488,987,Minimal Exposure,Minimal Exposure,Minimal Exposure,0.15,0.15,0.15,3259,3259,,one_to_one,official_crosswalk,,,,,,,,,0,,,published_broad_occupation_group,pmet,2026 Q1,2026-08-19,Exposure measures task overlap with current GenAI capabilities; it is not a job-loss probability or forecast.|MOM does not publish a 2025 detailed wage row for this occupation.
9.0,33120,Credit/Loans officer,3,ASSOCIATE PROFESSIONALS AND TECHNICIANS,33,331,3312,scored,0.6,0.6,0.6,96.5,952,987,Exposed: Gradient 4,Exposed: Gradient 4,Exposed: Gradient 4,0.04,0.04,0.04,3312,3312,,one_to_one,official_crosswalk,3852,4826,5023,4000,4826,5673,2025-06,mom_occupational_wages_2025,0,,,published_broad_occupation_group,pmet,2026 Q1,2026-08-19,Exposure measures task overlap with current GenAI capabilities; it is not a job-loss probability or forecast.
9.0,33131,Assistant accountant,3,ASSOCIATE PROFESSIONALS AND TECHNICIANS,33,331,3313,scored,0.49,0.49,0.49,85.4,843.5,987,Exposed: Gradient 2,Exposed: Gradient 2,Exposed: Gradient 2,0.13,0.13,0.13,3313,3313,,one_to_one,official_crosswalk,3481,4264,5237,3568,4364,5331,2025-06,mom_occupational_wages_2025,0,,,published_broad_occupation_group,pmet,2026 Q1,2026-08-19,Exposure measures task overlap with current GenAI capabilities; it is not a job-loss probability or forecast.
9.0,33132,Audit associate professional,3,ASSOCIATE PROFESSIONALS AND TECHNICIANS,33,331,3313,scored,0.49,0.49,0.49,85.4,843.5,987,Exposed: Gradient 2,Exposed: Gradient 2,Exposed: Gradient 2,0.13,0.13,0.13,3313,3313,,one_to_one,official_crosswalk,4093,5600,7270,4200,5600,7450,2025-06,mom_occupational_wages_2025,0,,,published_broad_occupation_group,pmet,2026 Q1,2026-08-19,Exposure measures task overlap with current GenAI capabilities; it is not a job-loss probability or forecast.
9.0,33133,Tax associate professional,3,ASSOCIATE PROFESSIONALS AND TECHNICIANS,33,331,3313,scored,0.49,0.49,0.49,85.4,843.5,987,Exposed: Gradient 2,Exposed: Gradient 2,Exposed: Gradient 2,0.13,0.13,0.13,3313,3313,,one_to_one,official_crosswalk,3300,4043,5150,3460,4131,5200,2025-06,mom_occupational_wages_2025,0,,,published_broad_occupation_group,pmet,2026 Q1,2026-08-19,Exposure measures task overlap with current GenAI capabilities; it is not a job-loss probability or forecast.
9.0,33151,Appraiser/Valuer (excluding intangible asset valuer),3,ASSOCIATE PROFESSIONALS AND TECHNICIANS,33,331,3315,scored,0.45,0.45,0.45,80.8,797.5,987,Exposed: Gradient 2,Exposed: Gradient 2,Exposed: Gradient 2,0.19,0.19,0.19,3315,3315,,one_to_one,official_crosswalk,2720,3140,4554,2833,3296,4800,2025-06,mom_occupational_wages_2025,0,,,published_broad_occupation_group,pmet,2026 Q1,2026-08-19,Exposure measures task overlap with current GenAI capabilities; it is not a job-loss probability or forecast.
9.0,33152,Assessor,3,ASSOCIATE PROFESSIONALS AND TECHNICIANS,33,331,3315,scored,0.45,0.45,0.45,80.8,797.5,987,Exposed: Gradient 2,Exposed: Gradient 2,Exposed: Gradient 2,0.19,0.19,0.19,3315,3315,,one_to_one,official_crosswalk,3883,4976,6543,3910,5000,6628,2025-06,mom_occupational_wages_2025,0,,,published_broad_occupation_group,pmet,2026 Q1,2026-08-19,Exposure measures task overlap with current GenAI capabilities; it is not a job-loss probability or forecast.
9.0,33153,Intangible asset valuer,3,ASSOCIATE PROFESSIONALS AND TECHNICIANS,33,331,3315,scored,0.45,0.45,0.45,80.8,797.5,987,Exposed: Gradient 2,Exposed: Gradient 2,Exposed: Gradient 2,0.19,0.19,0.19,3315,3315,,one_to_one,official_crosswalk,,,,,,,,,0,,,published_broad_occupation_group,pmet,2026 Q1,2026-08-19,Exposure measures task overlap with current GenAI capabilities; it is not a job-loss probability or forecast.|MOM does not publish a 2025 detailed wage row for this occupation.
9.0,33160,Financial services back office administrator,3,ASSOCIATE PROFESSIONALS AND TECHNICIANS,33,331,3316,scored,0.6,0.6,0.6,96.5,952,987,Exposed: Gradient 4,Exposed: Gradient 4,Exposed: Gradient 4,0.04,0.04,0.04,3312,3312,,one_to_one,official_crosswalk,4594,5529,6755,4658,5868,7304,2025-06,mom_occupational_wages_2025,0,,,published_broad_occupation_group,pmet,2026 Q1,2026-08-19,Exposure measures task overlap with current GenAI capabilities; it is not a job-loss probability or forecast.
9.0,33211,Insurance sales agent/broker,3,ASSOCIATE PROFESSIONALS AND TECHNICIANS,33,332,3321,scored,0.53,0.53,0.53,89.7,885,987,Exposed: Gradient 3,Exposed: Gradient 3,Exposed: Gradient 3,0.12,0.12,0.12,3321,3321,,one_to_one,official_crosswalk,4500,6013,8800,4500,6050,8890,2025-06,mom_occupational_wages_2025,0,,,published_broad_occupation_group,pmet,2026 Q1,2026-08-19,Exposure measures task overlap with current GenAI capabilities; it is not a job-loss probability or forecast.
9.0,33219,Insurance representative and related associate professional n.e.c.,3,ASSOCIATE PROFESSIONALS AND TECHNICIANS,33,332,3321,scored,0.53,0.53,0.53,89.7,885,987,Exposed: Gradient 3,Exposed: Gradient 3,Exposed: Gradient 3,0.12,0.12,0.12,3321,3321,,one_to_one,official_crosswalk,,,,,,,,,0,,,published_broad_occupation_group,pmet,2026 Q1,2026-08-19,Exposure measures task overlap with current GenAI capabilities; it is not a job-loss probability or forecast.|MOM does not publish a 2025 detailed wage row for this occupation.
9.0,33221,Business development executive,3,ASSOCIATE PROFESSIONALS AND TECHNICIANS,33,332,3322,scored,0.49,0.49,0.49,85.4,843.5,987,Exposed: Gradient 2,Exposed: Gradient 2,Exposed: Gradient 2,0.08,0.08,0.08,3322,3322,,one_to_one,official_crosswalk,3542,4920,6428,3689,5084,6600,2025-06,mom_occupational_wages_2025,0,,,published_broad_occupation_group,pmet,2026 Q1,2026-08-19,Exposure measures task overlap with current GenAI capabilities; it is not a job-loss probability or forecast.
9.0,33222,After sales adviser/Client account service executive,3,ASSOCIATE PROFESSIONALS AND TECHNICIANS,33,332,3322,scored,0.49,0.49,0.49,85.4,843.5,987,Exposed: Gradient 2,Exposed: Gradient 2,Exposed: Gradient 2,0.08,0.08,0.08,3322,3322,,one_to_one,official_crosswalk,3459,4492,6115,3500,4500,6130,2025-06,mom_occupational_wages_2025,0,,,published_broad_occupation_group,pmet,2026 Q1,2026-08-19,Exposure measures task overlap with current GenAI capabilities; it is not a job-loss probability or forecast.
9.0,33223,Marketing and sales executive (food and beverage services),3,ASSOCIATE PROFESSIONALS AND TECHNICIANS,33,332,3322,scored,0.49,0.49,0.49,85.4,843.5,987,Exposed: Gradient 2,Exposed: Gradient 2,Exposed: Gradient 2,0.08,0.08,0.08,3322,3322,,one_to_one,official_crosswalk,1600,2680,4174,1600,2792,4520,2025-06,mom_occupational_wages_2025,0,,,published_broad_occupation_group,pmet,2026 Q1,2026-08-19,Exposure measures task overlap with current GenAI capabilities; it is not a job-loss probability or forecast.
9.0,33224,Online sales channel executive,3,ASSOCIATE PROFESSIONALS AND TECHNICIANS,33,332,3322,scored,0.49,0.49,0.49,85.4,843.5,987,Exposed: Gradient 2,Exposed: Gradient 2,Exposed: Gradient 2,0.08,0.08,0.08,3322,3322,,one_to_one,official_crosswalk,2968,3894,4988,3008,4065,5143,2025-06,mom_occupational_wages_2025,0,,,published_broad_occupation_group,pmet,2026 Q1,2026-08-19,Exposure measures task overlap with current GenAI capabilities; it is not a job-loss probability or forecast.
9.0,33225,Merchandising/Category executive,3,ASSOCIATE PROFESSIONALS AND TECHNICIANS,33,332,3322,scored,0.49,0.49,0.49,85.4,843.5,987,Exposed: Gradient 2,Exposed: Gradient 2,Exposed: Gradient 2,0.08,0.08,0.08,3322,3322,,one_to_one,official_crosswalk,2500,3300,4500,2776,3425,4700,2025-06,mom_occupational_wages_2025,0,,,published_broad_occupation_group,pmet,2026 Q1,2026-08-19,Exposure measures task overlap with current GenAI capabilities; it is not a job-loss probability or forecast.
9.0,33229,Commercial/Marketing sales executive n.e.c.,3,ASSOCIATE PROFESSIONALS AND TECHNICIANS,33,332,3322,scored,0.49,0.49,0.49,85.4,843.5,987,Exposed: Gradient 2,Exposed: Gradient 2,Exposed: Gradient 2,0.08,0.08,0.08,3322,3322,,one_to_one,official_crosswalk,,,,,,,,,0,,,published_broad_occupation_group,pmet,2026 Q1,2026-08-19,Exposure measures task overlap with current GenAI capabilities; it is not a job-loss probability or forecast.|MOM does not publish a 2025 detailed wage row for this occupation.
9.0,33231,Buyer,3,ASSOCIATE PROFESSIONALS AND TECHNICIANS,33,332,3323,scored,0.39,0.39,0.39,70.3,694.5,987,Minimal Exposure,Minimal Exposure,Minimal Exposure,0.08,0.08,0.08,3323,3323,,one_to_one,official_crosswalk,3707,4741,6210,3778,4842,6300,2025-06,mom_occupational_wages_2025,0,,,published_broad_occupation_group,pmet,2026 Q1,2026-08-19,Exposure measures task overlap with current GenAI capabilities; it is not a job-loss probability or forecast.
9.0,33232,Purchasing agent,3,ASSOCIATE PROFESSIONALS AND TECHNICIANS,33,332,3323,scored,0.39,0.39,0.39,70.3,694.5,987,Minimal Exposure,Minimal Exposure,Minimal Exposure,0.08,0.08,0.08,3323,3323,,one_to_one,official_crosswalk,3006,4000,5211,3053,4077,5353,2025-06,mom_occupational_wages_2025,0,,,published_broad_occupation_group,pmet,2026 Q1,2026-08-19,Exposure measures task overlap with current GenAI capabilities; it is not a job-loss probability or forecast.
9.0,33291,Intellectual property broker/transaction specialist,3,ASSOCIATE PROFESSIONALS AND TECHNICIANS,33,332,3329,scored,0.44,0.44,0.44,78.3,773,987,Exposed: Gradient 2,Exposed: Gradient 2,Exposed: Gradient 2,0.12,0.12,0.12,3339,3339,,one_to_one,official_crosswalk,,,,,,,,,0,,,published_broad_occupation_group,pmet,2026 Q1,2026-08-19,Exposure measures task overlap with current GenAI capabilities; it is not a job-loss probability or forecast.|MOM does not publish a 2025 detailed wage row for this occupation.
9.0,33299,Other sales and related associate professional n.e.c.,3,ASSOCIATE PROFESSIONALS AND TECHNICIANS,33,332,3329,scored,0.44,0.44,0.44,78.3,773,987,Exposed: Gradient 2,Exposed: Gradient 2,Exposed: Gradient 2,0.12,0.12,0.12,3339,3339,,one_to_one,official_crosswalk,,,,,,,,,0,,,published_broad_occupation_group,pmet,2026 Q1,2026-08-19,Exposure measures task overlap with current GenAI capabilities; it is not a job-loss probability or forecast.|MOM does not publish a 2025 detailed wage row for this occupation.
9.0,33311,Clearing/Forwarding agent,3,ASSOCIATE PROFESSIONALS AND TECHNICIANS,33,333,3331,scored,0.57,0.57,0.57,94.5,932.5,987,Exposed: Gradient 3,Exposed: Gradient 3,Exposed: Gradient 3,0.09,0.09,0.09,3331,3331,,one_to_one,official_crosswalk,3617,4172,5010,3740,4300,5330,2025-06,mom_occupational_wages_2025,0,,,published_broad_occupation_group,pmet,2026 Q1,2026-08-19,Exposure measures task overlap with current GenAI capabilities; it is not a job-loss probability or forecast.
9.0,33312,Shipping agent/Boarding officer,3,ASSOCIATE PROFESSIONALS AND TECHNICIANS,33,333,3331,scored,0.57,0.57,0.57,94.5,932.5,987,Exposed: Gradient 3,Exposed: Gradient 3,Exposed: Gradient 3,0.09,0.09,0.09,3331,3331,,one_to_one,official_crosswalk,2866,3729,5215,3000,3975,5350,2025-06,mom_occupational_wages_2025,0,,,published_broad_occupation_group,pmet,2026 Q1,2026-08-19,Exposure measures task overlap with current GenAI capabilities; it is not a job-loss probability or forecast.
9.0,33313,Freight inspector,3,ASSOCIATE PROFESSIONALS AND TECHNICIANS,33,333,3331,scored,0.57,0.57,0.57,94.5,932.5,987,Exposed: Gradient 3,Exposed: Gradient 3,Exposed: Gradient 3,0.09,0.09,0.09,3331,3331,,one_to_one,official_crosswalk,,,,,,,,,0,,,published_broad_occupation_group,pmet,2026 Q1,2026-08-19,Exposure measures task overlap with current GenAI capabilities; it is not a job-loss probability or forecast.|MOM does not publish a 2025 detailed wage row for this occupation.
9.0,33320,Exhibition/Conference/Event planner,3,ASSOCIATE PROFESSIONALS AND TECHNICIANS,33,333,3332,scored,0.48,0.48,0.48,83.7,826,987,Exposed: Gradient 2,Exposed: Gradient 2,Exposed: Gradient 2,0.14,0.14,0.14,3332,3332,,one_to_one,official_crosswalk,3200,4000,5200,3300,4097,5249,2025-06,mom_occupational_wages_2025,0,,,published_broad_occupation_group,pmet,2026 Q1,2026-08-19,Exposure measures task overlap with current GenAI capabilities; it is not a job-loss probability or forecast.
9.0,33330,Employment agent/Labour contractor,3,ASSOCIATE PROFESSIONALS AND TECHNICIANS,33,333,3333,scored,0.39,0.39,0.39,70.3,694.5,987,Minimal Exposure,Minimal Exposure,Minimal Exposure,0.09,0.09,0.09,3333,3333,,one_to_one,official_crosswalk,2300,4100,5688,2352,4313,5900,2025-06,mom_occupational_wages_2025,0,,,published_broad_occupation_group,pmet,2026 Q1,2026-08-19,Exposure measures task overlap with current GenAI capabilities; it is not a job-loss probability or forecast.
9.0,33340,Real estate agent,3,ASSOCIATE PROFESSIONALS AND TECHNICIANS,33,333,3334,scored,0.35,0.35,0.35,57.4,567,987,Minimal Exposure,Minimal Exposure,Minimal Exposure,0.09,0.09,0.09,3334,3334,,one_to_one,official_crosswalk,,,,,,,,,0,,,published_broad_occupation_group,pmet,2026 Q1,2026-08-19,Exposure measures task overlap with current GenAI capabilities; it is not a job-loss probability or forecast.|MOM does not publish a 2025 detailed wage row for this occupation.
9.0,33391,Auctioneer,3,ASSOCIATE PROFESSIONALS AND TECHNICIANS,33,333,3339,scored,0.44,0.44,0.44,78.3,773,987,Exposed: Gradient 2,Exposed: Gradient 2,Exposed: Gradient 2,0.12,0.12,0.12,3339,3339,,one_to_one,official_crosswalk,,,,,,,,,0,,,published_broad_occupation_group,pmet,2026 Q1,2026-08-19,Exposure measures task overlap with current GenAI capabilities; it is not a job-loss probability or forecast.|MOM does not publish a 2025 detailed wage row for this occupation.
9.0,33392,Advertising salesperson,3,ASSOCIATE PROFESSIONALS AND TECHNICIANS,33,333,3339,scored,0.44,0.44,0.44,78.3,773,987,Exposed: Gradient 2,Exposed: Gradient 2,Exposed: Gradient 2,0.12,0.12,0.12,3339,3339,,one_to_one,official_crosswalk,4999,5722,6407,4999,5722,6407,2025-06,mom_occupational_wages_2025,0,,,published_broad_occupation_group,pmet,2026 Q1,2026-08-19,Exposure measures task overlap with current GenAI capabilities; it is not a job-loss probability or forecast.
9.0,33393,International market agent/representative,3,ASSOCIATE PROFESSIONALS AND TECHNICIANS,33,333,3339,scored,0.44,0.44,0.44,78.3,773,987,Exposed: Gradient 2,Exposed: Gradient 2,Exposed: Gradient 2,0.12,0.12,0.12,3339,3339,,one_to_one,official_crosswalk,,,,,,,,,0,,,published_broad_occupation_group,pmet,2026 Q1,2026-08-19,Exposure measures task overlap with current GenAI capabilities; it is not a job-loss probability or forecast.|MOM does not publish a 2025 detailed wage row for this occupation.
9.0,33394,Safety/Security consultant,3,ASSOCIATE PROFESSIONALS AND TECHNICIANS,33,333,3339,scored,0.44,0.44,0.44,78.3,773,987,Exposed: Gradient 2,Exposed: Gradient 2,Exposed: Gradient 2,0.12,0.12,0.12,3339,3339,,one_to_one,official_crosswalk,4275,6200,7458,4354,6200,7458,2025-06,mom_occupational_wages_2025,0,,,published_broad_occupation_group,pmet,2026 Q1,2026-08-19,Exposure measures task overlap with current GenAI capabilities; it is not a job-loss probability or forecast.
9.0,33399,Other business services agent n.e.c.,3,ASSOCIATE PROFESSIONALS AND TECHNICIANS,33,333,3339,scored,0.44,0.44,0.44,78.3,773,987,Exposed: Gradient 2,Exposed: Gradient 2,Exposed: Gradient 2,0.12,0.12,0.12,3339,3339,,one_to_one,official_crosswalk,,,,,,,,,0,,,published_broad_occupation_group,pmet,2026 Q1,2026-08-19,Exposure measures task overlap with current GenAI capabilities; it is not a job-loss probability or forecast.|MOM does not publish a 2025 detailed wage row for this occupation.
9.0,33461,Logistics/Production planner,3,ASSOCIATE PROFESSIONALS AND TECHNICIANS,33,334,3346,scored,0.26,0.26,0.26,33.8,334,987,Not Exposed,Not Exposed,Not Exposed,0.05,0.05,0.05,3119,3119,,one_to_one,official_crosswalk,3180,4257,5787,3300,4442,5939,2025-06,mom_occupational_wages_2025,0,,,published_broad_occupation_group,pmet,2026 Q1,2026-08-19,Exposure measures task overlap with current GenAI capabilities; it is not a job-loss probability or forecast.
9.0,33462,Maintenance planner,3,ASSOCIATE PROFESSIONALS AND TECHNICIANS,33,334,3346,scored,0.26,0.26,0.26,33.8,334,987,Not Exposed,Not Exposed,Not Exposed,0.05,0.05,0.05,3119,3119,,one_to_one,official_crosswalk,3136,5100,6242,3150,5340,6492,2025-06,mom_occupational_wages_2025,0,,,published_broad_occupation_group,pmet,2026 Q1,2026-08-19,Exposure measures task overlap with current GenAI capabilities; it is not a job-loss probability or forecast.
9.0,33491,Management executive,3,ASSOCIATE PROFESSIONALS AND TECHNICIANS,33,334,3349,insufficient_evidence,,,,,,,,,,,,,,,,unmatched,unmatched,3509,4550,5509,3605,4584,5643,2025-06,mom_occupational_wages_2025,0,,,published_broad_occupation_group,pmet,2026 Q1,2026-08-19,Exposure measures task overlap with current GenAI capabilities; it is not a job-loss probability or forecast.|No usable ILO 2025 score exists for the official ISCO mapping.
9.0,33492,Operations officer (administrative),3,ASSOCIATE PROFESSIONALS AND TECHNICIANS,33,334,3349,insufficient_evidence,,,,,,,,,,,,,,,,unmatched,unmatched,2968,4000,5384,3100,4160,5568,2025-06,mom_occupational_wages_2025,0,,,published_broad_occupation_group,pmet,2026 Q1,2026-08-19,Exposure measures task overlap with current GenAI capabilities; it is not a job-loss probability or forecast.|No usable ILO 2025 score exists for the official ISCO mapping.
9.0,33493,Crewing executive (ship),3,ASSOCIATE PROFESSIONALS AND TECHNICIANS,33,334,3349,insufficient_evidence,,,,,,,,,,,,,,,,unmatched,unmatched,3956,4895,6131,4000,5000,6200,2025-06,mom_occupational_wages_2025,0,,,published_broad_occupation_group,pmet,2026 Q1,2026-08-19,Exposure measures task overlap with current GenAI capabilities; it is not a job-loss probability or forecast.|No usable ILO 2025 score exists for the official ISCO mapping.
9.0,33494,Executive secretary,3,ASSOCIATE PROFESSIONALS AND TECHNICIANS,33,334,3349,scored,0.54,0.54,0.54,90.2,890,987,Exposed: Gradient 3,Exposed: Gradient 3,Exposed: Gradient 3,0.14,0.14,0.14,3343,3343,,one_to_one,official_crosswalk,4030,5261,6898,4200,5500,7000,2025-06,mom_occupational_wages_2025,0,,,published_broad_occupation_group,pmet,2026 Q1,2026-08-19,Exposure measures task overlap with current GenAI capabilities; it is not a job-loss probability or forecast.
9.0,33499,Other administrative and related associate professional n.e.c.,3,ASSOCIATE PROFESSIONALS AND TECHNICIANS,33,334,3349,insufficient_evidence,,,,,,,,,,,,,,,,unmatched,unmatched,,,,,,,,,0,,,published_broad_occupation_group,pmet,2026 Q1,2026-08-19,Exposure measures task overlap with current GenAI capabilities; it is not a job-loss probability or forecast.|No usable ILO 2025 score exists for the official ISCO mapping.|MOM does not publish a 2025 detailed wage row for this occupation.
9.0,33510,Customs/Immigration officer,3,ASSOCIATE PROFESSIONALS AND TECHNICIANS,33,335,3351,scored,0.32,0.32,0.32,53,524,987,Minimal Exposure,Minimal Exposure,Minimal Exposure,0.14,0.14,0.14,3351,3351,,one_to_one,official_crosswalk,,,,,,,,,0,,,published_broad_occupation_group,pmet,2026 Q1,2026-08-19,Exposure measures task overlap with current GenAI capabilities; it is not a job-loss probability or forecast.|MOM does not publish a 2025 detailed wage row for this occupation.
9.0,33551,Police inspector,3,ASSOCIATE PROFESSIONALS AND TECHNICIANS,33,335,3355,scored,0.23,0.23,0.23,27.8,275.5,987,Not Exposed,Not Exposed,Not Exposed,0.07,0.07,0.07,3355,3355,,one_to_one,official_crosswalk,,,,,,,,,0,,,published_broad_occupation_group,pmet,2026 Q1,2026-08-19,Exposure measures task overlap with current GenAI capabilities; it is not a job-loss probability or forecast.|MOM does not publish a 2025 detailed wage row for this occupation.
9.0,33552,Auxiliary police officer supervisor,3,ASSOCIATE PROFESSIONALS AND TECHNICIANS,33,335,3355,scored,0.23,0.23,0.23,27.8,275.5,987,Not Exposed,Not Exposed,Not Exposed,0.07,0.07,0.07,3355,3355,,one_to_one,official_crosswalk,,,,,,,,,0,,,published_broad_occupation_group,pmet,2026 Q1,2026-08-19,Exposure measures task overlap with current GenAI capabilities; it is not a job-loss probability or forecast.|MOM does not publish a 2025 detailed wage row for this occupation.
9.0,33591,Government tax/excise official,3,ASSOCIATE PROFESSIONALS AND TECHNICIANS,33,335,3359,scored,0.49,0.49,0.49,85.4,843.5,987,Exposed: Gradient 2,Exposed: Gradient 2,Exposed: Gradient 2,0.12,0.12,0.12,3352,3352,,one_to_one,official_crosswalk,,,,,,,,,0,,,published_broad_occupation_group,pmet,2026 Q1,2026-08-19,Exposure measures task overlap with current GenAI capabilities; it is not a job-loss probability or forecast.|MOM does not publish a 2025 detailed wage row for this occupation.
9.0,33592,Government social benefits official,3,ASSOCIATE PROFESSIONALS AND TECHNICIANS,33,335,3359,scored,0.45,0.45,0.45,80.8,797.5,987,Exposed: Gradient 2,Exposed: Gradient 2,Exposed: Gradient 2,0.07,0.07,0.07,3353,3353,,one_to_one,official_crosswalk,,,,,,,,,0,,,published_broad_occupation_group,pmet,2026 Q1,2026-08-19,Exposure measures task overlap with current GenAI capabilities; it is not a job-loss probability or forecast.|MOM does not publish a 2025 detailed wage row for this occupation.
9.0,33593,Government licensing official,3,ASSOCIATE PROFESSIONALS AND TECHNICIANS,33,335,3359,scored,0.43,0.43,0.43,76.5,755.5,987,Exposed: Gradient 2,Exposed: Gradient 2,Exposed: Gradient 2,0.07,0.07,0.07,3354,3354,,one_to_one,official_crosswalk,,,,,,,,,0,,,published_broad_occupation_group,pmet,2026 Q1,2026-08-19,Exposure measures task overlap with current GenAI capabilities; it is not a job-loss probability or forecast.|MOM does not publish a 2025 detailed wage row for this occupation.
9.0,33599,Other government associate professional n.e.c.,3,ASSOCIATE PROFESSIONALS AND TECHNICIANS,33,335,3359,scored,0.36,0.36,0.36,60.2,594.5,987,Minimal Exposure,Minimal Exposure,Minimal Exposure,0.1,0.1,0.1,3359,3359,,one_to_one,official_crosswalk,,,,,,,,,0,,,published_broad_occupation_group,pmet,2026 Q1,2026-08-19,Exposure measures task overlap with current GenAI capabilities; it is not a job-loss probability or forecast.|MOM does not publish a 2025 detailed wage row for this occupation.
9.0,33601,Air transport equipment project executive,3,ASSOCIATE PROFESSIONALS AND TECHNICIANS,33,336,3360,scored,0.26,0.26,0.26,33.8,334,987,Not Exposed,Not Exposed,Not Exposed,0.05,0.05,0.05,3119,3119,,one_to_one,official_crosswalk,3531,3989,4749,3531,3989,4749,2025-06,mom_occupational_wages_2025,0,,,published_broad_occupation_group,pmet,2026 Q1,2026-08-19,Exposure measures task overlap with current GenAI capabilities; it is not a job-loss probability or forecast.
9.0,33602,Rail transport equipment project executive,3,ASSOCIATE PROFESSIONALS AND TECHNICIANS,33,336,3360,scored,0.26,0.26,0.26,33.8,334,987,Not Exposed,Not Exposed,Not Exposed,0.05,0.05,0.05,3119,3119,,one_to_one,official_crosswalk,,,,,,,,,0,,,published_broad_occupation_group,pmet,2026 Q1,2026-08-19,Exposure measures task overlap with current GenAI capabilities; it is not a job-loss probability or forecast.|MOM does not publish a 2025 detailed wage row for this occupation.
9.0,33603,Road transport equipment project executive,3,ASSOCIATE PROFESSIONALS AND TECHNICIANS,33,336,3360,scored,0.26,0.26,0.26,33.8,334,987,Not Exposed,Not Exposed,Not Exposed,0.05,0.05,0.05,3119,3119,,one_to_one,official_crosswalk,,,,,,,,,0,,,published_broad_occupation_group,pmet,2026 Q1,2026-08-19,Exposure measures task overlap with current GenAI capabilities; it is not a job-loss probability or forecast.|MOM does not publish a 2025 detailed wage row for this occupation.
9.0,33609,Transport equipment project executive n.e.c.,3,ASSOCIATE PROFESSIONALS AND TECHNICIANS,33,336,3360,scored,0.26,0.26,0.26,33.8,334,987,Not Exposed,Not Exposed,Not Exposed,0.05,0.05,0.05,3119,3119,,one_to_one,official_crosswalk,,,,,,,,,0,,,published_broad_occupation_group,pmet,2026 Q1,2026-08-19,Exposure measures task overlap with current GenAI capabilities; it is not a job-loss probability or forecast.|MOM does not publish a 2025 detailed wage row for this occupation.
9.0,34110,Legal associate professional,3,ASSOCIATE PROFESSIONALS AND TECHNICIANS,34,341,3411,scored,0.39,0.39,0.39,70.3,694.5,987,Exposed: Gradient 1,Exposed: Gradient 1,Exposed: Gradient 1,0.14,0.14,0.14,3411,3411,,one_to_one,official_crosswalk,4056,5590,7941,4300,5725,8166,2025-06,mom_occupational_wages_2025,0,,,published_broad_occupation_group,pmet,2026 Q1,2026-08-19,Exposure measures task overlap with current GenAI capabilities; it is not a job-loss probability or forecast.
9.0,34121,Youth work associate,3,ASSOCIATE PROFESSIONALS AND TECHNICIANS,34,341,3412,scored,0.33,0.33,0.33,54.9,542.5,987,Minimal Exposure,Minimal Exposure,Minimal Exposure,0.13,0.13,0.13,3412,3412,,one_to_one,official_crosswalk,3291,3985,4717,3300,4010,4717,2025-06,mom_occupational_wages_2025,0,,,published_broad_occupation_group,pmet,2026 Q1,2026-08-19,Exposure measures task overlap with current GenAI capabilities; it is not a job-loss probability or forecast.
9.0,34122,Social work associate,3,ASSOCIATE PROFESSIONALS AND TECHNICIANS,34,341,3412,scored,0.33,0.33,0.33,54.9,542.5,987,Minimal Exposure,Minimal Exposure,Minimal Exposure,0.13,0.13,0.13,3412,3412,,one_to_one,official_crosswalk,3070,4010,4820,3070,4037,4922,2025-06,mom_occupational_wages_2025,0,,,published_broad_occupation_group,pmet,2026 Q1,2026-08-19,Exposure measures task overlap with current GenAI capabilities; it is not a job-loss probability or forecast.
9.0,34123,Volunteer executive,3,ASSOCIATE PROFESSIONALS AND TECHNICIANS,34,341,3412,scored,0.33,0.33,0.33,54.9,542.5,987,Minimal Exposure,Minimal Exposure,Minimal Exposure,0.13,0.13,0.13,3412,3412,,one_to_one,official_crosswalk,3250,3975,4954,3367,3985,4995,2025-06,mom_occupational_wages_2025,0,,,published_broad_occupation_group,pmet,2026 Q1,2026-08-19,Exposure measures task overlap with current GenAI capabilities; it is not a job-loss probability or forecast.
9.0,34210,Athlete/Sportsperson,3,ASSOCIATE PROFESSIONALS AND TECHNICIANS,34,342,3421,scored,0.23,0.23,0.23,27.8,275.5,987,Not Exposed,Not Exposed,Not Exposed,0.11,0.11,0.11,3421,3421,,one_to_one,official_crosswalk,,,,,,,,,0,,,published_broad_occupation_group,pmet,2026 Q1,2026-08-19,Exposure measures task overlap with current GenAI capabilities; it is not a job-loss probability or forecast.|MOM does not publish a 2025 detailed wage row for this occupation.
9.0,34221,Sports coach,3,ASSOCIATE PROFESSIONALS AND TECHNICIANS,34,342,3422,scored,0.37,0.37,0.37,63.6,628.5,987,Minimal Exposure,Minimal Exposure,Minimal Exposure,0.12,0.12,0.12,3422,3422,,one_to_one,official_crosswalk,2300,3495,4807,2438,3600,5000,2025-06,mom_occupational_wages_2025,0,,,published_broad_occupation_group,pmet,2026 Q1,2026-08-19,Exposure measures task overlap with current GenAI capabilities; it is not a job-loss probability or forecast.
9.0,34222,Martial arts instructor,3,ASSOCIATE PROFESSIONALS AND TECHNICIANS,34,342,3422,scored,0.37,0.37,0.37,63.6,628.5,987,Minimal Exposure,Minimal Exposure,Minimal Exposure,0.12,0.12,0.12,3422,3422,,one_to_one,official_crosswalk,,,,,,,,,0,,,published_broad_occupation_group,pmet,2026 Q1,2026-08-19,Exposure measures task overlap with current GenAI capabilities; it is not a job-loss probability or forecast.|MOM does not publish a 2025 detailed wage row for this occupation.
9.0,34223,Physical fitness instructor,3,ASSOCIATE PROFESSIONALS AND TECHNICIANS,34,342,3422,scored,0.25,0.25,0.25,31.1,307.5,987,Not Exposed,Not Exposed,Not Exposed,0.07,0.07,0.07,3423,3423,,one_to_one,official_crosswalk,2057,2339,3083,2400,2730,4200,2025-06,mom_occupational_wages_2025,0,,,published_broad_occupation_group,pmet,2026 Q1,2026-08-19,Exposure measures task overlap with current GenAI capabilities; it is not a job-loss probability or forecast.
9.0,34224,Sports official,3,ASSOCIATE PROFESSIONALS AND TECHNICIANS,34,342,3422,scored,0.37,0.37,0.37,63.6,628.5,987,Minimal Exposure,Minimal Exposure,Minimal Exposure,0.12,0.12,0.12,3422,3422,,one_to_one,official_crosswalk,,,,,,,,,0,,,published_broad_occupation_group,pmet,2026 Q1,2026-08-19,Exposure measures task overlap with current GenAI capabilities; it is not a job-loss probability or forecast.|MOM does not publish a 2025 detailed wage row for this occupation.
9.0,34229,Sports coach/instructor/official and related associate professional n.e.c.,3,ASSOCIATE PROFESSIONALS AND TECHNICIANS,34,342,3422,scored,0.31,0.25,0.37,51,503.5,987,Not Exposed|Minimal Exposure,Not Exposed,Minimal Exposure,0.095,0.07,0.12,3423|3422,3423|3422,,partial,official_crosswalk,,,,,,,,,0,,,published_broad_occupation_group,pmet,2026 Q1,2026-08-19,Exposure measures task overlap with current GenAI capabilities; it is not a job-loss probability or forecast.|SSOC maps to multiple ISCO groups without official employment weights; the median and range are shown.|MOM does not publish a 2025 detailed wage row for this occupation.
9.0,34310,Photographer,3,ASSOCIATE PROFESSIONALS AND TECHNICIANS,34,343,3431,scored,0.39,0.39,0.39,70.3,694.5,987,Exposed: Gradient 1,Exposed: Gradient 1,Exposed: Gradient 1,0.12,0.12,0.12,3431,3431,,one_to_one,official_crosswalk,4558,7781,9847,4558,7831,9847,2025-06,mom_occupational_wages_2025,0,,,published_broad_occupation_group,pmet,2026 Q1,2026-08-19,Exposure measures task overlap with current GenAI capabilities; it is not a job-loss probability or forecast.
9.0,34321,Interior designer,3,ASSOCIATE PROFESSIONALS AND TECHNICIANS,34,343,3432,scored,0.37,0.37,0.37,63.6,628.5,987,Minimal Exposure,Minimal Exposure,Minimal Exposure,0.08,0.08,0.08,3432,3432,,one_to_one,official_crosswalk,2991,4000,5300,3000,4130,5350,2025-06,mom_occupational_wages_2025,0,,,published_broad_occupation_group,pmet,2026 Q1,2026-08-19,Exposure measures task overlap with current GenAI capabilities; it is not a job-loss probability or forecast.
9.0,34322,Decorator,3,ASSOCIATE PROFESSIONALS AND TECHNICIANS,34,343,3432,scored,0.37,0.37,0.37,63.6,628.5,987,Minimal Exposure,Minimal Exposure,Minimal Exposure,0.08,0.08,0.08,3432,3432,,one_to_one,official_crosswalk,,,,,,,,,0,,,published_broad_occupation_group,pmet,2026 Q1,2026-08-19,Exposure measures task overlap with current GenAI capabilities; it is not a job-loss probability or forecast.|MOM does not publish a 2025 detailed wage row for this occupation.
9.0,34323,Visual merchandiser,3,ASSOCIATE PROFESSIONALS AND TECHNICIANS,34,343,3432,scored,0.37,0.37,0.37,63.6,628.5,987,Minimal Exposure,Minimal Exposure,Minimal Exposure,0.08,0.08,0.08,3432,3432,,one_to_one,official_crosswalk,3000,3787,4677,3030,3810,4790,2025-06,mom_occupational_wages_2025,0,,,published_broad_occupation_group,pmet,2026 Q1,2026-08-19,Exposure measures task overlap with current GenAI capabilities; it is not a job-loss probability or forecast.
9.0,34331,Library officer,3,ASSOCIATE PROFESSIONALS AND TECHNICIANS,34,343,3433,scored,0.37,0.37,0.37,63.6,628.5,987,Exposed: Gradient 1,Exposed: Gradient 1,Exposed: Gradient 1,0.2,0.2,0.2,3433,3433,,one_to_one,official_crosswalk,2580,2944,4572,2580,2974,4595,2025-06,mom_occupational_wages_2025,0,,,published_broad_occupation_group,pmet,2026 Q1,2026-08-19,Exposure measures task overlap with current GenAI capabilities; it is not a job-loss probability or forecast.
9.0,34332,Gallery/Museum and related technician,3,ASSOCIATE PROFESSIONALS AND TECHNICIANS,34,343,3433,scored,0.37,0.37,0.37,63.6,628.5,987,Exposed: Gradient 1,Exposed: Gradient 1,Exposed: Gradient 1,0.2,0.2,0.2,3433,3433,,one_to_one,official_crosswalk,,,,,,,,,0,,,published_broad_occupation_group,pmet,2026 Q1,2026-08-19,Exposure measures task overlap with current GenAI capabilities; it is not a job-loss probability or forecast.|MOM does not publish a 2025 detailed wage row for this occupation.
9.0,34341,Chef (excluding pastry chef),3,ASSOCIATE PROFESSIONALS AND TECHNICIANS,34,343,3434,scored,0.25,0.25,0.25,31.1,307.5,987,Not Exposed,Not Exposed,Not Exposed,0.06,0.06,0.06,3434,3434,,one_to_one,official_crosswalk,2567,3460,4625,2743,3650,4784,2025-06,mom_occupational_wages_2025,0,,,published_broad_occupation_group,pmet,2026 Q1,2026-08-19,Exposure measures task overlap with current GenAI capabilities; it is not a job-loss probability or forecast.
9.0,34342,Kitchen operations head/supervisor,3,ASSOCIATE PROFESSIONALS AND TECHNICIANS,34,343,3434,scored,0.25,0.25,0.25,31.1,307.5,987,Not Exposed,Not Exposed,Not Exposed,0.06,0.06,0.06,3434,3434,,one_to_one,official_crosswalk,2634,4386,5567,3116,4517,5781,2025-06,mom_occupational_wages_2025,0,,,published_broad_occupation_group,pmet,2026 Q1,2026-08-19,Exposure measures task overlap with current GenAI capabilities; it is not a job-loss probability or forecast.
9.0,34343,Pastry chef,3,ASSOCIATE PROFESSIONALS AND TECHNICIANS,34,343,3434,scored,0.25,0.25,0.25,31.1,307.5,987,Not Exposed,Not Exposed,Not Exposed,0.06,0.06,0.06,3434,3434,,one_to_one,official_crosswalk,2411,3240,5000,2665,3436,5304,2025-06,mom_occupational_wages_2025,0,,,published_broad_occupation_group,pmet,2026 Q1,2026-08-19,Exposure measures task overlap with current GenAI capabilities; it is not a job-loss probability or forecast.
9.0,34391,Tattooist,3,ASSOCIATE PROFESSIONALS AND TECHNICIANS,34,343,3439,insufficient_evidence,,,,,,,,,,,,,3435,,,one_to_one,official_crosswalk_without_ilo_score,,,,,,,,,0,,,published_broad_occupation_group,pmet,2026 Q1,2026-08-19,Exposure measures task overlap with current GenAI capabilities; it is not a job-loss probability or forecast.|No usable ILO 2025 score exists for the official ISCO mapping.|MOM does not publish a 2025 detailed wage row for this occupation.
9.0,34399,Other artistic/cultural associate professional n.e.c.,3,ASSOCIATE PROFESSIONALS AND TECHNICIANS,34,343,3439,insufficient_evidence,,,,,,,,,,,,,3435,,,one_to_one,official_crosswalk_without_ilo_score,,,,,,,,,0,,,published_broad_occupation_group,pmet,2026 Q1,2026-08-19,Exposure measures task overlap with current GenAI capabilities; it is not a job-loss probability or forecast.|No usable ILO 2025 score exists for the official ISCO mapping.|MOM does not publish a 2025 detailed wage row for this occupation.
9.0,34401,Disc jockey,3,ASSOCIATE PROFESSIONALS AND TECHNICIANS,34,344,3440,scored,0.13,0.13,0.13,6.1,61,987,Not Exposed,Not Exposed,Not Exposed,0.06,0.06,0.06,2659,2659,,one_to_one,official_crosswalk,,,,,,,,,0,,,published_broad_occupation_group,pmet,2026 Q1,2026-08-19,Exposure measures task overlap with current GenAI capabilities; it is not a job-loss probability or forecast.|MOM does not publish a 2025 detailed wage row for this occupation.
9.0,34409,Creative/Performing arts associate professional n.e.c.,3,ASSOCIATE PROFESSIONALS AND TECHNICIANS,34,344,3440,scored,0.13,0.13,0.13,6.1,61,987,Not Exposed,Not Exposed,Not Exposed,0.06,0.06,0.06,2659,2659,,one_to_one,official_crosswalk,,,,,,,,,0,,,published_broad_occupation_group,pmet,2026 Q1,2026-08-19,Exposure measures task overlap with current GenAI capabilities; it is not a job-loss probability or forecast.|MOM does not publish a 2025 detailed wage row for this occupation.
9.0,35110,Computer systems operator,3,ASSOCIATE PROFESSIONALS AND TECHNICIANS,35,351,3511,scored,0.43,0.43,0.43,76.5,755.5,987,Exposed: Gradient 2,Exposed: Gradient 2,Exposed: Gradient 2,0.13,0.13,0.13,3511,3511,,one_to_one,official_crosswalk,3714,4979,5820,3960,5025,5880,2025-06,mom_occupational_wages_2025,0,,,published_broad_occupation_group,pmet,2026 Q1,2026-08-19,Exposure measures task overlap with current GenAI capabilities; it is not a job-loss probability or forecast.
9.0,35121,IT infrastructure technician,3,ASSOCIATE PROFESSIONALS AND TECHNICIANS,35,351,3512,scored,0.45,0.43,0.47,80.8,797.5,987,Exposed: Gradient 2,Exposed: Gradient 2,Exposed: Gradient 2,0.135,0.08,0.19,3513|3512,3513|3512,,partial,official_crosswalk,3880,5043,6140,4130,5189,6222,2025-06,mom_occupational_wages_2025,0,,,published_broad_occupation_group,pmet,2026 Q1,2026-08-19,Exposure measures task overlap with current GenAI capabilities; it is not a job-loss probability or forecast.|SSOC maps to multiple ISCO groups without official employment weights; the median and range are shown.
9.0,35122,IT security technician,3,ASSOCIATE PROFESSIONALS AND TECHNICIANS,35,351,3512,scored,0.45,0.43,0.47,80.8,797.5,987,Exposed: Gradient 2,Exposed: Gradient 2,Exposed: Gradient 2,0.135,0.08,0.19,3513|3512,3513|3512,,partial,official_crosswalk,,,,,,,,,0,,,published_broad_occupation_group,pmet,2026 Q1,2026-08-19,Exposure measures task overlap with current GenAI capabilities; it is not a job-loss probability or forecast.|SSOC maps to multiple ISCO groups without official employment weights; the median and range are shown.|MOM does not publish a 2025 detailed wage row for this occupation.
9.0,35123,IT support technician,3,ASSOCIATE PROFESSIONALS AND TECHNICIANS,35,351,3512,scored,0.45,0.43,0.47,80.8,797.5,987,Exposed: Gradient 2,Exposed: Gradient 2,Exposed: Gradient 2,0.135,0.08,0.19,3513|3512,3513|3512,,partial,official_crosswalk,3023,4437,6120,3150,4586,6326,2025-06,mom_occupational_wages_2025,0,,,published_broad_occupation_group,pmet,2026 Q1,2026-08-19,Exposure measures task overlap with current GenAI capabilities; it is not a job-loss probability or forecast.|SSOC maps to multiple ISCO groups without official employment weights; the median and range are shown.
9.0,35129,Computer technician n.e.c.,3,ASSOCIATE PROFESSIONALS AND TECHNICIANS,35,351,3512,scored,0.45,0.43,0.47,80.8,797.5,987,Exposed: Gradient 2,Exposed: Gradient 2,Exposed: Gradient 2,0.135,0.08,0.19,3513|3512,3513|3512,,partial,official_crosswalk,,,,,,,,,0,,,published_broad_occupation_group,pmet,2026 Q1,2026-08-19,Exposure measures task overlap with current GenAI capabilities; it is not a job-loss probability or forecast.|SSOC maps to multiple ISCO groups without official employment weights; the median and range are shown.|MOM does not publish a 2025 detailed wage row for this occupation.
9.0,35140,Website administrator/Webmaster,3,ASSOCIATE PROFESSIONALS AND TECHNICIANS,35,351,3514,scored,0.53,0.53,0.53,89.7,885,987,Exposed: Gradient 3,Exposed: Gradient 3,Exposed: Gradient 3,0.12,0.12,0.12,3514,3514,,one_to_one,official_crosswalk,1600,3150,4735,1600,3169,4853,2025-06,mom_occupational_wages_2025,0,,,published_broad_occupation_group,pmet,2026 Q1,2026-08-19,Exposure measures task overlap with current GenAI capabilities; it is not a job-loss probability or forecast.
9.0,35211,Media/Broadcasting operations technician,3,ASSOCIATE PROFESSIONALS AND TECHNICIANS,35,352,3521,scored,0.35,0.35,0.35,57.4,567,987,Minimal Exposure,Minimal Exposure,Minimal Exposure,0.11,0.11,0.11,3521,3521,,one_to_one,official_crosswalk,3696,4250,5217,3809,4285,5238,2025-06,mom_occupational_wages_2025,0,,,published_broad_occupation_group,pmet,2026 Q1,2026-08-19,Exposure measures task overlap with current GenAI capabilities; it is not a job-loss probability or forecast.
9.0,35212,Video camera operator,3,ASSOCIATE PROFESSIONALS AND TECHNICIANS,35,352,3521,scored,0.35,0.35,0.35,57.4,567,987,Minimal Exposure,Minimal Exposure,Minimal Exposure,0.11,0.11,0.11,3521,3521,,one_to_one,official_crosswalk,3878,5588,7325,3878,5588,7325,2025-06,mom_occupational_wages_2025,0,,,published_broad_occupation_group,pmet,2026 Q1,2026-08-19,Exposure measures task overlap with current GenAI capabilities; it is not a job-loss probability or forecast.
9.0,35213,Television/Motion picture camera operator,3,ASSOCIATE PROFESSIONALS AND TECHNICIANS,35,352,3521,scored,0.35,0.35,0.35,57.4,567,987,Minimal Exposure,Minimal Exposure,Minimal Exposure,0.11,0.11,0.11,3521,3521,,one_to_one,official_crosswalk,,,,,,,,,0,,,published_broad_occupation_group,pmet,2026 Q1,2026-08-19,Exposure measures task overlap with current GenAI capabilities; it is not a job-loss probability or forecast.|MOM does not publish a 2025 detailed wage row for this occupation.
9.0,35214,Radio/Television studio equipment operator,3,ASSOCIATE PROFESSIONALS AND TECHNICIANS,35,352,3521,scored,0.35,0.35,0.35,57.4,567,987,Minimal Exposure,Minimal Exposure,Minimal Exposure,0.11,0.11,0.11,3521,3521,,one_to_one,official_crosswalk,,,,,,,,,0,,,published_broad_occupation_group,pmet,2026 Q1,2026-08-19,Exposure measures task overlap with current GenAI capabilities; it is not a job-loss probability or forecast.|MOM does not publish a 2025 detailed wage row for this occupation.
9.0,35215,Sound engineering technician,3,ASSOCIATE PROFESSIONALS AND TECHNICIANS,35,352,3521,scored,0.35,0.35,0.35,57.4,567,987,Minimal Exposure,Minimal Exposure,Minimal Exposure,0.11,0.11,0.11,3521,3521,,one_to_one,official_crosswalk,,,,,,,,,0,,,published_broad_occupation_group,pmet,2026 Q1,2026-08-19,Exposure measures task overlap with current GenAI capabilities; it is not a job-loss probability or forecast.|MOM does not publish a 2025 detailed wage row for this occupation.
9.0,35219,Broadcasting technician/Audio-visual operator n.e.c.,3,ASSOCIATE PROFESSIONALS AND TECHNICIANS,35,352,3521,scored,0.35,0.35,0.35,57.4,567,987,Minimal Exposure,Minimal Exposure,Minimal Exposure,0.11,0.11,0.11,3521,3521,,one_to_one,official_crosswalk,,,,,,,,,0,,,published_broad_occupation_group,pmet,2026 Q1,2026-08-19,Exposure measures task overlap with current GenAI capabilities; it is not a job-loss probability or forecast.|MOM does not publish a 2025 detailed wage row for this occupation.
9.0,35220,Telecommunications engineering technician,3,ASSOCIATE PROFESSIONALS AND TECHNICIANS,35,352,3522,scored,0.45,0.45,0.45,80.8,797.5,987,Minimal Exposure,Minimal Exposure,Minimal Exposure,0.04,0.04,0.04,3522,3522,,one_to_one,official_crosswalk,2830,3397,3653,2939,3526,4060,2025-06,mom_occupational_wages_2025,0,,,published_broad_occupation_group,pmet,2026 Q1,2026-08-19,Exposure measures task overlap with current GenAI capabilities; it is not a job-loss probability or forecast.
9.0,35231,Telecommunications service supervisor,3,ASSOCIATE PROFESSIONALS AND TECHNICIANS,35,352,3523,scored,0.45,0.45,0.45,80.8,797.5,987,Minimal Exposure,Minimal Exposure,Minimal Exposure,0.04,0.04,0.04,3522,3522,,one_to_one,official_crosswalk,,,,,,,,,0,,,published_broad_occupation_group,pmet,2026 Q1,2026-08-19,Exposure measures task overlap with current GenAI capabilities; it is not a job-loss probability or forecast.|MOM does not publish a 2025 detailed wage row for this occupation.
9.0,35232,Radio-telephone operator (land-based),3,ASSOCIATE PROFESSIONALS AND TECHNICIANS,35,352,3523,scored,0.45,0.45,0.45,80.8,797.5,987,Minimal Exposure,Minimal Exposure,Minimal Exposure,0.04,0.04,0.04,3522,3522,,one_to_one,official_crosswalk,,,,,,,,,0,,,published_broad_occupation_group,pmet,2026 Q1,2026-08-19,Exposure measures task overlap with current GenAI capabilities; it is not a job-loss probability or forecast.|MOM does not publish a 2025 detailed wage row for this occupation.
9.0,35239,Telecommunications equipment operator n.e.c.,3,ASSOCIATE PROFESSIONALS AND TECHNICIANS,35,352,3523,scored,0.45,0.45,0.45,80.8,797.5,987,Minimal Exposure,Minimal Exposure,Minimal Exposure,0.04,0.04,0.04,3522,3522,,one_to_one,official_crosswalk,,,,,,,,,0,,,published_broad_occupation_group,pmet,2026 Q1,2026-08-19,Exposure measures task overlap with current GenAI capabilities; it is not a job-loss probability or forecast.|MOM does not publish a 2025 detailed wage row for this occupation.
9.0,35290,Telecommunications/Broadcasting technician/Audio-visual operator n.e.c.,3,ASSOCIATE PROFESSIONALS AND TECHNICIANS,35,352,3529,scored,0.45,0.45,0.45,80.8,797.5,987,Minimal Exposure,Minimal Exposure,Minimal Exposure,0.04,0.04,0.04,3522,3522,,one_to_one,official_crosswalk,,,,,,,,,0,,,published_broad_occupation_group,pmet,2026 Q1,2026-08-19,Exposure measures task overlap with current GenAI capabilities; it is not a job-loss probability or forecast.|MOM does not publish a 2025 detailed wage row for this occupation.
9.0,36100,Preschool education teacher,3,ASSOCIATE PROFESSIONALS AND TECHNICIANS,36,361,3610,scored,0.21,0.21,0.21,23.9,236.5,987,Not Exposed,Not Exposed,Not Exposed,0.05,0.05,0.05,2342,2342,,one_to_one,official_crosswalk,3293,3957,4754,3395,4062,4864,2025-06,mom_occupational_wages_2025,0,,,published_broad_occupation_group,pmet,2026 Q1,2026-08-19,Exposure measures task overlap with current GenAI capabilities; it is not a job-loss probability or forecast.
9.0,36201,Language instructor (extracurriculum),3,ASSOCIATE PROFESSIONALS AND TECHNICIANS,36,362,3620,scored,0.34,0.34,0.34,55.6,549,987,Minimal Exposure,Minimal Exposure,Minimal Exposure,0.11,0.11,0.11,2353,2353,,one_to_one,official_crosswalk,2800,4000,4600,2964,4124,4700,2025-06,mom_occupational_wages_2025,0,,,published_broad_occupation_group,pmet,2026 Q1,2026-08-19,Exposure measures task overlap with current GenAI capabilities; it is not a job-loss probability or forecast.
9.0,36202,Art and craft instructor (extracurriculum),3,ASSOCIATE PROFESSIONALS AND TECHNICIANS,36,362,3620,scored,0.35,0.35,0.35,57.4,567,987,Minimal Exposure,Minimal Exposure,Minimal Exposure,0.1,0.1,0.1,2355,2355,,one_to_one,official_crosswalk,2971,3826,4646,2997,3826,4687,2025-06,mom_occupational_wages_2025,0,,,published_broad_occupation_group,pmet,2026 Q1,2026-08-19,Exposure measures task overlap with current GenAI capabilities; it is not a job-loss probability or forecast.
9.0,36203,Information technology trainer (extracurriculum),3,ASSOCIATE PROFESSIONALS AND TECHNICIANS,36,362,3620,scored,0.47,0.47,0.47,82.8,817,987,Exposed: Gradient 2,Exposed: Gradient 2,Exposed: Gradient 2,0.1,0.1,0.1,2356,2356,,one_to_one,official_crosswalk,,,,,,,,,0,,,published_broad_occupation_group,pmet,2026 Q1,2026-08-19,Exposure measures task overlap with current GenAI capabilities; it is not a job-loss probability or forecast.|MOM does not publish a 2025 detailed wage row for this occupation.
9.0,36204,Music instructor (extracurriculum),3,ASSOCIATE PROFESSIONALS AND TECHNICIANS,36,362,3620,scored,0.35,0.35,0.35,57.4,567,987,Minimal Exposure,Minimal Exposure,Minimal Exposure,0.09,0.09,0.09,2354,2354,,one_to_one,official_crosswalk,2156,2850,3500,2345,3117,4010,2025-06,mom_occupational_wages_2025,0,,,published_broad_occupation_group,pmet,2026 Q1,2026-08-19,Exposure measures task overlap with current GenAI capabilities; it is not a job-loss probability or forecast.
9.0,36205,Dance instructor (extracurriculum),3,ASSOCIATE PROFESSIONALS AND TECHNICIANS,36,362,3620,scored,0.35,0.35,0.35,57.4,567,987,Minimal Exposure,Minimal Exposure,Minimal Exposure,0.1,0.1,0.1,2355,2355,,one_to_one,official_crosswalk,,,,,,,,,0,,,published_broad_occupation_group,pmet,2026 Q1,2026-08-19,Exposure measures task overlap with current GenAI capabilities; it is not a job-loss probability or forecast.|MOM does not publish a 2025 detailed wage row for this occupation.
9.0,36206,Speech and drama instructor (extracurriculum),3,ASSOCIATE PROFESSIONALS AND TECHNICIANS,36,362,3620,scored,0.35,0.35,0.35,57.4,567,987,Minimal Exposure,Minimal Exposure,Minimal Exposure,0.1,0.1,0.1,2355,2355,,one_to_one,official_crosswalk,,,,,,,,,0,,,published_broad_occupation_group,pmet,2026 Q1,2026-08-19,Exposure measures task overlap with current GenAI capabilities; it is not a job-loss probability or forecast.|MOM does not publish a 2025 detailed wage row for this occupation.
9.0,36209,Extracurriculum instructor n.e.c.,3,ASSOCIATE PROFESSIONALS AND TECHNICIANS,36,362,3620,scored,0.33,0.33,0.33,54.9,542.5,987,Minimal Exposure,Minimal Exposure,Minimal Exposure,0.1,0.1,0.1,2359,2359,,one_to_one,official_crosswalk,,,,,,,,,0,,,published_broad_occupation_group,pmet,2026 Q1,2026-08-19,Exposure measures task overlap with current GenAI capabilities; it is not a job-loss probability or forecast.|MOM does not publish a 2025 detailed wage row for this occupation.
9.0,36910,Private tutor (academic),3,ASSOCIATE PROFESSIONALS AND TECHNICIANS,36,369,3691,scored,0.33,0.33,0.33,54.9,542.5,987,Minimal Exposure,Minimal Exposure,Minimal Exposure,0.1,0.1,0.1,2359,2359,,one_to_one,official_crosswalk,3097,4117,5693,3100,4164,5757,2025-06,mom_occupational_wages_2025,0,,,published_broad_occupation_group,pmet,2026 Q1,2026-08-19,Exposure measures task overlap with current GenAI capabilities; it is not a job-loss probability or forecast.
9.0,36991,Relief teacher,3,ASSOCIATE PROFESSIONALS AND TECHNICIANS,36,369,3699,scored,0.33,0.33,0.33,54.9,542.5,987,Minimal Exposure,Minimal Exposure,Minimal Exposure,0.1,0.1,0.1,2359,2359,,one_to_one,official_crosswalk,2563,3425,5000,2600,3550,5025,2025-06,mom_occupational_wages_2025,0,,,published_broad_occupation_group,pmet,2026 Q1,2026-08-19,Exposure measures task overlap with current GenAI capabilities; it is not a job-loss probability or forecast.
9.0,36999,Other teaching associate professional n.e.c.,3,ASSOCIATE PROFESSIONALS AND TECHNICIANS,36,369,3699,scored,0.33,0.33,0.33,54.9,542.5,987,Minimal Exposure,Minimal Exposure,Minimal Exposure,0.1,0.1,0.1,2359,2359,,one_to_one,official_crosswalk,,,,,,,,,0,,,published_broad_occupation_group,pmet,2026 Q1,2026-08-19,Exposure measures task overlap with current GenAI capabilities; it is not a job-loss probability or forecast.|MOM does not publish a 2025 detailed wage row for this occupation.
9.0,39910,Non-ordained religious associate professional,3,ASSOCIATE PROFESSIONALS AND TECHNICIANS,39,399,3991,scored,0.12,0.12,0.12,3.7,37,987,Not Exposed,Not Exposed,Not Exposed,0.07,0.07,0.07,3413,3413,,one_to_one,official_crosswalk,3096,3976,4695,3100,4000,4746,2025-06,mom_occupational_wages_2025,0,,,published_broad_occupation_group,pmet,2026 Q1,2026-08-19,Exposure measures task overlap with current GenAI capabilities; it is not a job-loss probability or forecast.
9.0,40000,Office supervisor,4,CLERICAL SUPPORT WORKERS,40,400,4000,scored,0.43,0.43,0.43,76.5,755.5,987,Exposed: Gradient 2,Exposed: Gradient 2,Exposed: Gradient 2,0.11,0.11,0.11,3341,3341,,one_to_one,official_crosswalk,2515,3545,4700,2661,3706,4875,2025-06,mom_occupational_wages_2025,0,,,published_broad_occupation_group,clerical_sales_service,2026 Q1,2026-08-19,Exposure measures task overlap with current GenAI capabilities; it is not a job-loss probability or forecast.
9.0,41101,Office clerk,4,CLERICAL SUPPORT WORKERS,41,411,4110,scored,0.485,0.37,0.6,84.1,830,987,Exposed: Gradient 1|Exposed: Gradient 4,Exposed: Gradient 1,Exposed: Gradient 4,0.135,0.1,0.17,4415|4110,4415|4110,,partial,official_crosswalk,1594,2215,3484,1600,2286,3519,2025-06,mom_occupational_wages_2025,0,,,published_broad_occupation_group,clerical_sales_service,2026 Q1,2026-08-19,Exposure measures task overlap with current GenAI capabilities; it is not a job-loss probability or forecast.|SSOC maps to multiple ISCO groups without official employment weights; the median and range are shown.
9.0,41102,Personnel/Human resource clerk,4,CLERICAL SUPPORT WORKERS,41,411,4110,scored,0.6,0.6,0.6,96.5,952,987,Exposed: Gradient 4,Exposed: Gradient 4,Exposed: Gradient 4,0.09,0.09,0.09,4416,4416,,one_to_one,official_crosswalk,1600,2787,3881,1612,2810,3950,2025-06,mom_occupational_wages_2025,0,,,published_broad_occupation_group,clerical_sales_service,2026 Q1,2026-08-19,Exposure measures task overlap with current GenAI capabilities; it is not a job-loss probability or forecast.
9.0,41109,General office clerk n.e.c.,4,CLERICAL SUPPORT WORKERS,41,411,4110,scored,0.6,0.37,0.6,96.5,952,987,Exposed: Gradient 1|Exposed: Gradient 4,Exposed: Gradient 1,Exposed: Gradient 4,0.1,0.09,0.17,4416|4415|4110,4416|4415|4110,,partial,official_crosswalk,,,,,,,,,0,,,published_broad_occupation_group,clerical_sales_service,2026 Q1,2026-08-19,Exposure measures task overlap with current GenAI capabilities; it is not a job-loss probability or forecast.|SSOC maps to multiple ISCO groups without official employment weights; the median and range are shown.|MOM does not publish a 2025 detailed wage row for this occupation.
9.0,41201,Secretary,4,CLERICAL SUPPORT WORKERS,41,412,4120,scored,0.58,0.58,0.58,95.6,944,987,Exposed: Gradient 3,Exposed: Gradient 3,Exposed: Gradient 3,0.1,0.1,0.1,4120,4120,,one_to_one,official_crosswalk,3045,4410,5849,3100,4480,5920,2025-06,mom_occupational_wages_2025,0,,,published_broad_occupation_group,clerical_sales_service,2026 Q1,2026-08-19,Exposure measures task overlap with current GenAI capabilities; it is not a job-loss probability or forecast.
9.0,41202,Verbatim reporter,4,CLERICAL SUPPORT WORKERS,41,412,4120,scored,0.58,0.58,0.58,95.6,944,987,Exposed: Gradient 3,Exposed: Gradient 3,Exposed: Gradient 3,0.1,0.1,0.1,4120,4120,,one_to_one,official_crosswalk,,,,,,,,,0,,,published_broad_occupation_group,clerical_sales_service,2026 Q1,2026-08-19,Exposure measures task overlap with current GenAI capabilities; it is not a job-loss probability or forecast.|MOM does not publish a 2025 detailed wage row for this occupation.
9.0,41310,Typist/Word processing operator,4,CLERICAL SUPPORT WORKERS,41,413,4131,scored,0.65,0.65,0.65,99.9,986,987,Exposed: Gradient 4,Exposed: Gradient 4,Exposed: Gradient 4,0.05,0.05,0.05,4131,4131,,one_to_one,official_crosswalk,2187,2700,3970,2200,2770,3970,2025-06,mom_occupational_wages_2025,0,,,published_broad_occupation_group,clerical_sales_service,2026 Q1,2026-08-19,Exposure measures task overlap with current GenAI capabilities; it is not a job-loss probability or forecast.
9.0,41320,Data entry clerk,4,CLERICAL SUPPORT WORKERS,41,413,4132,scored,0.7,0.7,0.7,100,987,987,Exposed: Gradient 4,Exposed: Gradient 4,Exposed: Gradient 4,0.03,0.03,0.03,4132,4132,,one_to_one,official_crosswalk,1596,2051,2979,1600,2100,3034,2025-06,mom_occupational_wages_2025,0,,,published_broad_occupation_group,clerical_sales_service,2026 Q1,2026-08-19,Exposure measures task overlap with current GenAI capabilities; it is not a job-loss probability or forecast.
9.0,42111,Bank teller,4,CLERICAL SUPPORT WORKERS,42,421,4211,scored,0.58,0.58,0.58,95.6,944,987,Exposed: Gradient 3,Exposed: Gradient 3,Exposed: Gradient 3,0.09,0.09,0.09,4211,4211,,one_to_one,official_crosswalk,3980,4530,5025,4040,4571,5162,2025-06,mom_occupational_wages_2025,0,,,published_broad_occupation_group,clerical_sales_service,2026 Q1,2026-08-19,Exposure measures task overlap with current GenAI capabilities; it is not a job-loss probability or forecast.
9.0,42112,Postal service counter clerk,4,CLERICAL SUPPORT WORKERS,42,421,4211,scored,0.58,0.58,0.58,95.6,944,987,Exposed: Gradient 3,Exposed: Gradient 3,Exposed: Gradient 3,0.09,0.09,0.09,4211,4211,,one_to_one,official_crosswalk,,,,,,,,,0,,,published_broad_occupation_group,clerical_sales_service,2026 Q1,2026-08-19,Exposure measures task overlap with current GenAI capabilities; it is not a job-loss probability or forecast.|MOM does not publish a 2025 detailed wage row for this occupation.
9.0,42113,Money changer,4,CLERICAL SUPPORT WORKERS,42,421,4211,scored,0.58,0.58,0.58,95.6,944,987,Exposed: Gradient 3,Exposed: Gradient 3,Exposed: Gradient 3,0.09,0.09,0.09,4211,4211,,one_to_one,official_crosswalk,2974,3511,3717,2974,3511,3717,2025-06,mom_occupational_wages_2025,0,,,published_broad_occupation_group,clerical_sales_service,2026 Q1,2026-08-19,Exposure measures task overlap with current GenAI capabilities; it is not a job-loss probability or forecast.
9.0,42119,Bank teller and related counter clerk n.e.c.,4,CLERICAL SUPPORT WORKERS,42,421,4211,scored,0.58,0.58,0.58,95.6,944,987,Exposed: Gradient 3,Exposed: Gradient 3,Exposed: Gradient 3,0.09,0.09,0.09,4211,4211,,one_to_one,official_crosswalk,,,,,,,,,0,,,published_broad_occupation_group,clerical_sales_service,2026 Q1,2026-08-19,Exposure measures task overlap with current GenAI capabilities; it is not a job-loss probability or forecast.|MOM does not publish a 2025 detailed wage row for this occupation.
9.0,42131,Pawnbroker,4,CLERICAL SUPPORT WORKERS,42,421,4213,scored,0.48,0.48,0.48,83.7,826,987,Exposed: Gradient 2,Exposed: Gradient 2,Exposed: Gradient 2,0.06,0.06,0.06,4213,4213,,one_to_one,official_crosswalk,,,,,,,,,0,,,published_broad_occupation_group,clerical_sales_service,2026 Q1,2026-08-19,Exposure measures task overlap with current GenAI capabilities; it is not a job-loss probability or forecast.|MOM does not publish a 2025 detailed wage row for this occupation.
9.0,42132,Moneylender,4,CLERICAL SUPPORT WORKERS,42,421,4213,scored,0.48,0.48,0.48,83.7,826,987,Exposed: Gradient 2,Exposed: Gradient 2,Exposed: Gradient 2,0.06,0.06,0.06,4213,4213,,one_to_one,official_crosswalk,,,,,,,,,0,,,published_broad_occupation_group,clerical_sales_service,2026 Q1,2026-08-19,Exposure measures task overlap with current GenAI capabilities; it is not a job-loss probability or forecast.|MOM does not publish a 2025 detailed wage row for this occupation.
9.0,42141,Bill collector,4,CLERICAL SUPPORT WORKERS,42,421,4214,scored,0.43,0.43,0.43,76.5,755.5,987,Exposed: Gradient 2,Exposed: Gradient 2,Exposed: Gradient 2,0.07,0.07,0.07,4214,4214,,one_to_one,official_crosswalk,1888,3182,4741,1888,3209,4741,2025-06,mom_occupational_wages_2025,0,,,published_broad_occupation_group,clerical_sales_service,2026 Q1,2026-08-19,Exposure measures task overlap with current GenAI capabilities; it is not a job-loss probability or forecast.
9.0,42149,Bill collector and related worker n.e.c.,4,CLERICAL SUPPORT WORKERS,42,421,4214,scored,0.43,0.43,0.43,76.5,755.5,987,Exposed: Gradient 2,Exposed: Gradient 2,Exposed: Gradient 2,0.07,0.07,0.07,4214,4214,,one_to_one,official_crosswalk,,,,,,,,,0,,,published_broad_occupation_group,clerical_sales_service,2026 Q1,2026-08-19,Exposure measures task overlap with current GenAI capabilities; it is not a job-loss probability or forecast.|MOM does not publish a 2025 detailed wage row for this occupation.
9.0,42210,Travel consultant/reservation executive,4,CLERICAL SUPPORT WORKERS,42,422,4221,scored,0.56,0.56,0.56,93.1,919,987,Exposed: Gradient 3,Exposed: Gradient 3,Exposed: Gradient 3,0.07,0.07,0.07,4221,4221,,one_to_one,official_crosswalk,2495,3469,4851,2500,3500,4912,2025-06,mom_occupational_wages_2025,0,,,published_broad_occupation_group,clerical_sales_service,2026 Q1,2026-08-19,Exposure measures task overlap with current GenAI capabilities; it is not a job-loss probability or forecast.
9.0,42230,Telephone operator,4,CLERICAL SUPPORT WORKERS,42,422,4223,scored,0.54,0.54,0.54,90.2,890,987,Exposed: Gradient 3,Exposed: Gradient 3,Exposed: Gradient 3,0.15,0.15,0.15,4223,4223,,one_to_one,official_crosswalk,2015,2502,3475,2025,2614,3475,2025-06,mom_occupational_wages_2025,0,,,published_broad_occupation_group,clerical_sales_service,2026 Q1,2026-08-19,Exposure measures task overlap with current GenAI capabilities; it is not a job-loss probability or forecast.
9.0,42241,Receptionist (general),4,CLERICAL SUPPORT WORKERS,42,422,4224,scored,0.57,0.57,0.57,94.5,932.5,987,Exposed: Gradient 3,Exposed: Gradient 3,Exposed: Gradient 3,0.17,0.17,0.17,4226,4226,,one_to_one,official_crosswalk,1926,2755,3520,1991,2849,3609,2025-06,mom_occupational_wages_2025,0,,,published_broad_occupation_group,clerical_sales_service,2026 Q1,2026-08-19,Exposure measures task overlap with current GenAI capabilities; it is not a job-loss probability or forecast.
9.0,42242,Hotel receptionist,4,CLERICAL SUPPORT WORKERS,42,422,4224,scored,0.51,0.51,0.51,88.5,873.5,987,Exposed: Gradient 3,Exposed: Gradient 3,Exposed: Gradient 3,0.07,0.07,0.07,4224,4224,,one_to_one,official_crosswalk,2420,2800,3503,2590,3100,3752,2025-06,mom_occupational_wages_2025,0,,,published_broad_occupation_group,clerical_sales_service,2026 Q1,2026-08-19,Exposure measures task overlap with current GenAI capabilities; it is not a job-loss probability or forecast.
9.0,42243,Medical/Dental receptionist,4,CLERICAL SUPPORT WORKERS,42,422,4224,scored,0.525,0.52,0.53,89.4,882,987,Exposed: Gradient 3,Exposed: Gradient 3,Exposed: Gradient 3,0.105,0.1,0.11,3344|3252,3344|3252,,partial,official_crosswalk,2536,2896,3302,2564,2931,3329,2025-06,mom_occupational_wages_2025,0,,,published_broad_occupation_group,clerical_sales_service,2026 Q1,2026-08-19,Exposure measures task overlap with current GenAI capabilities; it is not a job-loss probability or forecast.|SSOC maps to multiple ISCO groups without official employment weights; the median and range are shown.
9.0,42244,Passenger services agent,4,CLERICAL SUPPORT WORKERS,42,422,4224,scored,0.56,0.56,0.56,93.1,919,987,Exposed: Gradient 3,Exposed: Gradient 3,Exposed: Gradient 3,0.07,0.07,0.07,4221,4221,,one_to_one,official_crosswalk,2240,3226,3968,2275,3233,3968,2025-06,mom_occupational_wages_2025,0,,,published_broad_occupation_group,clerical_sales_service,2026 Q1,2026-08-19,Exposure measures task overlap with current GenAI capabilities; it is not a job-loss probability or forecast.
9.0,42245,Customer service officer/clerk,4,CLERICAL SUPPORT WORKERS,42,422,4224,scored,0.57,0.57,0.57,94.5,932.5,987,Exposed: Gradient 3,Exposed: Gradient 3,Exposed: Gradient 3,0.09,0.09,0.09,4225,4225,,one_to_one,official_crosswalk,2386,3193,4302,2500,3300,4412,2025-06,mom_occupational_wages_2025,0,,,published_broad_occupation_group,clerical_sales_service,2026 Q1,2026-08-19,Exposure measures task overlap with current GenAI capabilities; it is not a job-loss probability or forecast.
9.0,42246,Contact centre information clerk,4,CLERICAL SUPPORT WORKERS,42,422,4224,scored,0.58,0.58,0.58,95.6,944,987,Exposed: Gradient 3,Exposed: Gradient 3,Exposed: Gradient 3,0.06,0.06,0.06,4222,4222,,one_to_one,official_crosswalk,2595,3272,4084,2670,3304,4256,2025-06,mom_occupational_wages_2025,0,,,published_broad_occupation_group,clerical_sales_service,2026 Q1,2026-08-19,Exposure measures task overlap with current GenAI capabilities; it is not a job-loss probability or forecast.
9.0,42247,Hotel executive,4,CLERICAL SUPPORT WORKERS,42,422,4224,scored,0.51,0.51,0.51,88.5,873.5,987,Exposed: Gradient 3,Exposed: Gradient 3,Exposed: Gradient 3,0.07,0.07,0.07,4224,4224,,one_to_one,official_crosswalk,2253,2780,3310,2328,2968,3532,2025-06,mom_occupational_wages_2025,0,,,published_broad_occupation_group,clerical_sales_service,2026 Q1,2026-08-19,Exposure measures task overlap with current GenAI capabilities; it is not a job-loss probability or forecast.
9.0,42249,Receptionist/Customer service/information clerk n.e.c.,4,CLERICAL SUPPORT WORKERS,42,422,4224,scored,0.57,0.57,0.57,94.5,932.5,987,Exposed: Gradient 3,Exposed: Gradient 3,Exposed: Gradient 3,0.09,0.09,0.09,4225,4225,,one_to_one,official_crosswalk,,,,,,,,,0,,,published_broad_occupation_group,clerical_sales_service,2026 Q1,2026-08-19,Exposure measures task overlap with current GenAI capabilities; it is not a job-loss probability or forecast.|MOM does not publish a 2025 detailed wage row for this occupation.
9.0,42290,Client information clerk n.e.c.,4,CLERICAL SUPPORT WORKERS,42,422,4229,scored,0.42,0.42,0.42,75.1,741.5,987,Exposed: Gradient 2,Exposed: Gradient 2,Exposed: Gradient 2,0.13,0.13,0.13,4229,4229,,one_to_one,official_crosswalk,,,,,,,,,0,,,published_broad_occupation_group,clerical_sales_service,2026 Q1,2026-08-19,Exposure measures task overlap with current GenAI capabilities; it is not a job-loss probability or forecast.|MOM does not publish a 2025 detailed wage row for this occupation.
9.0,43111,Bookkeeper,4,CLERICAL SUPPORT WORKERS,43,431,4311,scored,0.64,0.64,0.64,99.3,980.5,987,Exposed: Gradient 4,Exposed: Gradient 4,Exposed: Gradient 4,0.07,0.07,0.07,4311,4311,,one_to_one,official_crosswalk,1600,2850,4187,1606,2910,4300,2025-06,mom_occupational_wages_2025,0,,,published_broad_occupation_group,clerical_sales_service,2026 Q1,2026-08-19,Exposure measures task overlap with current GenAI capabilities; it is not a job-loss probability or forecast.
9.0,43112,Ledger/Accounts clerk,4,CLERICAL SUPPORT WORKERS,43,431,4311,scored,0.64,0.64,0.64,99.3,980.5,987,Exposed: Gradient 4,Exposed: Gradient 4,Exposed: Gradient 4,0.07,0.07,0.07,4311,4311,,one_to_one,official_crosswalk,2330,3400,4357,2390,3470,4464,2025-06,mom_occupational_wages_2025,0,,,published_broad_occupation_group,clerical_sales_service,2026 Q1,2026-08-19,Exposure measures task overlap with current GenAI capabilities; it is not a job-loss probability or forecast.
9.0,43113,Audit clerk,4,CLERICAL SUPPORT WORKERS,43,431,4311,scored,0.64,0.64,0.64,99.3,980.5,987,Exposed: Gradient 4,Exposed: Gradient 4,Exposed: Gradient 4,0.07,0.07,0.07,4311,4311,,one_to_one,official_crosswalk,3500,3850,4720,4200,4525,5205,2025-06,mom_occupational_wages_2025,0,,,published_broad_occupation_group,clerical_sales_service,2026 Q1,2026-08-19,Exposure measures task overlap with current GenAI capabilities; it is not a job-loss probability or forecast.
9.0,43114,Payroll/Wages clerk,4,CLERICAL SUPPORT WORKERS,43,431,4311,scored,0.61,0.61,0.61,96.8,955.5,987,Exposed: Gradient 4,Exposed: Gradient 4,Exposed: Gradient 4,0.08,0.08,0.08,4313,4313,,one_to_one,official_crosswalk,2580,4027,5300,2663,4100,5394,2025-06,mom_occupational_wages_2025,0,,,published_broad_occupation_group,clerical_sales_service,2026 Q1,2026-08-19,Exposure measures task overlap with current GenAI capabilities; it is not a job-loss probability or forecast.
9.0,43115,Billing clerk,4,CLERICAL SUPPORT WORKERS,43,431,4311,scored,0.64,0.64,0.64,99.3,980.5,987,Exposed: Gradient 4,Exposed: Gradient 4,Exposed: Gradient 4,0.07,0.07,0.07,4311,4311,,one_to_one,official_crosswalk,2450,3247,4144,2500,3296,4192,2025-06,mom_occupational_wages_2025,0,,,published_broad_occupation_group,clerical_sales_service,2026 Q1,2026-08-19,Exposure measures task overlap with current GenAI capabilities; it is not a job-loss probability or forecast.
9.0,43116,Procurement/Purchasing clerk,4,CLERICAL SUPPORT WORKERS,43,431,4311,scored,0.64,0.64,0.64,99.3,980.5,987,Exposed: Gradient 4,Exposed: Gradient 4,Exposed: Gradient 4,0.07,0.07,0.07,4311,4311,,one_to_one,official_crosswalk,1600,2704,3800,1600,2800,3889,2025-06,mom_occupational_wages_2025,0,,,published_broad_occupation_group,clerical_sales_service,2026 Q1,2026-08-19,Exposure measures task overlap with current GenAI capabilities; it is not a job-loss probability or forecast.
9.0,43119,Accounting/Bookkeeping clerk n.e.c.,4,CLERICAL SUPPORT WORKERS,43,431,4311,scored,0.64,0.64,0.64,99.3,980.5,987,Exposed: Gradient 4,Exposed: Gradient 4,Exposed: Gradient 4,0.07,0.07,0.07,4311,4311,,one_to_one,official_crosswalk,,,,,,,,,0,,,published_broad_occupation_group,clerical_sales_service,2026 Q1,2026-08-19,Exposure measures task overlap with current GenAI capabilities; it is not a job-loss probability or forecast.|MOM does not publish a 2025 detailed wage row for this occupation.
9.0,43121,Bank operations clerk,4,CLERICAL SUPPORT WORKERS,43,431,4312,scored,0.64,0.64,0.64,99.3,980.5,987,Exposed: Gradient 4,Exposed: Gradient 4,Exposed: Gradient 4,0.02,0.02,0.02,4312,4312,,one_to_one,official_crosswalk,4327,5219,6590,4356,5294,6667,2025-06,mom_occupational_wages_2025,0,,,published_broad_occupation_group,clerical_sales_service,2026 Q1,2026-08-19,Exposure measures task overlap with current GenAI capabilities; it is not a job-loss probability or forecast.
9.0,43122,Insurance/Underwriting clerk,4,CLERICAL SUPPORT WORKERS,43,431,4312,scored,0.64,0.64,0.64,99.3,980.5,987,Exposed: Gradient 4,Exposed: Gradient 4,Exposed: Gradient 4,0.02,0.02,0.02,4312,4312,,one_to_one,official_crosswalk,3643,4419,5600,3800,4534,5671,2025-06,mom_occupational_wages_2025,0,,,published_broad_occupation_group,clerical_sales_service,2026 Q1,2026-08-19,Exposure measures task overlap with current GenAI capabilities; it is not a job-loss probability or forecast.
9.0,43123,Securities clerk,4,CLERICAL SUPPORT WORKERS,43,431,4312,scored,0.64,0.64,0.64,99.3,980.5,987,Exposed: Gradient 4,Exposed: Gradient 4,Exposed: Gradient 4,0.02,0.02,0.02,4312,4312,,one_to_one,official_crosswalk,,,,,,,,,0,,,published_broad_occupation_group,clerical_sales_service,2026 Q1,2026-08-19,Exposure measures task overlap with current GenAI capabilities; it is not a job-loss probability or forecast.|MOM does not publish a 2025 detailed wage row for this occupation.
9.0,43129,Finance/Insurance clerk n.e.c.,4,CLERICAL SUPPORT WORKERS,43,431,4312,scored,0.64,0.64,0.64,99.3,980.5,987,Exposed: Gradient 4,Exposed: Gradient 4,Exposed: Gradient 4,0.02,0.02,0.02,4312,4312,,one_to_one,official_crosswalk,,,,,,,,,0,,,published_broad_occupation_group,clerical_sales_service,2026 Q1,2026-08-19,Exposure measures task overlap with current GenAI capabilities; it is not a job-loss probability or forecast.|MOM does not publish a 2025 detailed wage row for this occupation.
9.0,43141,Statistical clerk,4,CLERICAL SUPPORT WORKERS,43,431,4314,scored,0.575,0.51,0.64,95.2,940,987,Exposed: Gradient 3|Exposed: Gradient 4,Exposed: Gradient 3,Exposed: Gradient 4,0.11,0.02,0.2,4413|4312,4413|4312,,partial,official_crosswalk,3498,4321,5085,3498,4321,5085,2025-06,mom_occupational_wages_2025,0,,,published_broad_occupation_group,clerical_sales_service,2026 Q1,2026-08-19,Exposure measures task overlap with current GenAI capabilities; it is not a job-loss probability or forecast.|SSOC maps to multiple ISCO groups without official employment weights; the median and range are shown.
9.0,43142,Enumerator/Market research interviewer,4,CLERICAL SUPPORT WORKERS,43,431,4314,scored,0.55,0.55,0.55,91.7,905.5,987,Exposed: Gradient 3,Exposed: Gradient 3,Exposed: Gradient 3,0.16,0.16,0.16,4227,4227,,one_to_one,official_crosswalk,2008,2972,3327,2045,3000,3372,2025-06,mom_occupational_wages_2025,0,,,published_broad_occupation_group,clerical_sales_service,2026 Q1,2026-08-19,Exposure measures task overlap with current GenAI capabilities; it is not a job-loss probability or forecast.
9.0,43151,Data processing control clerk,4,CLERICAL SUPPORT WORKERS,43,431,4315,scored,0.63,0.63,0.63,98.2,969.5,987,Exposed: Gradient 4,Exposed: Gradient 4,Exposed: Gradient 4,0.03,0.03,0.03,4419,4419,,one_to_one,official_crosswalk,2000,2711,4258,2000,2857,4293,2025-06,mom_occupational_wages_2025,0,,,published_broad_occupation_group,clerical_sales_service,2026 Q1,2026-08-19,Exposure measures task overlap with current GenAI capabilities; it is not a job-loss probability or forecast.
9.0,43159,Computer operations clerk n.e.c.,4,CLERICAL SUPPORT WORKERS,43,431,4315,scored,0.63,0.63,0.63,98.2,969.5,987,Exposed: Gradient 4,Exposed: Gradient 4,Exposed: Gradient 4,0.03,0.03,0.03,4419,4419,,one_to_one,official_crosswalk,,,,,,,,,0,,,published_broad_occupation_group,clerical_sales_service,2026 Q1,2026-08-19,Exposure measures task overlap with current GenAI capabilities; it is not a job-loss probability or forecast.|MOM does not publish a 2025 detailed wage row for this occupation.
9.0,43211,Stock records clerk,4,CLERICAL SUPPORT WORKERS,43,432,4321,scored,0.37,0.37,0.37,63.6,628.5,987,Minimal Exposure,Minimal Exposure,Minimal Exposure,0.06,0.06,0.06,4321,4321,,one_to_one,official_crosswalk,1615,2485,3266,1670,2580,3371,2025-06,mom_occupational_wages_2025,0,,,published_broad_occupation_group,clerical_sales_service,2026 Q1,2026-08-19,Exposure measures task overlap with current GenAI capabilities; it is not a job-loss probability or forecast.
9.0,43212,Storekeeper,4,CLERICAL SUPPORT WORKERS,43,432,4321,scored,0.37,0.37,0.37,63.6,628.5,987,Minimal Exposure,Minimal Exposure,Minimal Exposure,0.06,0.06,0.06,4321,4321,,one_to_one,official_crosswalk,1908,2430,3011,2000,2556,3200,2025-06,mom_occupational_wages_2025,0,,,published_broad_occupation_group,clerical_sales_service,2026 Q1,2026-08-19,Exposure measures task overlap with current GenAI capabilities; it is not a job-loss probability or forecast.
9.0,43219,Stock clerk n.e.c.,4,CLERICAL SUPPORT WORKERS,43,432,4321,scored,0.37,0.37,0.37,63.6,628.5,987,Minimal Exposure,Minimal Exposure,Minimal Exposure,0.06,0.06,0.06,4321,4321,,one_to_one,official_crosswalk,,,,,,,,,0,,,published_broad_occupation_group,clerical_sales_service,2026 Q1,2026-08-19,Exposure measures task overlap with current GenAI capabilities; it is not a job-loss probability or forecast.|MOM does not publish a 2025 detailed wage row for this occupation.
9.0,43221,Material planning clerk,4,CLERICAL SUPPORT WORKERS,43,432,4322,scored,0.44,0.44,0.44,78.3,773,987,Exposed: Gradient 2,Exposed: Gradient 2,Exposed: Gradient 2,0.06,0.06,0.06,4322,4322,,one_to_one,official_crosswalk,2985,4460,5540,3169,4532,5700,2025-06,mom_occupational_wages_2025,0,,,published_broad_occupation_group,clerical_sales_service,2026 Q1,2026-08-19,Exposure measures task overlap with current GenAI capabilities; it is not a job-loss probability or forecast.
9.0,43222,Production planning clerk,4,CLERICAL SUPPORT WORKERS,43,432,4322,scored,0.44,0.44,0.44,78.3,773,987,Exposed: Gradient 2,Exposed: Gradient 2,Exposed: Gradient 2,0.06,0.06,0.06,4322,4322,,one_to_one,official_crosswalk,1900,2680,4000,2078,2800,4240,2025-06,mom_occupational_wages_2025,0,,,published_broad_occupation_group,clerical_sales_service,2026 Q1,2026-08-19,Exposure measures task overlap with current GenAI capabilities; it is not a job-loss probability or forecast.
9.0,43229,Production clerk n.e.c.,4,CLERICAL SUPPORT WORKERS,43,432,4322,scored,0.44,0.44,0.44,78.3,773,987,Exposed: Gradient 2,Exposed: Gradient 2,Exposed: Gradient 2,0.06,0.06,0.06,4322,4322,,one_to_one,official_crosswalk,,,,,,,,,0,,,published_broad_occupation_group,clerical_sales_service,2026 Q1,2026-08-19,Exposure measures task overlap with current GenAI capabilities; it is not a job-loss probability or forecast.|MOM does not publish a 2025 detailed wage row for this occupation.
9.0,43231,Shipping clerk,4,CLERICAL SUPPORT WORKERS,43,432,4323,scored,0.5,0.5,0.5,87.4,863,987,Exposed: Gradient 3,Exposed: Gradient 3,Exposed: Gradient 3,0.1,0.1,0.1,4323,4323,,one_to_one,official_crosswalk,2593,3350,4267,2691,3442,4380,2025-06,mom_occupational_wages_2025,0,,,published_broad_occupation_group,clerical_sales_service,2026 Q1,2026-08-19,Exposure measures task overlap with current GenAI capabilities; it is not a job-loss probability or forecast.
9.0,43232,Land transport clerk,4,CLERICAL SUPPORT WORKERS,43,432,4323,scored,0.5,0.5,0.5,87.4,863,987,Exposed: Gradient 3,Exposed: Gradient 3,Exposed: Gradient 3,0.1,0.1,0.1,4323,4323,,one_to_one,official_crosswalk,1796,2701,3738,1900,3000,4313,2025-06,mom_occupational_wages_2025,0,,,published_broad_occupation_group,clerical_sales_service,2026 Q1,2026-08-19,Exposure measures task overlap with current GenAI capabilities; it is not a job-loss probability or forecast.
9.0,43233,Air transport clerk,4,CLERICAL SUPPORT WORKERS,43,432,4323,scored,0.5,0.5,0.5,87.4,863,987,Exposed: Gradient 3,Exposed: Gradient 3,Exposed: Gradient 3,0.1,0.1,0.1,4323,4323,,one_to_one,official_crosswalk,2717,3284,3877,2766,3318,3920,2025-06,mom_occupational_wages_2025,0,,,published_broad_occupation_group,clerical_sales_service,2026 Q1,2026-08-19,Exposure measures task overlap with current GenAI capabilities; it is not a job-loss probability or forecast.
9.0,43239,Transport clerk n.e.c.,4,CLERICAL SUPPORT WORKERS,43,432,4323,scored,0.5,0.5,0.5,87.4,863,987,Exposed: Gradient 3,Exposed: Gradient 3,Exposed: Gradient 3,0.1,0.1,0.1,4323,4323,,one_to_one,official_crosswalk,,,,,,,,,0,,,published_broad_occupation_group,clerical_sales_service,2026 Q1,2026-08-19,Exposure measures task overlap with current GenAI capabilities; it is not a job-loss probability or forecast.|MOM does not publish a 2025 detailed wage row for this occupation.
9.0,44110,Library clerk,4,CLERICAL SUPPORT WORKERS,44,441,4411,scored,0.46,0.46,0.46,81.9,809,987,Exposed: Gradient 2,Exposed: Gradient 2,Exposed: Gradient 2,0.18,0.18,0.18,4411,4411,,one_to_one,official_crosswalk,1867,2580,2580,1872,2580,2580,2025-06,mom_occupational_wages_2025,0,,,published_broad_occupation_group,clerical_sales_service,2026 Q1,2026-08-19,Exposure measures task overlap with current GenAI capabilities; it is not a job-loss probability or forecast.
9.0,44121,Postal service supervisor,4,CLERICAL SUPPORT WORKERS,44,441,4412,scored,0.41,0.41,0.41,73.3,724,987,Exposed: Gradient 2,Exposed: Gradient 2,Exposed: Gradient 2,0.15,0.15,0.15,4412,4412,,one_to_one,official_crosswalk,,,,,,,,,0,,,published_broad_occupation_group,clerical_sales_service,2026 Q1,2026-08-19,Exposure measures task overlap with current GenAI capabilities; it is not a job-loss probability or forecast.|MOM does not publish a 2025 detailed wage row for this occupation.
9.0,44122,Postman,4,CLERICAL SUPPORT WORKERS,44,441,4412,scored,0.41,0.41,0.41,73.3,724,987,Exposed: Gradient 2,Exposed: Gradient 2,Exposed: Gradient 2,0.15,0.15,0.15,4412,4412,,one_to_one,official_crosswalk,,,,,,,,,0,,,published_broad_occupation_group,clerical_sales_service,2026 Q1,2026-08-19,Exposure measures task overlap with current GenAI capabilities; it is not a job-loss probability or forecast.|MOM does not publish a 2025 detailed wage row for this occupation.
9.0,44123,Process server,4,CLERICAL SUPPORT WORKERS,44,441,4412,scored,0.41,0.41,0.41,73.3,724,987,Exposed: Gradient 2,Exposed: Gradient 2,Exposed: Gradient 2,0.15,0.15,0.15,4412,4412,,one_to_one,official_crosswalk,,,,,,,,,0,,,published_broad_occupation_group,clerical_sales_service,2026 Q1,2026-08-19,Exposure measures task overlap with current GenAI capabilities; it is not a job-loss probability or forecast.|MOM does not publish a 2025 detailed wage row for this occupation.
9.0,44129,Mail carrier/sorting worker n.e.c.,4,CLERICAL SUPPORT WORKERS,44,441,4412,scored,0.41,0.41,0.41,73.3,724,987,Exposed: Gradient 2,Exposed: Gradient 2,Exposed: Gradient 2,0.15,0.15,0.15,4412,4412,,one_to_one,official_crosswalk,,,,,,,,,0,,,published_broad_occupation_group,clerical_sales_service,2026 Q1,2026-08-19,Exposure measures task overlap with current GenAI capabilities; it is not a job-loss probability or forecast.|MOM does not publish a 2025 detailed wage row for this occupation.
9.0,44170,Legal clerk,4,CLERICAL SUPPORT WORKERS,44,441,4417,scored,0.55,0.55,0.55,91.7,905.5,987,Exposed: Gradient 3,Exposed: Gradient 3,Exposed: Gradient 3,0.13,0.13,0.13,3342,3342,,one_to_one,official_crosswalk,3000,4245,5871,3200,4500,6000,2025-06,mom_occupational_wages_2025,0,,,published_broad_occupation_group,clerical_sales_service,2026 Q1,2026-08-19,Exposure measures task overlap with current GenAI capabilities; it is not a job-loss probability or forecast.
9.0,44191,Proofreading clerk,4,CLERICAL SUPPORT WORKERS,44,441,4419,scored,0.545,0.51,0.58,90.6,894,987,Exposed: Gradient 3,Exposed: Gradient 3,Exposed: Gradient 3,0.14,0.08,0.2,4414|4413,4414|4413,,partial,official_crosswalk,,,,,,,,,0,,,published_broad_occupation_group,clerical_sales_service,2026 Q1,2026-08-19,Exposure measures task overlap with current GenAI capabilities; it is not a job-loss probability or forecast.|SSOC maps to multiple ISCO groups without official employment weights; the median and range are shown.|MOM does not publish a 2025 detailed wage row for this occupation.
9.0,44199,Other clerical support worker n.e.c.,4,CLERICAL SUPPORT WORKERS,44,441,4419,scored,0.63,0.63,0.63,98.2,969.5,987,Exposed: Gradient 4,Exposed: Gradient 4,Exposed: Gradient 4,0.03,0.03,0.03,4419,4419,,one_to_one,official_crosswalk,,,,,,,,,0,,,published_broad_occupation_group,clerical_sales_service,2026 Q1,2026-08-19,Exposure measures task overlap with current GenAI capabilities; it is not a job-loss probability or forecast.|MOM does not publish a 2025 detailed wage row for this occupation.
9.0,51111,Chief steward,5,SERVICES AND SALES WORKERS,51,511,5111,scored,0.22,0.22,0.22,26.2,259,987,Not Exposed,Not Exposed,Not Exposed,0.1,0.1,0.1,5111,5111,,one_to_one,official_crosswalk,6176,7375,8483,6176,7375,8483,2025-06,mom_occupational_wages_2025,0,,,published_broad_occupation_group,clerical_sales_service,2026 Q1,2026-08-19,Exposure measures task overlap with current GenAI capabilities; it is not a job-loss probability or forecast.
9.0,51112,Cabin attendant/steward,5,SERVICES AND SALES WORKERS,51,511,5111,scored,0.22,0.22,0.22,26.2,259,987,Not Exposed,Not Exposed,Not Exposed,0.1,0.1,0.1,5111,5111,,one_to_one,official_crosswalk,3157,4287,5294,3160,4290,5299,2025-06,mom_occupational_wages_2025,0,,,published_broad_occupation_group,clerical_sales_service,2026 Q1,2026-08-19,Exposure measures task overlap with current GenAI capabilities; it is not a job-loss probability or forecast.
9.0,51121,Rail station service assistant,5,SERVICES AND SALES WORKERS,51,511,5112,scored,0.25,0.25,0.25,31.1,307.5,987,Minimal Exposure,Minimal Exposure,Minimal Exposure,0.17,0.17,0.17,5112,5112,,one_to_one,official_crosswalk,2787,3044,3225,3234,3564,3935,2025-06,mom_occupational_wages_2025,0,,,published_broad_occupation_group,clerical_sales_service,2026 Q1,2026-08-19,Exposure measures task overlap with current GenAI capabilities; it is not a job-loss probability or forecast.
9.0,51122,Ticket inspector,5,SERVICES AND SALES WORKERS,51,511,5112,scored,0.25,0.25,0.25,31.1,307.5,987,Minimal Exposure,Minimal Exposure,Minimal Exposure,0.17,0.17,0.17,5112,5112,,one_to_one,official_crosswalk,,,,,,,,,0,,,published_broad_occupation_group,clerical_sales_service,2026 Q1,2026-08-19,Exposure measures task overlap with current GenAI capabilities; it is not a job-loss probability or forecast.|MOM does not publish a 2025 detailed wage row for this occupation.
9.0,51129,Transport service inspector and related worker n.e.c.,5,SERVICES AND SALES WORKERS,51,511,5112,scored,0.25,0.25,0.25,31.1,307.5,987,Minimal Exposure,Minimal Exposure,Minimal Exposure,0.17,0.17,0.17,5112,5112,,one_to_one,official_crosswalk,,,,,,,,,0,,,published_broad_occupation_group,clerical_sales_service,2026 Q1,2026-08-19,Exposure measures task overlap with current GenAI capabilities; it is not a job-loss probability or forecast.|MOM does not publish a 2025 detailed wage row for this occupation.
9.0,51131,Tour guide,5,SERVICES AND SALES WORKERS,51,511,5113,scored,0.32,0.32,0.32,53,524,987,Minimal Exposure,Minimal Exposure,Minimal Exposure,0.11,0.11,0.11,5113,5113,,one_to_one,official_crosswalk,1600,2124,2600,1600,2237,2704,2025-06,mom_occupational_wages_2025,0,,,published_broad_occupation_group,clerical_sales_service,2026 Q1,2026-08-19,Exposure measures task overlap with current GenAI capabilities; it is not a job-loss probability or forecast.
9.0,51132,Attractions guide,5,SERVICES AND SALES WORKERS,51,511,5113,scored,0.32,0.32,0.32,53,524,987,Minimal Exposure,Minimal Exposure,Minimal Exposure,0.11,0.11,0.11,5113,5113,,one_to_one,official_crosswalk,2444,3080,4867,2444,3080,4868,2025-06,mom_occupational_wages_2025,0,,,published_broad_occupation_group,clerical_sales_service,2026 Q1,2026-08-19,Exposure measures task overlap with current GenAI capabilities; it is not a job-loss probability or forecast.
9.0,51201,Cook,5,SERVICES AND SALES WORKERS,51,512,5120,scored,0.18,0.18,0.18,17.4,172.5,987,Not Exposed,Not Exposed,Not Exposed,0.06,0.06,0.06,5120,5120,,one_to_one,official_crosswalk,1535,1791,2743,1600,1897,3000,2025-06,mom_occupational_wages_2025,0,,,published_broad_occupation_group,clerical_sales_service,2026 Q1,2026-08-19,Exposure measures task overlap with current GenAI capabilities; it is not a job-loss probability or forecast.
9.0,51202,Senior cook,5,SERVICES AND SALES WORKERS,51,512,5120,scored,0.18,0.18,0.18,17.4,172.5,987,Not Exposed,Not Exposed,Not Exposed,0.06,0.06,0.06,5120,5120,,one_to_one,official_crosswalk,1600,2400,3192,1664,2515,3494,2025-06,mom_occupational_wages_2025,0,,,published_broad_occupation_group,clerical_sales_service,2026 Q1,2026-08-19,Exposure measures task overlap with current GenAI capabilities; it is not a job-loss probability or forecast.
9.0,51311,Captain waiter/Waiter supervisor,5,SERVICES AND SALES WORKERS,51,513,5131,scored,0.28,0.28,0.28,43.1,425.5,987,Minimal Exposure,Minimal Exposure,Minimal Exposure,0.16,0.16,0.16,5131,5131,,one_to_one,official_crosswalk,1787,2574,3183,1927,2783,3417,2025-06,mom_occupational_wages_2025,0,,,published_broad_occupation_group,clerical_sales_service,2026 Q1,2026-08-19,Exposure measures task overlap with current GenAI capabilities; it is not a job-loss probability or forecast.
9.0,51312,Waiter,5,SERVICES AND SALES WORKERS,51,513,5131,scored,0.28,0.28,0.28,43.1,425.5,987,Minimal Exposure,Minimal Exposure,Minimal Exposure,0.16,0.16,0.16,5131,5131,,one_to_one,official_crosswalk,1337,1546,2034,1600,1600,2280,2025-06,mom_occupational_wages_2025,1,mom_jobs_in_demand_2025,Waiter,published_broad_occupation_group,clerical_sales_service,2026 Q1,2026-08-19,Exposure measures task overlap with current GenAI capabilities; it is not a job-loss probability or forecast.
9.0,51313,Sommelier,5,SERVICES AND SALES WORKERS,51,513,5131,scored,0.28,0.28,0.28,43.1,425.5,987,Minimal Exposure,Minimal Exposure,Minimal Exposure,0.16,0.16,0.16,5131,5131,,one_to_one,official_crosswalk,3730,4787,6000,4000,4792,6000,2025-06,mom_occupational_wages_2025,0,,,published_broad_occupation_group,clerical_sales_service,2026 Q1,2026-08-19,Exposure measures task overlap with current GenAI capabilities; it is not a job-loss probability or forecast.
9.0,51321,Bartender/Mixologist,5,SERVICES AND SALES WORKERS,51,513,5132,scored,0.26,0.26,0.26,33.8,334,987,Not Exposed,Not Exposed,Not Exposed,0.12,0.12,0.12,5132,5132,,one_to_one,official_crosswalk,1588,2695,3195,1600,2751,3470,2025-06,mom_occupational_wages_2025,0,,,published_broad_occupation_group,clerical_sales_service,2026 Q1,2026-08-19,Exposure measures task overlap with current GenAI capabilities; it is not a job-loss probability or forecast.
9.0,51322,Barista,5,SERVICES AND SALES WORKERS,51,513,5132,scored,0.26,0.26,0.26,33.8,334,987,Not Exposed,Not Exposed,Not Exposed,0.12,0.12,0.12,5132,5132,,one_to_one,official_crosswalk,1293,2155,2450,1600,2242,2650,2025-06,mom_occupational_wages_2025,0,,,published_broad_occupation_group,clerical_sales_service,2026 Q1,2026-08-19,Exposure measures task overlap with current GenAI capabilities; it is not a job-loss probability or forecast.
9.0,51330,Bar/Lounge hostess,5,SERVICES AND SALES WORKERS,51,513,5133,scored,0.21,0.21,0.21,23.9,236.5,987,Not Exposed,Not Exposed,Not Exposed,0.07,0.07,0.07,5169,5169,,one_to_one,official_crosswalk,,,,,,,,,0,,,published_broad_occupation_group,clerical_sales_service,2026 Q1,2026-08-19,Exposure measures task overlap with current GenAI capabilities; it is not a job-loss probability or forecast.|MOM does not publish a 2025 detailed wage row for this occupation.
9.0,51390,Waiter/Bartender n.e.c.,5,SERVICES AND SALES WORKERS,51,513,5139,scored,0.27,0.26,0.28,38.1,377,987,Not Exposed|Minimal Exposure,Not Exposed,Minimal Exposure,0.14,0.12,0.16,5132|5131,5132|5131,,partial,official_crosswalk,,,,,,,,,0,,,published_broad_occupation_group,clerical_sales_service,2026 Q1,2026-08-19,Exposure measures task overlap with current GenAI capabilities; it is not a job-loss probability or forecast.|SSOC maps to multiple ISCO groups without official employment weights; the median and range are shown.|MOM does not publish a 2025 detailed wage row for this occupation.
9.0,51411,Hair stylist/Hairdresser,5,SERVICES AND SALES WORKERS,51,514,5141,scored,0.17,0.17,0.17,14.2,141,987,Not Exposed,Not Exposed,Not Exposed,0.18,0.18,0.18,5141,5141,,one_to_one,official_crosswalk,1524,1524,1774,1600,1600,2000,2025-06,mom_occupational_wages_2025,0,,,published_broad_occupation_group,clerical_sales_service,2026 Q1,2026-08-19,Exposure measures task overlap with current GenAI capabilities; it is not a job-loss probability or forecast.
9.0,51412,Barber,5,SERVICES AND SALES WORKERS,51,514,5141,scored,0.17,0.17,0.17,14.2,141,987,Not Exposed,Not Exposed,Not Exposed,0.18,0.18,0.18,5141,5141,,one_to_one,official_crosswalk,,,,,,,,,0,,,published_broad_occupation_group,clerical_sales_service,2026 Q1,2026-08-19,Exposure measures task overlap with current GenAI capabilities; it is not a job-loss probability or forecast.|MOM does not publish a 2025 detailed wage row for this occupation.
9.0,51419,Hairdresser/Barber and related worker n.e.c.,5,SERVICES AND SALES WORKERS,51,514,5141,scored,0.17,0.17,0.17,14.2,141,987,Not Exposed,Not Exposed,Not Exposed,0.18,0.18,0.18,5141,5141,,one_to_one,official_crosswalk,,,,,,,,,0,,,published_broad_occupation_group,clerical_sales_service,2026 Q1,2026-08-19,Exposure measures task overlap with current GenAI capabilities; it is not a job-loss probability or forecast.|MOM does not publish a 2025 detailed wage row for this occupation.
9.0,51421,Beautician,5,SERVICES AND SALES WORKERS,51,514,5142,scored,0.18,0.18,0.18,17.4,172.5,987,Not Exposed,Not Exposed,Not Exposed,0.19,0.19,0.19,5142,5142,,one_to_one,official_crosswalk,1510,1600,2500,1600,1618,3219,2025-06,mom_occupational_wages_2025,0,,,published_broad_occupation_group,clerical_sales_service,2026 Q1,2026-08-19,Exposure measures task overlap with current GenAI capabilities; it is not a job-loss probability or forecast.
9.0,51422,Manicurist,5,SERVICES AND SALES WORKERS,51,514,5142,scored,0.18,0.18,0.18,17.4,172.5,987,Not Exposed,Not Exposed,Not Exposed,0.19,0.19,0.19,5142,5142,,one_to_one,official_crosswalk,1600,1898,2500,1600,2050,2950,2025-06,mom_occupational_wages_2025,0,,,published_broad_occupation_group,clerical_sales_service,2026 Q1,2026-08-19,Exposure measures task overlap with current GenAI capabilities; it is not a job-loss probability or forecast.
9.0,51423,Makeup artist (stage/film/studio),5,SERVICES AND SALES WORKERS,51,514,5142,scored,0.18,0.18,0.18,17.4,172.5,987,Not Exposed,Not Exposed,Not Exposed,0.19,0.19,0.19,5142,5142,,one_to_one,official_crosswalk,,,,,,,,,0,,,published_broad_occupation_group,clerical_sales_service,2026 Q1,2026-08-19,Exposure measures task overlap with current GenAI capabilities; it is not a job-loss probability or forecast.|MOM does not publish a 2025 detailed wage row for this occupation.
9.0,51491,Masseur (non-medical),5,SERVICES AND SALES WORKERS,51,514,5149,scored,0.18,0.18,0.18,17.4,172.5,987,Not Exposed,Not Exposed,Not Exposed,0.19,0.19,0.19,5142,5142,,one_to_one,official_crosswalk,,,,,,,,,0,,,published_broad_occupation_group,clerical_sales_service,2026 Q1,2026-08-19,Exposure measures task overlap with current GenAI capabilities; it is not a job-loss probability or forecast.|MOM does not publish a 2025 detailed wage row for this occupation.
9.0,51492,Slimming consultant,5,SERVICES AND SALES WORKERS,51,514,5149,scored,0.18,0.18,0.18,17.4,172.5,987,Not Exposed,Not Exposed,Not Exposed,0.19,0.19,0.19,5142,5142,,one_to_one,official_crosswalk,,,,,,,,,0,,,published_broad_occupation_group,clerical_sales_service,2026 Q1,2026-08-19,Exposure measures task overlap with current GenAI capabilities; it is not a job-loss probability or forecast.|MOM does not publish a 2025 detailed wage row for this occupation.
9.0,51499,Other wellness related worker n.e.c.,5,SERVICES AND SALES WORKERS,51,514,5149,scored,0.18,0.18,0.18,17.4,172.5,987,Not Exposed,Not Exposed,Not Exposed,0.19,0.19,0.19,5142,5142,,one_to_one,official_crosswalk,,,,,,,,,0,,,published_broad_occupation_group,clerical_sales_service,2026 Q1,2026-08-19,Exposure measures task overlap with current GenAI capabilities; it is not a job-loss probability or forecast.|MOM does not publish a 2025 detailed wage row for this occupation.
9.0,51501,Housekeeper (hotel and related establishment),5,SERVICES AND SALES WORKERS,51,515,5150,scored,0.22,0.22,0.22,26.2,259,987,Not Exposed,Not Exposed,Not Exposed,0.1,0.1,0.1,5151,5151,,one_to_one,official_crosswalk,2403,3159,4513,2493,3264,4813,2025-06,mom_occupational_wages_2025,0,,,published_broad_occupation_group,clerical_sales_service,2026 Q1,2026-08-19,Exposure measures task overlap with current GenAI capabilities; it is not a job-loss probability or forecast.
9.0,51502,House steward,5,SERVICES AND SALES WORKERS,51,515,5150,scored,0.22,0.22,0.22,26.2,259,987,Not Exposed,Not Exposed,Not Exposed,0.1,0.1,0.1,5151,5151,,one_to_one,official_crosswalk,2004,2494,4391,2082,2672,4498,2025-06,mom_occupational_wages_2025,0,,,published_broad_occupation_group,clerical_sales_service,2026 Q1,2026-08-19,Exposure measures task overlap with current GenAI capabilities; it is not a job-loss probability or forecast.
9.0,51503,Housekeeping matron,5,SERVICES AND SALES WORKERS,51,515,5150,scored,0.22,0.22,0.22,26.2,259,987,Not Exposed,Not Exposed,Not Exposed,0.1,0.1,0.1,5151,5151,,one_to_one,official_crosswalk,1603,2455,3664,1608,2455,3785,2025-06,mom_occupational_wages_2025,0,,,published_broad_occupation_group,clerical_sales_service,2026 Q1,2026-08-19,Exposure measures task overlap with current GenAI capabilities; it is not a job-loss probability or forecast.
9.0,51504,Head butler (hotel and related establishment),5,SERVICES AND SALES WORKERS,51,515,5150,scored,0.22,0.22,0.22,26.2,259,987,Not Exposed,Not Exposed,Not Exposed,0.1,0.1,0.1,5151,5151,,one_to_one,official_crosswalk,,,,,,,,,0,,,published_broad_occupation_group,clerical_sales_service,2026 Q1,2026-08-19,Exposure measures task overlap with current GenAI capabilities; it is not a job-loss probability or forecast.|MOM does not publish a 2025 detailed wage row for this occupation.
9.0,51505,Butler (hotel and related establishment),5,SERVICES AND SALES WORKERS,51,515,5150,scored,0.22,0.22,0.22,26.2,259,987,Not Exposed,Not Exposed,Not Exposed,0.1,0.1,0.1,5151,5151,,one_to_one,official_crosswalk,,,,,,,,,0,,,published_broad_occupation_group,clerical_sales_service,2026 Q1,2026-08-19,Exposure measures task overlap with current GenAI capabilities; it is not a job-loss probability or forecast.|MOM does not publish a 2025 detailed wage row for this occupation.
9.0,51509,Housekeeper and related worker n.e.c.,5,SERVICES AND SALES WORKERS,51,515,5150,scored,0.21,0.2,0.22,23.9,236.5,987,Not Exposed,Not Exposed,Not Exposed,0.1,0.1,0.1,5152|5151,5152|5151,,partial,official_crosswalk,,,,,,,,,0,,,published_broad_occupation_group,clerical_sales_service,2026 Q1,2026-08-19,Exposure measures task overlap with current GenAI capabilities; it is not a job-loss probability or forecast.|SSOC maps to multiple ISCO groups without official employment weights; the median and range are shown.|MOM does not publish a 2025 detailed wage row for this occupation.
9.0,51701,Gaming supervisor,5,SERVICES AND SALES WORKERS,51,517,5170,scored,0.45,0.45,0.45,80.8,797.5,987,Exposed: Gradient 2,Exposed: Gradient 2,Exposed: Gradient 2,0.19,0.19,0.19,4212,4212,,one_to_one,official_crosswalk,3289,3922,4828,3450,4000,4878,2025-06,mom_occupational_wages_2025,0,,,published_broad_occupation_group,clerical_sales_service,2026 Q1,2026-08-19,Exposure measures task overlap with current GenAI capabilities; it is not a job-loss probability or forecast.
9.0,51702,Bookmaker/Croupier/Casino dealer and related gaming worker,5,SERVICES AND SALES WORKERS,51,517,5170,scored,0.45,0.45,0.45,80.8,797.5,987,Exposed: Gradient 2,Exposed: Gradient 2,Exposed: Gradient 2,0.19,0.19,0.19,4212,4212,,one_to_one,official_crosswalk,3381,3853,4261,3491,3958,4378,2025-06,mom_occupational_wages_2025,0,,,published_broad_occupation_group,clerical_sales_service,2026 Q1,2026-08-19,Exposure measures task overlap with current GenAI capabilities; it is not a job-loss probability or forecast.
9.0,51910,Astrologer/Fortune-teller and related worker,5,SERVICES AND SALES WORKERS,51,519,5191,scored,0.3,0.3,0.3,49.4,488,987,Minimal Exposure,Minimal Exposure,Minimal Exposure,0.16,0.16,0.16,5161,5161,,one_to_one,official_crosswalk,,,,,,,,,0,,,published_broad_occupation_group,clerical_sales_service,2026 Q1,2026-08-19,Exposure measures task overlap with current GenAI capabilities; it is not a job-loss probability or forecast.|MOM does not publish a 2025 detailed wage row for this occupation.
9.0,51931,Funeral director,5,SERVICES AND SALES WORKERS,51,519,5193,scored,0.17,0.17,0.17,14.2,141,987,Not Exposed,Not Exposed,Not Exposed,0.17,0.17,0.17,5163,5163,,one_to_one,official_crosswalk,2477,2898,3460,2907,3572,4754,2025-06,mom_occupational_wages_2025,0,,,published_broad_occupation_group,clerical_sales_service,2026 Q1,2026-08-19,Exposure measures task overlap with current GenAI capabilities; it is not a job-loss probability or forecast.
9.0,51932,Embalmer,5,SERVICES AND SALES WORKERS,51,519,5193,scored,0.17,0.17,0.17,14.2,141,987,Not Exposed,Not Exposed,Not Exposed,0.17,0.17,0.17,5163,5163,,one_to_one,official_crosswalk,,,,,,,,,0,,,published_broad_occupation_group,clerical_sales_service,2026 Q1,2026-08-19,Exposure measures task overlap with current GenAI capabilities; it is not a job-loss probability or forecast.|MOM does not publish a 2025 detailed wage row for this occupation.
9.0,51941,Pet groomer,5,SERVICES AND SALES WORKERS,51,519,5194,scored,0.14,0.14,0.14,9,89.5,987,Not Exposed,Not Exposed,Not Exposed,0.06,0.06,0.06,5164,5164,,one_to_one,official_crosswalk,,,,,,,,,0,,,published_broad_occupation_group,clerical_sales_service,2026 Q1,2026-08-19,Exposure measures task overlap with current GenAI capabilities; it is not a job-loss probability or forecast.|MOM does not publish a 2025 detailed wage row for this occupation.
9.0,51942,Keeper/Trainer in zoological/bird/aquatic park,5,SERVICES AND SALES WORKERS,51,519,5194,scored,0.14,0.14,0.14,9,89.5,987,Not Exposed,Not Exposed,Not Exposed,0.06,0.06,0.06,5164,5164,,one_to_one,official_crosswalk,2684,3163,3703,2685,3164,3704,2025-06,mom_occupational_wages_2025,0,,,published_broad_occupation_group,clerical_sales_service,2026 Q1,2026-08-19,Exposure measures task overlap with current GenAI capabilities; it is not a job-loss probability or forecast.
9.0,51943,Horse trainer,5,SERVICES AND SALES WORKERS,51,519,5194,scored,0.14,0.14,0.14,9,89.5,987,Not Exposed,Not Exposed,Not Exposed,0.06,0.06,0.06,5164,5164,,one_to_one,official_crosswalk,,,,,,,,,0,,,published_broad_occupation_group,clerical_sales_service,2026 Q1,2026-08-19,Exposure measures task overlap with current GenAI capabilities; it is not a job-loss probability or forecast.|MOM does not publish a 2025 detailed wage row for this occupation.
9.0,51944,Dog trainer,5,SERVICES AND SALES WORKERS,51,519,5194,scored,0.14,0.14,0.14,9,89.5,987,Not Exposed,Not Exposed,Not Exposed,0.06,0.06,0.06,5164,5164,,one_to_one,official_crosswalk,,,,,,,,,0,,,published_broad_occupation_group,clerical_sales_service,2026 Q1,2026-08-19,Exposure measures task overlap with current GenAI capabilities; it is not a job-loss probability or forecast.|MOM does not publish a 2025 detailed wage row for this occupation.
9.0,51949,Pet groomer/Animal keeper/trainer n.e.c.,5,SERVICES AND SALES WORKERS,51,519,5194,scored,0.14,0.14,0.14,9,89.5,987,Not Exposed,Not Exposed,Not Exposed,0.06,0.06,0.06,5164,5164,,one_to_one,official_crosswalk,,,,,,,,,0,,,published_broad_occupation_group,clerical_sales_service,2026 Q1,2026-08-19,Exposure measures task overlap with current GenAI capabilities; it is not a job-loss probability or forecast.|MOM does not publish a 2025 detailed wage row for this occupation.
9.0,51950,Driving instructor/tester,5,SERVICES AND SALES WORKERS,51,519,5195,scored,0.2,0.2,0.2,21.8,215.5,987,Not Exposed,Not Exposed,Not Exposed,0.03,0.03,0.03,5165,5165,,one_to_one,official_crosswalk,3249,3733,4233,3571,4015,4343,2025-06,mom_occupational_wages_2025,0,,,published_broad_occupation_group,clerical_sales_service,2026 Q1,2026-08-19,Exposure measures task overlap with current GenAI capabilities; it is not a job-loss probability or forecast.
9.0,51991,Social escort,5,SERVICES AND SALES WORKERS,51,519,5199,scored,0.21,0.21,0.21,23.9,236.5,987,Not Exposed,Not Exposed,Not Exposed,0.07,0.07,0.07,5169,5169,,one_to_one,official_crosswalk,,,,,,,,,0,,,published_broad_occupation_group,clerical_sales_service,2026 Q1,2026-08-19,Exposure measures task overlap with current GenAI capabilities; it is not a job-loss probability or forecast.|MOM does not publish a 2025 detailed wage row for this occupation.
9.0,51999,Other personal services worker n.e.c.,5,SERVICES AND SALES WORKERS,51,519,5199,scored,0.215,0.21,0.22,24.8,246,987,Not Exposed,Not Exposed,Not Exposed,0.06,0.05,0.07,5169|5162,5169|5162,,partial,official_crosswalk,,,,,,,,,0,,,published_broad_occupation_group,clerical_sales_service,2026 Q1,2026-08-19,Exposure measures task overlap with current GenAI capabilities; it is not a job-loss probability or forecast.|SSOC maps to multiple ISCO groups without official employment weights; the median and range are shown.|MOM does not publish a 2025 detailed wage row for this occupation.
9.0,52110,Hawker/Stall holder (excluding prepared food and drinks),5,SERVICES AND SALES WORKERS,52,521,5211,scored,0.275,0.2,0.35,40.7,402.5,987,Not Exposed|Exposed: Gradient 1,Not Exposed,Exposed: Gradient 1,0.135,0.1,0.17,9520|5211,9520|5211,,partial,official_crosswalk,,,,,,,,,0,,,published_broad_occupation_group,clerical_sales_service,2026 Q1,2026-08-19,Exposure measures task overlap with current GenAI capabilities; it is not a job-loss probability or forecast.|SSOC maps to multiple ISCO groups without official employment weights; the median and range are shown.|MOM does not publish a 2025 detailed wage row for this occupation.
9.0,52120,Hawker/Stall holder (prepared food/drinks),5,SERVICES AND SALES WORKERS,52,521,5212,scored,0.22,0.22,0.22,26.2,259,987,Not Exposed,Not Exposed,Not Exposed,0.11,0.11,0.11,5212,5212,,one_to_one,official_crosswalk,,,,,,,,,0,,,published_broad_occupation_group,clerical_sales_service,2026 Q1,2026-08-19,Exposure measures task overlap with current GenAI capabilities; it is not a job-loss probability or forecast.|MOM does not publish a 2025 detailed wage row for this occupation.
9.0,52130,Newsvendor,5,SERVICES AND SALES WORKERS,52,521,5213,scored,0.2,0.2,0.2,21.8,215.5,987,Not Exposed,Not Exposed,Not Exposed,0.1,0.1,0.1,9520,9520,,one_to_one,official_crosswalk,,,,,,,,,0,,,published_broad_occupation_group,clerical_sales_service,2026 Q1,2026-08-19,Exposure measures task overlap with current GenAI capabilities; it is not a job-loss probability or forecast.|MOM does not publish a 2025 detailed wage row for this occupation.
9.0,52190,Stall sales worker n.e.c.,5,SERVICES AND SALES WORKERS,52,521,5219,scored,0.285,0.22,0.35,45.3,448,987,Not Exposed|Exposed: Gradient 1,Not Exposed,Exposed: Gradient 1,0.14,0.11,0.17,5212|5211,5212|5211,,partial,official_crosswalk,,,,,,,,,0,,,published_broad_occupation_group,clerical_sales_service,2026 Q1,2026-08-19,Exposure measures task overlap with current GenAI capabilities; it is not a job-loss probability or forecast.|SSOC maps to multiple ISCO groups without official employment weights; the median and range are shown.|MOM does not publish a 2025 detailed wage row for this occupation.
9.0,52201,Sales supervisor,5,SERVICES AND SALES WORKERS,52,522,5220,scored,0.395,0.36,0.43,71.3,704,987,Minimal Exposure|Exposed: Gradient 2,Minimal Exposure,Exposed: Gradient 2,0.11,0.1,0.12,5222|5221,5222|5221,,partial,official_crosswalk,2129,2943,3717,2373,3173,4000,2025-06,mom_occupational_wages_2025,0,,,published_broad_occupation_group,clerical_sales_service,2026 Q1,2026-08-19,Exposure measures task overlap with current GenAI capabilities; it is not a job-loss probability or forecast.|SSOC maps to multiple ISCO groups without official employment weights; the median and range are shown.
9.0,52202,Shop sales assistant,5,SERVICES AND SALES WORKERS,52,522,5220,scored,0.38,0.38,0.38,67.6,667.5,987,Exposed: Gradient 1,Exposed: Gradient 1,Exposed: Gradient 1,0.16,0.16,0.16,5223,5223,,one_to_one,official_crosswalk,1579,2116,2709,1600,2305,2902,2025-06,mom_occupational_wages_2025,1,mom_jobs_in_demand_2025,Shop sales assistant,published_broad_occupation_group,clerical_sales_service,2026 Q1,2026-08-19,Exposure measures task overlap with current GenAI capabilities; it is not a job-loss probability or forecast.
9.0,52301,Cage/Count supervisor,5,SERVICES AND SALES WORKERS,52,523,5230,scored,0.39,0.39,0.39,70.3,694.5,987,Exposed: Gradient 1,Exposed: Gradient 1,Exposed: Gradient 1,0.14,0.14,0.14,5230,5230,,one_to_one,official_crosswalk,,,,,,,,,0,,,published_broad_occupation_group,clerical_sales_service,2026 Q1,2026-08-19,Exposure measures task overlap with current GenAI capabilities; it is not a job-loss probability or forecast.|MOM does not publish a 2025 detailed wage row for this occupation.
9.0,52302,Cashier (general),5,SERVICES AND SALES WORKERS,52,523,5230,scored,0.39,0.39,0.39,70.3,694.5,987,Exposed: Gradient 1,Exposed: Gradient 1,Exposed: Gradient 1,0.14,0.14,0.14,5230,5230,,one_to_one,official_crosswalk,1600,2300,2607,1620,2407,2751,2025-06,mom_occupational_wages_2025,0,,,published_broad_occupation_group,clerical_sales_service,2026 Q1,2026-08-19,Exposure measures task overlap with current GenAI capabilities; it is not a job-loss probability or forecast.
9.0,52303,Office cashier,5,SERVICES AND SALES WORKERS,52,523,5230,scored,0.39,0.39,0.39,70.3,694.5,987,Exposed: Gradient 1,Exposed: Gradient 1,Exposed: Gradient 1,0.14,0.14,0.14,5230,5230,,one_to_one,official_crosswalk,2336,2524,2830,2460,2650,2972,2025-06,mom_occupational_wages_2025,0,,,published_broad_occupation_group,clerical_sales_service,2026 Q1,2026-08-19,Exposure measures task overlap with current GenAI capabilities; it is not a job-loss probability or forecast.
9.0,52309,Cashier/Ticket clerk n.e.c.,5,SERVICES AND SALES WORKERS,52,523,5230,scored,0.39,0.39,0.39,70.3,694.5,987,Exposed: Gradient 1,Exposed: Gradient 1,Exposed: Gradient 1,0.14,0.14,0.14,5230,5230,,one_to_one,official_crosswalk,,,,,,,,,0,,,published_broad_occupation_group,clerical_sales_service,2026 Q1,2026-08-19,Exposure measures task overlap with current GenAI capabilities; it is not a job-loss probability or forecast.|MOM does not publish a 2025 detailed wage row for this occupation.
9.0,52410,Fashion and related model,5,SERVICES AND SALES WORKERS,52,524,5241,scored,0.25,0.25,0.25,31.1,307.5,987,Not Exposed,Not Exposed,Not Exposed,0.06,0.06,0.06,5241,5241,,one_to_one,official_crosswalk,,,,,,,,,0,,,published_broad_occupation_group,clerical_sales_service,2026 Q1,2026-08-19,Exposure measures task overlap with current GenAI capabilities; it is not a job-loss probability or forecast.|MOM does not publish a 2025 detailed wage row for this occupation.
9.0,52421,Sales demonstrator,5,SERVICES AND SALES WORKERS,52,524,5242,scored,0.42,0.42,0.42,75.1,741.5,987,Exposed: Gradient 2,Exposed: Gradient 2,Exposed: Gradient 2,0.11,0.11,0.11,5242,5242,,one_to_one,official_crosswalk,1504,1627,2110,1600,1977,2800,2025-06,mom_occupational_wages_2025,0,,,published_broad_occupation_group,clerical_sales_service,2026 Q1,2026-08-19,Exposure measures task overlap with current GenAI capabilities; it is not a job-loss probability or forecast.
9.0,52422,Salesperson (door-to-door),5,SERVICES AND SALES WORKERS,52,524,5242,scored,0.46,0.46,0.46,81.9,809,987,Exposed: Gradient 2,Exposed: Gradient 2,Exposed: Gradient 2,0.18,0.18,0.18,5243,5243,,one_to_one,official_crosswalk,1600,2293,3722,1600,2884,4954,2025-06,mom_occupational_wages_2025,0,,,published_broad_occupation_group,clerical_sales_service,2026 Q1,2026-08-19,Exposure measures task overlap with current GenAI capabilities; it is not a job-loss probability or forecast.
9.0,52440,Telemarketer,5,SERVICES AND SALES WORKERS,52,524,5244,scored,0.61,0.61,0.61,96.8,955.5,987,Exposed: Gradient 4,Exposed: Gradient 4,Exposed: Gradient 4,0.1,0.1,0.1,5244,5244,,one_to_one,official_crosswalk,1579,2563,4053,1600,2710,4250,2025-06,mom_occupational_wages_2025,0,,,published_broad_occupation_group,clerical_sales_service,2026 Q1,2026-08-19,Exposure measures task overlap with current GenAI capabilities; it is not a job-loss probability or forecast.
9.0,52491,Petrol station attendant,5,SERVICES AND SALES WORKERS,52,524,5249,scored,0.24,0.24,0.24,29.2,289,987,Minimal Exposure,Minimal Exposure,Minimal Exposure,0.16,0.16,0.16,5245,5245,,one_to_one,official_crosswalk,1325,1500,1608,1601,1724,1976,2025-06,mom_occupational_wages_2025,0,,,published_broad_occupation_group,clerical_sales_service,2026 Q1,2026-08-19,Exposure measures task overlap with current GenAI capabilities; it is not a job-loss probability or forecast.
9.0,52492,Food service counter attendant,5,SERVICES AND SALES WORKERS,52,524,5249,scored,0.24,0.24,0.24,29.2,289,987,Not Exposed,Not Exposed,Not Exposed,0.13,0.13,0.13,5246,5246,,one_to_one,official_crosswalk,1110,1882,2114,1600,2279,2641,2025-06,mom_occupational_wages_2025,0,,,published_broad_occupation_group,clerical_sales_service,2026 Q1,2026-08-19,Exposure measures task overlap with current GenAI capabilities; it is not a job-loss probability or forecast.
9.0,52499,Other sales worker n.e.c.,5,SERVICES AND SALES WORKERS,52,524,5249,insufficient_evidence,,,,,,,,,,,,,5249,,,one_to_one,official_crosswalk_without_ilo_score,,,,,,,,,0,,,published_broad_occupation_group,clerical_sales_service,2026 Q1,2026-08-19,Exposure measures task overlap with current GenAI capabilities; it is not a job-loss probability or forecast.|No usable ILO 2025 score exists for the official ISCO mapping.|MOM does not publish a 2025 detailed wage row for this occupation.
9.0,53111,Babysitter/Infant care-giver,5,SERVICES AND SALES WORKERS,53,531,5311,scored,0.19,0.19,0.19,19.8,196.5,987,Not Exposed,Not Exposed,Not Exposed,0.09,0.09,0.09,5311,5311,,one_to_one,official_crosswalk,,,,,,,,,0,,,published_broad_occupation_group,clerical_sales_service,2026 Q1,2026-08-19,Exposure measures task overlap with current GenAI capabilities; it is not a job-loss probability or forecast.|MOM does not publish a 2025 detailed wage row for this occupation.
9.0,53112,Confinement nanny,5,SERVICES AND SALES WORKERS,53,531,5311,scored,0.19,0.19,0.19,19.8,196.5,987,Not Exposed,Not Exposed,Not Exposed,0.09,0.09,0.09,5311,5311,,one_to_one,official_crosswalk,,,,,,,,,0,,,published_broad_occupation_group,clerical_sales_service,2026 Q1,2026-08-19,Exposure measures task overlap with current GenAI capabilities; it is not a job-loss probability or forecast.|MOM does not publish a 2025 detailed wage row for this occupation.
9.0,53113,Child/After school care centre worker,5,SERVICES AND SALES WORKERS,53,531,5311,scored,0.19,0.19,0.19,19.8,196.5,987,Not Exposed,Not Exposed,Not Exposed,0.09,0.09,0.09,5311,5311,,one_to_one,official_crosswalk,1900,2330,3800,1930,2350,3800,2025-06,mom_occupational_wages_2025,0,,,published_broad_occupation_group,clerical_sales_service,2026 Q1,2026-08-19,Exposure measures task overlap with current GenAI capabilities; it is not a job-loss probability or forecast.
9.0,53114,Child/Youth residential care assistant,5,SERVICES AND SALES WORKERS,53,531,5311,scored,0.19,0.19,0.19,19.8,196.5,987,Not Exposed,Not Exposed,Not Exposed,0.09,0.09,0.09,5311,5311,,one_to_one,official_crosswalk,,,,,,,,,0,,,published_broad_occupation_group,clerical_sales_service,2026 Q1,2026-08-19,Exposure measures task overlap with current GenAI capabilities; it is not a job-loss probability or forecast.|MOM does not publish a 2025 detailed wage row for this occupation.
9.0,53120,Teacher aide,5,SERVICES AND SALES WORKERS,53,531,5312,scored,0.24,0.24,0.24,29.2,289,987,Not Exposed,Not Exposed,Not Exposed,0.14,0.14,0.14,5312,5312,,one_to_one,official_crosswalk,2200,3011,4024,2229,3092,4054,2025-06,mom_occupational_wages_2025,0,,,published_broad_occupation_group,clerical_sales_service,2026 Q1,2026-08-19,Exposure measures task overlap with current GenAI capabilities; it is not a job-loss probability or forecast.
9.0,53201,Healthcare assistant,5,SERVICES AND SALES WORKERS,53,532,5320,scored,0.14,0.14,0.14,9,89.5,987,Not Exposed,Not Exposed,Not Exposed,0.06,0.06,0.06,5321,5321,,one_to_one,official_crosswalk,2006,2351,2687,2100,2410,2766,2025-06,mom_occupational_wages_2025,0,,,published_broad_occupation_group,clerical_sales_service,2026 Q1,2026-08-19,Exposure measures task overlap with current GenAI capabilities; it is not a job-loss probability or forecast.
9.0,53202,Nursing aide/assistant,5,SERVICES AND SALES WORKERS,53,532,5320,scored,0.25,0.25,0.25,31.1,307.5,987,Minimal Exposure,Minimal Exposure,Minimal Exposure,0.18,0.18,0.18,5322,5322,,one_to_one,official_crosswalk,2318,2762,3583,2338,2762,3583,2025-06,mom_occupational_wages_2025,0,,,published_broad_occupation_group,clerical_sales_service,2026 Q1,2026-08-19,Exposure measures task overlap with current GenAI capabilities; it is not a job-loss probability or forecast.
9.0,53203,Dental aide/assistant,5,SERVICES AND SALES WORKERS,53,532,5320,scored,0.15,0.15,0.15,11.3,112,987,Not Exposed,Not Exposed,Not Exposed,0.03,0.03,0.03,5329,5329,,one_to_one,official_crosswalk,2353,2851,3219,2434,2887,3383,2025-06,mom_occupational_wages_2025,0,,,published_broad_occupation_group,clerical_sales_service,2026 Q1,2026-08-19,Exposure measures task overlap with current GenAI capabilities; it is not a job-loss probability or forecast.
9.0,53209,Healthcare assistant and related personal care worker n.e.c.,5,SERVICES AND SALES WORKERS,53,532,5320,scored,0.15,0.15,0.15,11.3,112,987,Not Exposed,Not Exposed,Not Exposed,0.03,0.03,0.03,5329,5329,,one_to_one,official_crosswalk,,,,,,,,,0,,,published_broad_occupation_group,clerical_sales_service,2026 Q1,2026-08-19,Exposure measures task overlap with current GenAI capabilities; it is not a job-loss probability or forecast.|MOM does not publish a 2025 detailed wage row for this occupation.
9.0,54110,Fire-fighting/Rescue officer,5,SERVICES AND SALES WORKERS,54,541,5411,scored,0.18,0.18,0.18,17.4,172.5,987,Not Exposed,Not Exposed,Not Exposed,0.1,0.1,0.1,5411,5411,,one_to_one,official_crosswalk,,,,,,,,,0,,,published_broad_occupation_group,clerical_sales_service,2026 Q1,2026-08-19,Exposure measures task overlap with current GenAI capabilities; it is not a job-loss probability or forecast.|MOM does not publish a 2025 detailed wage row for this occupation.
9.0,54121,Police officer,5,SERVICES AND SALES WORKERS,54,541,5412,scored,0.14,0.14,0.14,9,89.5,987,Not Exposed,Not Exposed,Not Exposed,0.03,0.03,0.03,5412,5412,,one_to_one,official_crosswalk,,,,,,,,,0,,,published_broad_occupation_group,clerical_sales_service,2026 Q1,2026-08-19,Exposure measures task overlap with current GenAI capabilities; it is not a job-loss probability or forecast.|MOM does not publish a 2025 detailed wage row for this occupation.
9.0,54122,Narcotics officer,5,SERVICES AND SALES WORKERS,54,541,5412,scored,0.14,0.14,0.14,9,89.5,987,Not Exposed,Not Exposed,Not Exposed,0.03,0.03,0.03,5412,5412,,one_to_one,official_crosswalk,,,,,,,,,0,,,published_broad_occupation_group,clerical_sales_service,2026 Q1,2026-08-19,Exposure measures task overlap with current GenAI capabilities; it is not a job-loss probability or forecast.|MOM does not publish a 2025 detailed wage row for this occupation.
9.0,54123,Auxiliary police officer,5,SERVICES AND SALES WORKERS,54,541,5412,scored,0.14,0.14,0.14,9,89.5,987,Not Exposed,Not Exposed,Not Exposed,0.03,0.03,0.03,5412,5412,,one_to_one,official_crosswalk,,,,,,,,,0,,,published_broad_occupation_group,clerical_sales_service,2026 Q1,2026-08-19,Exposure measures task overlap with current GenAI capabilities; it is not a job-loss probability or forecast.|MOM does not publish a 2025 detailed wage row for this occupation.
9.0,54130,Prison officer,5,SERVICES AND SALES WORKERS,54,541,5413,scored,0.14,0.14,0.14,9,89.5,987,Not Exposed,Not Exposed,Not Exposed,0.04,0.04,0.04,5413,5413,,one_to_one,official_crosswalk,,,,,,,,,0,,,published_broad_occupation_group,clerical_sales_service,2026 Q1,2026-08-19,Exposure measures task overlap with current GenAI capabilities; it is not a job-loss probability or forecast.|MOM does not publish a 2025 detailed wage row for this occupation.
9.0,54141,Senior security supervisor,5,SERVICES AND SALES WORKERS,54,541,5414,scored,0.2,0.2,0.2,21.8,215.5,987,Not Exposed,Not Exposed,Not Exposed,0.09,0.09,0.09,5414,5414,,one_to_one,official_crosswalk,3180,3555,4000,3462,3835,4410,2025-06,mom_occupational_wages_2025,0,,,published_broad_occupation_group,clerical_sales_service,2026 Q1,2026-08-19,Exposure measures task overlap with current GenAI capabilities; it is not a job-loss probability or forecast.
9.0,54142,Security supervisor,5,SERVICES AND SALES WORKERS,54,541,5414,scored,0.2,0.2,0.2,21.8,215.5,987,Not Exposed,Not Exposed,Not Exposed,0.09,0.09,0.09,5414,5414,,one_to_one,official_crosswalk,2870,3211,3780,3019,3470,4086,2025-06,mom_occupational_wages_2025,0,,,published_broad_occupation_group,clerical_sales_service,2026 Q1,2026-08-19,Exposure measures task overlap with current GenAI capabilities; it is not a job-loss probability or forecast.
9.0,54143,Senior private security officer,5,SERVICES AND SALES WORKERS,54,541,5414,scored,0.2,0.2,0.2,21.8,215.5,987,Not Exposed,Not Exposed,Not Exposed,0.09,0.09,0.09,5414,5414,,one_to_one,official_crosswalk,2870,3170,3355,3025,3304,3559,2025-06,mom_occupational_wages_2025,1,mom_jobs_in_demand_2025,Security officer,published_broad_occupation_group,clerical_sales_service,2026 Q1,2026-08-19,Exposure measures task overlap with current GenAI capabilities; it is not a job-loss probability or forecast.
9.0,54144,Private security officer,5,SERVICES AND SALES WORKERS,54,541,5414,scored,0.2,0.2,0.2,21.8,215.5,987,Not Exposed,Not Exposed,Not Exposed,0.09,0.09,0.09,5414,5414,,one_to_one,official_crosswalk,2375,2870,3170,2565,2990,3355,2025-06,mom_occupational_wages_2025,1,mom_jobs_in_demand_2025,Security officer,published_broad_occupation_group,clerical_sales_service,2026 Q1,2026-08-19,Exposure measures task overlap with current GenAI capabilities; it is not a job-loss probability or forecast.
9.0,54150,Lifeguard,5,SERVICES AND SALES WORKERS,54,541,5415,scored,0.2,0.2,0.2,21.8,215.5,987,Not Exposed,Not Exposed,Not Exposed,0.05,0.05,0.05,5419,5419,,one_to_one,official_crosswalk,2200,2790,3279,2385,2829,3296,2025-06,mom_occupational_wages_2025,0,,,published_broad_occupation_group,clerical_sales_service,2026 Q1,2026-08-19,Exposure measures task overlap with current GenAI capabilities; it is not a job-loss probability or forecast.
9.0,54191,Private investigator,5,SERVICES AND SALES WORKERS,54,541,5419,scored,0.2,0.2,0.2,21.8,215.5,987,Not Exposed,Not Exposed,Not Exposed,0.05,0.05,0.05,5419,5419,,one_to_one,official_crosswalk,,,,,,,,,0,,,published_broad_occupation_group,clerical_sales_service,2026 Q1,2026-08-19,Exposure measures task overlap with current GenAI capabilities; it is not a job-loss probability or forecast.|MOM does not publish a 2025 detailed wage row for this occupation.
9.0,54192,Industrial investigator,5,SERVICES AND SALES WORKERS,54,541,5419,scored,0.2,0.2,0.2,21.8,215.5,987,Not Exposed,Not Exposed,Not Exposed,0.05,0.05,0.05,5419,5419,,one_to_one,official_crosswalk,,,,,,,,,0,,,published_broad_occupation_group,clerical_sales_service,2026 Q1,2026-08-19,Exposure measures task overlap with current GenAI capabilities; it is not a job-loss probability or forecast.|MOM does not publish a 2025 detailed wage row for this occupation.
9.0,54193,Insurance investigator,5,SERVICES AND SALES WORKERS,54,541,5419,scored,0.2,0.2,0.2,21.8,215.5,987,Not Exposed,Not Exposed,Not Exposed,0.05,0.05,0.05,5419,5419,,one_to_one,official_crosswalk,,,,,,,,,0,,,published_broad_occupation_group,clerical_sales_service,2026 Q1,2026-08-19,Exposure measures task overlap with current GenAI capabilities; it is not a job-loss probability or forecast.|MOM does not publish a 2025 detailed wage row for this occupation.
9.0,54194,Park ranger,5,SERVICES AND SALES WORKERS,54,541,5419,scored,0.29,0.2,0.38,47,464,987,Not Exposed|Minimal Exposure,Not Exposed,Minimal Exposure,0.045,0.04,0.05,5419|2133,5419|2133,,partial,official_crosswalk,,,,,,,,,0,,,published_broad_occupation_group,clerical_sales_service,2026 Q1,2026-08-19,Exposure measures task overlap with current GenAI capabilities; it is not a job-loss probability or forecast.|SSOC maps to multiple ISCO groups without official employment weights; the median and range are shown.|MOM does not publish a 2025 detailed wage row for this occupation.
9.0,54199,Other protective services and related worker n.e.c.,5,SERVICES AND SALES WORKERS,54,541,5419,scored,0.29,0.2,0.38,47,464,987,Not Exposed|Minimal Exposure,Not Exposed,Minimal Exposure,0.045,0.04,0.05,5419|2133,5419|2133,,partial,official_crosswalk,,,,,,,,,0,,,published_broad_occupation_group,clerical_sales_service,2026 Q1,2026-08-19,Exposure measures task overlap with current GenAI capabilities; it is not a job-loss probability or forecast.|SSOC maps to multiple ISCO groups without official employment weights; the median and range are shown.|MOM does not publish a 2025 detailed wage row for this occupation.
9.0,59000,Services worker n.e.c.,5,SERVICES AND SALES WORKERS,59,590,5900,scored,0.21,0.21,0.21,23.9,236.5,987,Not Exposed,Not Exposed,Not Exposed,0.07,0.07,0.07,5169,5169,,one_to_one,official_crosswalk,,,,,,,,,0,,,published_broad_occupation_group,clerical_sales_service,2026 Q1,2026-08-19,Exposure measures task overlap with current GenAI capabilities; it is not a job-loss probability or forecast.|MOM does not publish a 2025 detailed wage row for this occupation.
9.0,61110,Vegetable farm worker,6,AGRICULTURAL AND FISHERY WORKERS,61,611,6111,scored,0.155,0.13,0.18,12.2,121.5,987,Not Exposed,Not Exposed,Not Exposed,0.085,0.05,0.12,6310|6111,6310|6111,,partial,official_crosswalk,,,,,,,,,0,,,published_broad_occupation_group,production_transport,2026 Q1,2026-08-19,Exposure measures task overlap with current GenAI capabilities; it is not a job-loss probability or forecast.|SSOC maps to multiple ISCO groups without official employment weights; the median and range are shown.|MOM does not publish a 2025 detailed wage row for this occupation.
9.0,61131,Landscape/Plant nursery supervisor,6,AGRICULTURAL AND FISHERY WORKERS,61,611,6113,scored,0.195,0.18,0.21,20.5,203,987,Not Exposed,Not Exposed,Not Exposed,0.09,0.07,0.11,6113|3143,6113|3143,,partial,official_crosswalk,1599,1700,1985,1600,1740,2000,2025-06,mom_occupational_wages_2025,0,,,published_broad_occupation_group,production_transport,2026 Q1,2026-08-19,Exposure measures task overlap with current GenAI capabilities; it is not a job-loss probability or forecast.|SSOC maps to multiple ISCO groups without official employment weights; the median and range are shown.
9.0,61132,Plant nursery worker,6,AGRICULTURAL AND FISHERY WORKERS,61,611,6113,scored,0.18,0.18,0.18,17.4,172.5,987,Not Exposed,Not Exposed,Not Exposed,0.11,0.11,0.11,6113,6113,,one_to_one,official_crosswalk,1508,1846,1966,1520,1860,2121,2025-06,mom_occupational_wages_2025,0,,,published_broad_occupation_group,production_transport,2026 Q1,2026-08-19,Exposure measures task overlap with current GenAI capabilities; it is not a job-loss probability or forecast.
9.0,61133,Gardener/Horticultural worker,6,AGRICULTURAL AND FISHERY WORKERS,61,611,6113,scored,0.15,0.12,0.18,11.3,112,987,Not Exposed,Not Exposed,Not Exposed,0.08,0.05,0.11,6210|6113,6210|6113,,partial,official_crosswalk,1720,1835,1950,1800,1850,1950,2025-06,mom_occupational_wages_2025,0,,,published_broad_occupation_group,production_transport,2026 Q1,2026-08-19,Exposure measures task overlap with current GenAI capabilities; it is not a job-loss probability or forecast.|SSOC maps to multiple ISCO groups without official employment weights; the median and range are shown.
9.0,61210,Livestock/Dairy farm worker,6,AGRICULTURAL AND FISHERY WORKERS,61,612,6121,scored,0.15,0.13,0.17,11.3,112,987,Not Exposed,Not Exposed,Not Exposed,0.07,0.04,0.1,6320|6121,6320|6121,,partial,official_crosswalk,,,,,,,,,0,,,published_broad_occupation_group,production_transport,2026 Q1,2026-08-19,Exposure measures task overlap with current GenAI capabilities; it is not a job-loss probability or forecast.|SSOC maps to multiple ISCO groups without official employment weights; the median and range are shown.|MOM does not publish a 2025 detailed wage row for this occupation.
9.0,61220,Poultry farm worker,6,AGRICULTURAL AND FISHERY WORKERS,61,612,6122,scored,0.19,0.19,0.19,19.8,196.5,987,Not Exposed,Not Exposed,Not Exposed,0.1,0.1,0.1,6122,6122,,one_to_one,official_crosswalk,,,,,,,,,0,,,published_broad_occupation_group,production_transport,2026 Q1,2026-08-19,Exposure measures task overlap with current GenAI capabilities; it is not a job-loss probability or forecast.|MOM does not publish a 2025 detailed wage row for this occupation.
9.0,61900,Agricultural worker n.e.c.,6,AGRICULTURAL AND FISHERY WORKERS,61,619,6190,scored,0.17,0.09,0.22,14.2,141,987,Not Exposed,Not Exposed,Not Exposed,0.11,0.03,0.14,6340|6330|6224|6130|6129|6123|6114|6112,6340|6330|6224|6130|6129|6123|6114|6112,,partial,official_crosswalk,,,,,,,,,0,,,published_broad_occupation_group,production_transport,2026 Q1,2026-08-19,Exposure measures task overlap with current GenAI capabilities; it is not a job-loss probability or forecast.|SSOC maps to multiple ISCO groups without official employment weights; the median and range are shown.|MOM does not publish a 2025 detailed wage row for this occupation.
9.0,62211,Fish/Prawn farm worker,6,AGRICULTURAL AND FISHERY WORKERS,62,622,6221,scored,0.22,0.22,0.22,26.2,259,987,Not Exposed,Not Exposed,Not Exposed,0.15,0.15,0.15,6221,6221,,one_to_one,official_crosswalk,,,,,,,,,0,,,published_broad_occupation_group,production_transport,2026 Q1,2026-08-19,Exposure measures task overlap with current GenAI capabilities; it is not a job-loss probability or forecast.|MOM does not publish a 2025 detailed wage row for this occupation.
9.0,62212,Aquarium fish farm worker,6,AGRICULTURAL AND FISHERY WORKERS,62,622,6221,scored,0.22,0.22,0.22,26.2,259,987,Not Exposed,Not Exposed,Not Exposed,0.15,0.15,0.15,6221,6221,,one_to_one,official_crosswalk,,,,,,,,,0,,,published_broad_occupation_group,production_transport,2026 Q1,2026-08-19,Exposure measures task overlap with current GenAI capabilities; it is not a job-loss probability or forecast.|MOM does not publish a 2025 detailed wage row for this occupation.
9.0,62219,Aquaculture worker n.e.c.,6,AGRICULTURAL AND FISHERY WORKERS,62,622,6221,scored,0.22,0.22,0.22,26.2,259,987,Not Exposed,Not Exposed,Not Exposed,0.15,0.15,0.15,6221,6221,,one_to_one,official_crosswalk,,,,,,,,,0,,,published_broad_occupation_group,production_transport,2026 Q1,2026-08-19,Exposure measures task overlap with current GenAI capabilities; it is not a job-loss probability or forecast.|MOM does not publish a 2025 detailed wage row for this occupation.
9.0,62220,Coastal waters/Deep sea fishery worker,6,AGRICULTURAL AND FISHERY WORKERS,62,622,6222,scored,0.175,0.17,0.18,15.6,155,987,Not Exposed,Not Exposed,Not Exposed,0.085,0.07,0.1,6223|6222,6223|6222,,partial,official_crosswalk,,,,,,,,,0,,,published_broad_occupation_group,production_transport,2026 Q1,2026-08-19,Exposure measures task overlap with current GenAI capabilities; it is not a job-loss probability or forecast.|SSOC maps to multiple ISCO groups without official employment weights; the median and range are shown.|MOM does not publish a 2025 detailed wage row for this occupation.
9.0,71000,Supervisor/General foreman (building and related trades),7,CRAFTSMEN AND RELATED TRADES WORKERS,71,710,7100,scored,0.28,0.28,0.28,43.1,425.5,987,Not Exposed,Not Exposed,Not Exposed,0.06,0.06,0.06,3123,3123,,one_to_one,official_crosswalk,1580,1949,3703,1600,2000,4000,2025-06,mom_occupational_wages_2025,0,,,published_broad_occupation_group,production_transport,2026 Q1,2026-08-19,Exposure measures task overlap with current GenAI capabilities; it is not a job-loss probability or forecast.
9.0,71120,Bricklayer/Blocklayer,7,CRAFTSMEN AND RELATED TRADES WORKERS,71,711,7112,scored,0.09,0.09,0.09,0.3,4,987,Not Exposed,Not Exposed,Not Exposed,0.01,0.01,0.01,7112,7112,,one_to_one,official_crosswalk,,,,,,,,,0,,,published_broad_occupation_group,production_transport,2026 Q1,2026-08-19,Exposure measures task overlap with current GenAI capabilities; it is not a job-loss probability or forecast.|MOM does not publish a 2025 detailed wage row for this occupation.
9.0,71130,Stonemason/Stone cutter/splitter/carver,7,CRAFTSMEN AND RELATED TRADES WORKERS,71,711,7113,scored,0.11,0.11,0.11,2.4,24.5,987,Not Exposed,Not Exposed,Not Exposed,0.02,0.02,0.02,7113,7113,,one_to_one,official_crosswalk,,,,,,,,,0,,,published_broad_occupation_group,production_transport,2026 Q1,2026-08-19,Exposure measures task overlap with current GenAI capabilities; it is not a job-loss probability or forecast.|MOM does not publish a 2025 detailed wage row for this occupation.
9.0,71141,Concrete form worker,7,CRAFTSMEN AND RELATED TRADES WORKERS,71,711,7114,scored,0.1,0.1,0.1,1.1,11.5,987,Not Exposed,Not Exposed,Not Exposed,0.03,0.03,0.03,7114,7114,,one_to_one,official_crosswalk,,,,,,,,,0,,,published_broad_occupation_group,production_transport,2026 Q1,2026-08-19,Exposure measures task overlap with current GenAI capabilities; it is not a job-loss probability or forecast.|MOM does not publish a 2025 detailed wage row for this occupation.
9.0,71142,Cement finisher/Screeder,7,CRAFTSMEN AND RELATED TRADES WORKERS,71,711,7114,scored,0.1,0.1,0.1,1.1,11.5,987,Not Exposed,Not Exposed,Not Exposed,0.03,0.03,0.03,7114,7114,,one_to_one,official_crosswalk,,,,,,,,,0,,,published_broad_occupation_group,production_transport,2026 Q1,2026-08-19,Exposure measures task overlap with current GenAI capabilities; it is not a job-loss probability or forecast.|MOM does not publish a 2025 detailed wage row for this occupation.
9.0,71149,Concrete placer/finisher and related worker n.e.c.,7,CRAFTSMEN AND RELATED TRADES WORKERS,71,711,7114,scored,0.1,0.1,0.1,1.1,11.5,987,Not Exposed,Not Exposed,Not Exposed,0.03,0.03,0.03,7114,7114,,one_to_one,official_crosswalk,,,,,,,,,0,,,published_broad_occupation_group,production_transport,2026 Q1,2026-08-19,Exposure measures task overlap with current GenAI capabilities; it is not a job-loss probability or forecast.|MOM does not publish a 2025 detailed wage row for this occupation.
9.0,71151,Carpenter,7,CRAFTSMEN AND RELATED TRADES WORKERS,71,711,7115,scored,0.13,0.13,0.13,6.1,61,987,Not Exposed,Not Exposed,Not Exposed,0.02,0.02,0.02,7115,7115,,one_to_one,official_crosswalk,1531,1600,2309,1600,1630,2400,2025-06,mom_occupational_wages_2025,0,,,published_broad_occupation_group,production_transport,2026 Q1,2026-08-19,Exposure measures task overlap with current GenAI capabilities; it is not a job-loss probability or forecast.
9.0,71152,Joiner,7,CRAFTSMEN AND RELATED TRADES WORKERS,71,711,7115,scored,0.13,0.13,0.13,6.1,61,987,Not Exposed,Not Exposed,Not Exposed,0.02,0.02,0.02,7115,7115,,one_to_one,official_crosswalk,,,,,,,,,0,,,published_broad_occupation_group,production_transport,2026 Q1,2026-08-19,Exposure measures task overlap with current GenAI capabilities; it is not a job-loss probability or forecast.|MOM does not publish a 2025 detailed wage row for this occupation.
9.0,71191,Scaffolder,7,CRAFTSMEN AND RELATED TRADES WORKERS,71,711,7119,scored,0.09,0.09,0.09,0.3,4,987,Not Exposed,Not Exposed,Not Exposed,0.01,0.01,0.01,7119,7119,,one_to_one,official_crosswalk,,,,,,,,,0,,,published_broad_occupation_group,production_transport,2026 Q1,2026-08-19,Exposure measures task overlap with current GenAI capabilities; it is not a job-loss probability or forecast.|MOM does not publish a 2025 detailed wage row for this occupation.
9.0,71192,Cladding/Curtain wall erector,7,CRAFTSMEN AND RELATED TRADES WORKERS,71,711,7119,scored,0.11,0.09,0.13,2.4,24.5,987,Not Exposed,Not Exposed,Not Exposed,0.045,0.01,0.08,7121|7119,7121|7119,,partial,official_crosswalk,,,,,,,,,0,,,published_broad_occupation_group,production_transport,2026 Q1,2026-08-19,Exposure measures task overlap with current GenAI capabilities; it is not a job-loss probability or forecast.|SSOC maps to multiple ISCO groups without official employment weights; the median and range are shown.|MOM does not publish a 2025 detailed wage row for this occupation.
9.0,71199,Other building frame and related trades worker n.e.c.,7,CRAFTSMEN AND RELATED TRADES WORKERS,71,711,7119,scored,0.115,0.09,0.14,2.8,29,987,Not Exposed,Not Exposed,Not Exposed,0.04,0.01,0.07,7119|7111,7119|7111,,partial,official_crosswalk,,,,,,,,,0,,,published_broad_occupation_group,production_transport,2026 Q1,2026-08-19,Exposure measures task overlap with current GenAI capabilities; it is not a job-loss probability or forecast.|SSOC maps to multiple ISCO groups without official employment weights; the median and range are shown.|MOM does not publish a 2025 detailed wage row for this occupation.
9.0,71210,Roofer,7,CRAFTSMEN AND RELATED TRADES WORKERS,71,712,7121,scored,0.13,0.13,0.13,6.1,61,987,Not Exposed,Not Exposed,Not Exposed,0.08,0.08,0.08,7121,7121,,one_to_one,official_crosswalk,,,,,,,,,0,,,published_broad_occupation_group,production_transport,2026 Q1,2026-08-19,Exposure measures task overlap with current GenAI capabilities; it is not a job-loss probability or forecast.|MOM does not publish a 2025 detailed wage row for this occupation.
9.0,71220,Floor/Wall tiler,7,CRAFTSMEN AND RELATED TRADES WORKERS,71,712,7122,scored,0.1,0.1,0.1,1.1,11.5,987,Not Exposed,Not Exposed,Not Exposed,0.02,0.02,0.02,7122,7122,,one_to_one,official_crosswalk,1597,1600,1800,1600,1600,1800,2025-06,mom_occupational_wages_2025,0,,,published_broad_occupation_group,production_transport,2026 Q1,2026-08-19,Exposure measures task overlap with current GenAI capabilities; it is not a job-loss probability or forecast.
9.0,71230,Plasterer,7,CRAFTSMEN AND RELATED TRADES WORKERS,71,712,7123,scored,0.11,0.11,0.11,2.4,24.5,987,Not Exposed,Not Exposed,Not Exposed,0.01,0.01,0.01,7123,7123,,one_to_one,official_crosswalk,,,,,,,,,0,,,published_broad_occupation_group,production_transport,2026 Q1,2026-08-19,Exposure measures task overlap with current GenAI capabilities; it is not a job-loss probability or forecast.|MOM does not publish a 2025 detailed wage row for this occupation.
9.0,71241,Refrigeration/Air-conditioning equipment insulator,7,CRAFTSMEN AND RELATED TRADES WORKERS,71,712,7124,scored,0.13,0.13,0.13,6.1,61,987,Not Exposed,Not Exposed,Not Exposed,0.02,0.02,0.02,7124,7124,,one_to_one,official_crosswalk,,,,,,,,,0,,,published_broad_occupation_group,production_transport,2026 Q1,2026-08-19,Exposure measures task overlap with current GenAI capabilities; it is not a job-loss probability or forecast.|MOM does not publish a 2025 detailed wage row for this occupation.
9.0,71242,Boiler/Pipe insulator,7,CRAFTSMEN AND RELATED TRADES WORKERS,71,712,7124,scored,0.13,0.13,0.13,6.1,61,987,Not Exposed,Not Exposed,Not Exposed,0.02,0.02,0.02,7124,7124,,one_to_one,official_crosswalk,,,,,,,,,0,,,published_broad_occupation_group,production_transport,2026 Q1,2026-08-19,Exposure measures task overlap with current GenAI capabilities; it is not a job-loss probability or forecast.|MOM does not publish a 2025 detailed wage row for this occupation.
9.0,71249,Insulation worker n.e.c.,7,CRAFTSMEN AND RELATED TRADES WORKERS,71,712,7124,scored,0.13,0.13,0.13,6.1,61,987,Not Exposed,Not Exposed,Not Exposed,0.02,0.02,0.02,7124,7124,,one_to_one,official_crosswalk,,,,,,,,,0,,,published_broad_occupation_group,production_transport,2026 Q1,2026-08-19,Exposure measures task overlap with current GenAI capabilities; it is not a job-loss probability or forecast.|MOM does not publish a 2025 detailed wage row for this occupation.
9.0,71250,Glazier,7,CRAFTSMEN AND RELATED TRADES WORKERS,71,712,7125,scored,0.14,0.14,0.14,9,89.5,987,Not Exposed,Not Exposed,Not Exposed,0,0,0,7125,7125,,one_to_one,official_crosswalk,,,,,,,,,0,,,published_broad_occupation_group,production_transport,2026 Q1,2026-08-19,Exposure measures task overlap with current GenAI capabilities; it is not a job-loss probability or forecast.|MOM does not publish a 2025 detailed wage row for this occupation.
9.0,71261,Plumber,7,CRAFTSMEN AND RELATED TRADES WORKERS,71,712,7126,scored,0.18,0.18,0.18,17.4,172.5,987,Not Exposed,Not Exposed,Not Exposed,0.1,0.1,0.1,7126,7126,,one_to_one,official_crosswalk,1600,2500,3700,1700,2500,3700,2025-06,mom_occupational_wages_2025,0,,,published_broad_occupation_group,production_transport,2026 Q1,2026-08-19,Exposure measures task overlap with current GenAI capabilities; it is not a job-loss probability or forecast.
9.0,71262,Pipe fitter,7,CRAFTSMEN AND RELATED TRADES WORKERS,71,712,7126,scored,0.18,0.18,0.18,17.4,172.5,987,Not Exposed,Not Exposed,Not Exposed,0.1,0.1,0.1,7126,7126,,one_to_one,official_crosswalk,1600,1675,2671,1600,1700,2760,2025-06,mom_occupational_wages_2025,0,,,published_broad_occupation_group,production_transport,2026 Q1,2026-08-19,Exposure measures task overlap with current GenAI capabilities; it is not a job-loss probability or forecast.
9.0,71263,Pipe/Drain layer,7,CRAFTSMEN AND RELATED TRADES WORKERS,71,712,7126,scored,0.18,0.18,0.18,17.4,172.5,987,Not Exposed,Not Exposed,Not Exposed,0.1,0.1,0.1,7126,7126,,one_to_one,official_crosswalk,,,,,,,,,0,,,published_broad_occupation_group,production_transport,2026 Q1,2026-08-19,Exposure measures task overlap with current GenAI capabilities; it is not a job-loss probability or forecast.|MOM does not publish a 2025 detailed wage row for this occupation.
9.0,71271,Air-conditioning/Refrigeration equipment mechanic,7,CRAFTSMEN AND RELATED TRADES WORKERS,71,712,7127,scored,0.21,0.21,0.21,23.9,236.5,987,Not Exposed,Not Exposed,Not Exposed,0.11,0.11,0.11,7127,7127,,one_to_one,official_crosswalk,1830,2738,3350,1898,2771,3500,2025-06,mom_occupational_wages_2025,0,,,published_broad_occupation_group,production_transport,2026 Q1,2026-08-19,Exposure measures task overlap with current GenAI capabilities; it is not a job-loss probability or forecast.
9.0,71272,Air-conditioning/Refrigeration plant installer,7,CRAFTSMEN AND RELATED TRADES WORKERS,71,712,7127,scored,0.21,0.21,0.21,23.9,236.5,987,Not Exposed,Not Exposed,Not Exposed,0.11,0.11,0.11,7127,7127,,one_to_one,official_crosswalk,,,,,,,,,0,,,published_broad_occupation_group,production_transport,2026 Q1,2026-08-19,Exposure measures task overlap with current GenAI capabilities; it is not a job-loss probability or forecast.|MOM does not publish a 2025 detailed wage row for this occupation.
9.0,71290,Building finisher and related trades worker n.e.c.,7,CRAFTSMEN AND RELATED TRADES WORKERS,71,712,7129,scored,0.14,0.14,0.14,9,89.5,987,Not Exposed,Not Exposed,Not Exposed,0.01,0.01,0.01,7549,7549,,one_to_one,official_crosswalk,,,,,,,,,0,,,published_broad_occupation_group,production_transport,2026 Q1,2026-08-19,Exposure measures task overlap with current GenAI capabilities; it is not a job-loss probability or forecast.|MOM does not publish a 2025 detailed wage row for this occupation.
9.0,71311,Building painter,7,CRAFTSMEN AND RELATED TRADES WORKERS,71,713,7131,scored,0.13,0.13,0.13,6.1,61,987,Not Exposed,Not Exposed,Not Exposed,0.04,0.04,0.04,7131,7131,,one_to_one,official_crosswalk,1587,1600,2310,1600,1600,2310,2025-06,mom_occupational_wages_2025,0,,,published_broad_occupation_group,production_transport,2026 Q1,2026-08-19,Exposure measures task overlap with current GenAI capabilities; it is not a job-loss probability or forecast.
9.0,71312,Wall/Ceiling paperhanger,7,CRAFTSMEN AND RELATED TRADES WORKERS,71,713,7131,scored,0.13,0.13,0.13,6.1,61,987,Not Exposed,Not Exposed,Not Exposed,0.04,0.04,0.04,7131,7131,,one_to_one,official_crosswalk,,,,,,,,,0,,,published_broad_occupation_group,production_transport,2026 Q1,2026-08-19,Exposure measures task overlap with current GenAI capabilities; it is not a job-loss probability or forecast.|MOM does not publish a 2025 detailed wage row for this occupation.
9.0,71321,Structural steel/Ship painter,7,CRAFTSMEN AND RELATED TRADES WORKERS,71,713,7132,scored,0.12,0.12,0.12,3.7,37,987,Not Exposed,Not Exposed,Not Exposed,0,0,0,7132,7132,,one_to_one,official_crosswalk,,,,,,,,,0,,,published_broad_occupation_group,production_transport,2026 Q1,2026-08-19,Exposure measures task overlap with current GenAI capabilities; it is not a job-loss probability or forecast.|MOM does not publish a 2025 detailed wage row for this occupation.
9.0,71322,Motor vehicle spray painter,7,CRAFTSMEN AND RELATED TRADES WORKERS,71,713,7132,scored,0.12,0.12,0.12,3.7,37,987,Not Exposed,Not Exposed,Not Exposed,0,0,0,7132,7132,,one_to_one,official_crosswalk,,,,,,,,,0,,,published_broad_occupation_group,production_transport,2026 Q1,2026-08-19,Exposure measures task overlap with current GenAI capabilities; it is not a job-loss probability or forecast.|MOM does not publish a 2025 detailed wage row for this occupation.
9.0,71323,Spray painter (excluding ships and motor vehicles),7,CRAFTSMEN AND RELATED TRADES WORKERS,71,713,7132,scored,0.12,0.12,0.12,3.7,37,987,Not Exposed,Not Exposed,Not Exposed,0,0,0,7132,7132,,one_to_one,official_crosswalk,,,,,,,,,0,,,published_broad_occupation_group,production_transport,2026 Q1,2026-08-19,Exposure measures task overlap with current GenAI capabilities; it is not a job-loss probability or forecast.|MOM does not publish a 2025 detailed wage row for this occupation.
9.0,71329,Spray painter/Varnisher and related painter n.e.c.,7,CRAFTSMEN AND RELATED TRADES WORKERS,71,713,7132,scored,0.12,0.12,0.12,3.7,37,987,Not Exposed,Not Exposed,Not Exposed,0,0,0,7132,7132,,one_to_one,official_crosswalk,,,,,,,,,0,,,published_broad_occupation_group,production_transport,2026 Q1,2026-08-19,Exposure measures task overlap with current GenAI capabilities; it is not a job-loss probability or forecast.|MOM does not publish a 2025 detailed wage row for this occupation.
9.0,71331,Building maintenance worker,7,CRAFTSMEN AND RELATED TRADES WORKERS,71,713,7133,scored,0.09,0.09,0.09,0.3,4,987,Not Exposed,Not Exposed,Not Exposed,0.01,0.01,0.01,7133,7133,,one_to_one,official_crosswalk,1600,2400,3125,1600,2621,3339,2025-06,mom_occupational_wages_2025,0,,,published_broad_occupation_group,production_transport,2026 Q1,2026-08-19,Exposure measures task overlap with current GenAI capabilities; it is not a job-loss probability or forecast.
9.0,71332,Building structure cleaner and related worker,7,CRAFTSMEN AND RELATED TRADES WORKERS,71,713,7133,scored,0.09,0.09,0.09,0.3,4,987,Not Exposed,Not Exposed,Not Exposed,0.01,0.01,0.01,7133,7133,,one_to_one,official_crosswalk,,,,,,,,,0,,,published_broad_occupation_group,production_transport,2026 Q1,2026-08-19,Exposure measures task overlap with current GenAI capabilities; it is not a job-loss probability or forecast.|MOM does not publish a 2025 detailed wage row for this occupation.
9.0,72000,Supervisor/General foreman (metal/machinery and related trades),7,CRAFTSMEN AND RELATED TRADES WORKERS,72,720,7200,scored,0.35,0.35,0.35,57.4,567,987,Minimal Exposure,Minimal Exposure,Minimal Exposure,0.13,0.13,0.13,3122,3122,,one_to_one,official_crosswalk,3335,4099,4801,3689,4412,5142,2025-06,mom_occupational_wages_2025,0,,,published_broad_occupation_group,production_transport,2026 Q1,2026-08-19,Exposure measures task overlap with current GenAI capabilities; it is not a job-loss probability or forecast.
9.0,72110,Metal moulder/coremaker,7,CRAFTSMEN AND RELATED TRADES WORKERS,72,721,7211,scored,0.13,0.13,0.13,6.1,61,987,Not Exposed,Not Exposed,Not Exposed,0.01,0.01,0.01,7211,7211,,one_to_one,official_crosswalk,,,,,,,,,0,,,published_broad_occupation_group,production_transport,2026 Q1,2026-08-19,Exposure measures task overlap with current GenAI capabilities; it is not a job-loss probability or forecast.|MOM does not publish a 2025 detailed wage row for this occupation.
9.0,72120,Welder/Flame cutter,7,CRAFTSMEN AND RELATED TRADES WORKERS,72,721,7212,scored,0.13,0.13,0.13,6.1,61,987,Not Exposed,Not Exposed,Not Exposed,0.05,0.05,0.05,7212,7212,,one_to_one,official_crosswalk,1600,2777,3910,1800,3000,4461,2025-06,mom_occupational_wages_2025,0,,,published_broad_occupation_group,production_transport,2026 Q1,2026-08-19,Exposure measures task overlap with current GenAI capabilities; it is not a job-loss probability or forecast.
9.0,72130,Sheet metal worker,7,CRAFTSMEN AND RELATED TRADES WORKERS,72,721,7213,scored,0.21,0.21,0.21,23.9,236.5,987,Not Exposed,Not Exposed,Not Exposed,0.09,0.09,0.09,7213,7213,,one_to_one,official_crosswalk,,,,,,,,,0,,,published_broad_occupation_group,production_transport,2026 Q1,2026-08-19,Exposure measures task overlap with current GenAI capabilities; it is not a job-loss probability or forecast.|MOM does not publish a 2025 detailed wage row for this occupation.
9.0,72140,Structural metal preparer/erector,7,CRAFTSMEN AND RELATED TRADES WORKERS,72,721,7214,scored,0.11,0.11,0.11,2.4,24.5,987,Not Exposed,Not Exposed,Not Exposed,0.02,0.02,0.02,7214,7214,,one_to_one,official_crosswalk,,,,,,,,,0,,,published_broad_occupation_group,production_transport,2026 Q1,2026-08-19,Exposure measures task overlap with current GenAI capabilities; it is not a job-loss probability or forecast.|MOM does not publish a 2025 detailed wage row for this occupation.
9.0,72150,Rigger/Cable splicer,7,CRAFTSMEN AND RELATED TRADES WORKERS,72,721,7215,scored,0.13,0.13,0.13,6.1,61,987,Not Exposed,Not Exposed,Not Exposed,0.03,0.03,0.03,7215,7215,,one_to_one,official_crosswalk,,,,,,,,,0,,,published_broad_occupation_group,production_transport,2026 Q1,2026-08-19,Exposure measures task overlap with current GenAI capabilities; it is not a job-loss probability or forecast.|MOM does not publish a 2025 detailed wage row for this occupation.
9.0,72210,Blacksmith/Hammersmith/Forging-press worker,7,CRAFTSMEN AND RELATED TRADES WORKERS,72,722,7221,scored,0.17,0.17,0.17,14.2,141,987,Not Exposed,Not Exposed,Not Exposed,0.05,0.05,0.05,7221,7221,,one_to_one,official_crosswalk,,,,,,,,,0,,,published_broad_occupation_group,production_transport,2026 Q1,2026-08-19,Exposure measures task overlap with current GenAI capabilities; it is not a job-loss probability or forecast.|MOM does not publish a 2025 detailed wage row for this occupation.
9.0,72221,Tool/Die maker,7,CRAFTSMEN AND RELATED TRADES WORKERS,72,722,7222,scored,0.2,0.2,0.2,21.8,215.5,987,Not Exposed,Not Exposed,Not Exposed,0.1,0.1,0.1,7222,7222,,one_to_one,official_crosswalk,1776,2837,3294,1880,3323,4328,2025-06,mom_occupational_wages_2025,0,,,published_broad_occupation_group,production_transport,2026 Q1,2026-08-19,Exposure measures task overlap with current GenAI capabilities; it is not a job-loss probability or forecast.
9.0,72222,Locksmith,7,CRAFTSMEN AND RELATED TRADES WORKERS,72,722,7222,scored,0.2,0.2,0.2,21.8,215.5,987,Not Exposed,Not Exposed,Not Exposed,0.1,0.1,0.1,7222,7222,,one_to_one,official_crosswalk,,,,,,,,,0,,,published_broad_occupation_group,production_transport,2026 Q1,2026-08-19,Exposure measures task overlap with current GenAI capabilities; it is not a job-loss probability or forecast.|MOM does not publish a 2025 detailed wage row for this occupation.
9.0,72229,Toolmaker and related worker n.e.c.,7,CRAFTSMEN AND RELATED TRADES WORKERS,72,722,7222,scored,0.2,0.2,0.2,21.8,215.5,987,Not Exposed,Not Exposed,Not Exposed,0.1,0.1,0.1,7222,7222,,one_to_one,official_crosswalk,,,,,,,,,0,,,published_broad_occupation_group,production_transport,2026 Q1,2026-08-19,Exposure measures task overlap with current GenAI capabilities; it is not a job-loss probability or forecast.|MOM does not publish a 2025 detailed wage row for this occupation.
9.0,72240,Metal polisher/Wheel grinder/Tool sharpener,7,CRAFTSMEN AND RELATED TRADES WORKERS,72,722,7224,scored,0.17,0.17,0.17,14.2,141,987,Not Exposed,Not Exposed,Not Exposed,0.05,0.05,0.05,7224,7224,,one_to_one,official_crosswalk,1663,2289,2975,1671,2387,3000,2025-06,mom_occupational_wages_2025,0,,,published_broad_occupation_group,production_transport,2026 Q1,2026-08-19,Exposure measures task overlap with current GenAI capabilities; it is not a job-loss probability or forecast.
9.0,72310,Automotive mechanic,7,CRAFTSMEN AND RELATED TRADES WORKERS,72,723,7231,scored,0.18,0.18,0.18,17.4,172.5,987,Not Exposed,Not Exposed,Not Exposed,0.04,0.04,0.04,7231,7231,,one_to_one,official_crosswalk,1600,2375,3061,1600,2500,3272,2025-06,mom_occupational_wages_2025,0,,,published_broad_occupation_group,production_transport,2026 Q1,2026-08-19,Exposure measures task overlap with current GenAI capabilities; it is not a job-loss probability or forecast.
9.0,72320,Aircraft engine mechanic/repairer,7,CRAFTSMEN AND RELATED TRADES WORKERS,72,723,7232,scored,0.19,0.19,0.19,19.8,196.5,987,Not Exposed,Not Exposed,Not Exposed,0.07,0.07,0.07,7232,7232,,one_to_one,official_crosswalk,,,,,,,,,0,,,published_broad_occupation_group,production_transport,2026 Q1,2026-08-19,Exposure measures task overlap with current GenAI capabilities; it is not a job-loss probability or forecast.|MOM does not publish a 2025 detailed wage row for this occupation.
9.0,72330,Rolling stock mechanic,7,CRAFTSMEN AND RELATED TRADES WORKERS,72,723,7233,scored,0.17,0.17,0.17,14.2,141,987,Not Exposed,Not Exposed,Not Exposed,0.04,0.04,0.04,7233,7233,,one_to_one,official_crosswalk,,,,,,,,,0,,,published_broad_occupation_group,production_transport,2026 Q1,2026-08-19,Exposure measures task overlap with current GenAI capabilities; it is not a job-loss probability or forecast.|MOM does not publish a 2025 detailed wage row for this occupation.
9.0,72340,Bicycle and related repairer,7,CRAFTSMEN AND RELATED TRADES WORKERS,72,723,7234,scored,0.13,0.13,0.13,6.1,61,987,Not Exposed,Not Exposed,Not Exposed,0.02,0.02,0.02,7234,7234,,one_to_one,official_crosswalk,,,,,,,,,0,,,published_broad_occupation_group,production_transport,2026 Q1,2026-08-19,Exposure measures task overlap with current GenAI capabilities; it is not a job-loss probability or forecast.|MOM does not publish a 2025 detailed wage row for this occupation.
9.0,72350,Marine engine mechanic/repairer,7,CRAFTSMEN AND RELATED TRADES WORKERS,72,723,7235,scored,0.17,0.17,0.17,14.2,141,987,Not Exposed,Not Exposed,Not Exposed,0.04,0.04,0.04,7233,7233,,one_to_one,official_crosswalk,,,,,,,,,0,,,published_broad_occupation_group,production_transport,2026 Q1,2026-08-19,Exposure measures task overlap with current GenAI capabilities; it is not a job-loss probability or forecast.|MOM does not publish a 2025 detailed wage row for this occupation.
9.0,72390,Machinery mechanic/fitter/repairer n.e.c.,7,CRAFTSMEN AND RELATED TRADES WORKERS,72,723,7239,scored,0.17,0.17,0.17,14.2,141,987,Not Exposed,Not Exposed,Not Exposed,0.04,0.04,0.04,7233,7233,,one_to_one,official_crosswalk,,,,,,,,,0,,,published_broad_occupation_group,production_transport,2026 Q1,2026-08-19,Exposure measures task overlap with current GenAI capabilities; it is not a job-loss probability or forecast.|MOM does not publish a 2025 detailed wage row for this occupation.
9.0,73000,Supervisor/General foreman (precision/handicraft/printing and related trades),7,CRAFTSMEN AND RELATED TRADES WORKERS,73,730,7300,scored,0.35,0.35,0.35,57.4,567,987,Minimal Exposure,Minimal Exposure,Minimal Exposure,0.13,0.13,0.13,3122,3122,,one_to_one,official_crosswalk,2872,3531,4588,2992,3700,4800,2025-06,mom_occupational_wages_2025,0,,,published_broad_occupation_group,production_transport,2026 Q1,2026-08-19,Exposure measures task overlap with current GenAI capabilities; it is not a job-loss probability or forecast.
9.0,73111,Watch/Clock assembler/repairer,7,CRAFTSMEN AND RELATED TRADES WORKERS,73,731,7311,scored,0.21,0.21,0.21,23.9,236.5,987,Not Exposed,Not Exposed,Not Exposed,0.08,0.08,0.08,7311,7311,,one_to_one,official_crosswalk,,,,,,,,,0,,,published_broad_occupation_group,production_transport,2026 Q1,2026-08-19,Exposure measures task overlap with current GenAI capabilities; it is not a job-loss probability or forecast.|MOM does not publish a 2025 detailed wage row for this occupation.
9.0,73112,Optical instrument maker/repairer,7,CRAFTSMEN AND RELATED TRADES WORKERS,73,731,7311,scored,0.21,0.21,0.21,23.9,236.5,987,Not Exposed,Not Exposed,Not Exposed,0.08,0.08,0.08,7311,7311,,one_to_one,official_crosswalk,,,,,,,,,0,,,published_broad_occupation_group,production_transport,2026 Q1,2026-08-19,Exposure measures task overlap with current GenAI capabilities; it is not a job-loss probability or forecast.|MOM does not publish a 2025 detailed wage row for this occupation.
9.0,73113,Medical device assembler/repairer,7,CRAFTSMEN AND RELATED TRADES WORKERS,73,731,7311,scored,0.21,0.21,0.21,23.9,236.5,987,Not Exposed,Not Exposed,Not Exposed,0.08,0.08,0.08,7311,7311,,one_to_one,official_crosswalk,1918,2597,3238,2312,2946,4037,2025-06,mom_occupational_wages_2025,0,,,published_broad_occupation_group,production_transport,2026 Q1,2026-08-19,Exposure measures task overlap with current GenAI capabilities; it is not a job-loss probability or forecast.
9.0,73119,Precision instrument maker/repairer n.e.c.,7,CRAFTSMEN AND RELATED TRADES WORKERS,73,731,7311,scored,0.21,0.21,0.21,23.9,236.5,987,Not Exposed,Not Exposed,Not Exposed,0.08,0.08,0.08,7311,7311,,one_to_one,official_crosswalk,,,,,,,,,0,,,published_broad_occupation_group,production_transport,2026 Q1,2026-08-19,Exposure measures task overlap with current GenAI capabilities; it is not a job-loss probability or forecast.|MOM does not publish a 2025 detailed wage row for this occupation.
9.0,73120,Musical instrument maker/repairer/tuner,7,CRAFTSMEN AND RELATED TRADES WORKERS,73,731,7312,scored,0.14,0.14,0.14,9,89.5,987,Not Exposed,Not Exposed,Not Exposed,0.02,0.02,0.02,7312,7312,,one_to_one,official_crosswalk,,,,,,,,,0,,,published_broad_occupation_group,production_transport,2026 Q1,2026-08-19,Exposure measures task overlap with current GenAI capabilities; it is not a job-loss probability or forecast.|MOM does not publish a 2025 detailed wage row for this occupation.
9.0,73130,Jewellery/Precious metal worker,7,CRAFTSMEN AND RELATED TRADES WORKERS,73,731,7313,scored,0.18,0.18,0.18,17.4,172.5,987,Not Exposed,Not Exposed,Not Exposed,0.05,0.05,0.05,7313,7313,,one_to_one,official_crosswalk,,,,,,,,,0,,,published_broad_occupation_group,production_transport,2026 Q1,2026-08-19,Exposure measures task overlap with current GenAI capabilities; it is not a job-loss probability or forecast.|MOM does not publish a 2025 detailed wage row for this occupation.
9.0,73140,Potter and related worker,7,CRAFTSMEN AND RELATED TRADES WORKERS,73,731,7314,scored,0.18,0.18,0.18,17.4,172.5,987,Not Exposed,Not Exposed,Not Exposed,0.07,0.07,0.07,7314,7314,,one_to_one,official_crosswalk,,,,,,,,,0,,,published_broad_occupation_group,production_transport,2026 Q1,2026-08-19,Exposure measures task overlap with current GenAI capabilities; it is not a job-loss probability or forecast.|MOM does not publish a 2025 detailed wage row for this occupation.
9.0,73150,Glass maker/cutter/grinder/finisher,7,CRAFTSMEN AND RELATED TRADES WORKERS,73,731,7315,scored,0.19,0.19,0.19,19.8,196.5,987,Not Exposed,Not Exposed,Not Exposed,0.06,0.06,0.06,7315,7315,,one_to_one,official_crosswalk,,,,,,,,,0,,,published_broad_occupation_group,production_transport,2026 Q1,2026-08-19,Exposure measures task overlap with current GenAI capabilities; it is not a job-loss probability or forecast.|MOM does not publish a 2025 detailed wage row for this occupation.
9.0,73160,Sign writer/Decorative painter/Engraver/Etcher,7,CRAFTSMEN AND RELATED TRADES WORKERS,73,731,7316,scored,0.15,0.12,0.18,11.3,112,987,Not Exposed,Not Exposed,Not Exposed,0.04,0,0.08,7132|7316,7132|7316,,partial,official_crosswalk,,,,,,,,,0,,,published_broad_occupation_group,production_transport,2026 Q1,2026-08-19,Exposure measures task overlap with current GenAI capabilities; it is not a job-loss probability or forecast.|SSOC maps to multiple ISCO groups without official employment weights; the median and range are shown.|MOM does not publish a 2025 detailed wage row for this occupation.
9.0,73210,Pre-press trades worker,7,CRAFTSMEN AND RELATED TRADES WORKERS,73,732,7321,scored,0.38,0.38,0.38,67.6,667.5,987,Exposed: Gradient 1,Exposed: Gradient 1,Exposed: Gradient 1,0.22,0.22,0.22,7321,7321,,one_to_one,official_crosswalk,,,,,,,,,0,,,published_broad_occupation_group,production_transport,2026 Q1,2026-08-19,Exposure measures task overlap with current GenAI capabilities; it is not a job-loss probability or forecast.|MOM does not publish a 2025 detailed wage row for this occupation.
9.0,73220,Printer,7,CRAFTSMEN AND RELATED TRADES WORKERS,73,732,7322,scored,0.25,0.25,0.25,31.1,307.5,987,Not Exposed,Not Exposed,Not Exposed,0.11,0.11,0.11,7322,7322,,one_to_one,official_crosswalk,,,,,,,,,0,,,published_broad_occupation_group,production_transport,2026 Q1,2026-08-19,Exposure measures task overlap with current GenAI capabilities; it is not a job-loss probability or forecast.|MOM does not publish a 2025 detailed wage row for this occupation.
9.0,74001,Lift supervisor,7,CRAFTSMEN AND RELATED TRADES WORKERS,74,740,7400,scored,0.35,0.35,0.35,57.4,567,987,Minimal Exposure,Minimal Exposure,Minimal Exposure,0.13,0.13,0.13,3122,3122,,one_to_one,official_crosswalk,3650,4131,4661,4186,4701,5581,2025-06,mom_occupational_wages_2025,0,,,published_broad_occupation_group,production_transport,2026 Q1,2026-08-19,Exposure measures task overlap with current GenAI capabilities; it is not a job-loss probability or forecast.
9.0,74002,"Supervisor/General foreman (electrical/electronic trades, excluding lift)",7,CRAFTSMEN AND RELATED TRADES WORKERS,74,740,7400,scored,0.35,0.35,0.35,57.4,567,987,Minimal Exposure,Minimal Exposure,Minimal Exposure,0.13,0.13,0.13,3122,3122,,one_to_one,official_crosswalk,1750,3418,4670,2308,3733,4767,2025-06,mom_occupational_wages_2025,0,,,published_broad_occupation_group,production_transport,2026 Q1,2026-08-19,Exposure measures task overlap with current GenAI capabilities; it is not a job-loss probability or forecast.
9.0,74110,Electrician,7,CRAFTSMEN AND RELATED TRADES WORKERS,74,741,7411,scored,0.19,0.19,0.19,19.8,196.5,987,Not Exposed,Not Exposed,Not Exposed,0.06,0.06,0.06,7411,7411,,one_to_one,official_crosswalk,1600,2334,3152,1675,2400,3570,2025-06,mom_occupational_wages_2025,0,,,published_broad_occupation_group,production_transport,2026 Q1,2026-08-19,Exposure measures task overlap with current GenAI capabilities; it is not a job-loss probability or forecast.
9.0,74121,Electrical fitter,7,CRAFTSMEN AND RELATED TRADES WORKERS,74,741,7412,scored,0.17,0.17,0.17,14.2,141,987,Not Exposed,Not Exposed,Not Exposed,0.05,0.05,0.05,7412,7412,,one_to_one,official_crosswalk,1610,2302,2995,1610,2491,3200,2025-06,mom_occupational_wages_2025,0,,,published_broad_occupation_group,production_transport,2026 Q1,2026-08-19,Exposure measures task overlap with current GenAI capabilities; it is not a job-loss probability or forecast.
9.0,74122,Electrical lift/escalator and related equipment fitter,7,CRAFTSMEN AND RELATED TRADES WORKERS,74,741,7412,scored,0.17,0.17,0.17,14.2,141,987,Not Exposed,Not Exposed,Not Exposed,0.05,0.05,0.05,7412,7412,,one_to_one,official_crosswalk,2758,2983,4046,2998,3750,4467,2025-06,mom_occupational_wages_2025,0,,,published_broad_occupation_group,production_transport,2026 Q1,2026-08-19,Exposure measures task overlap with current GenAI capabilities; it is not a job-loss probability or forecast.
9.0,74123,Electrical household appliance repairer,7,CRAFTSMEN AND RELATED TRADES WORKERS,74,741,7412,scored,0.17,0.17,0.17,14.2,141,987,Not Exposed,Not Exposed,Not Exposed,0.05,0.05,0.05,7412,7412,,one_to_one,official_crosswalk,,,,,,,,,0,,,published_broad_occupation_group,production_transport,2026 Q1,2026-08-19,Exposure measures task overlap with current GenAI capabilities; it is not a job-loss probability or forecast.|MOM does not publish a 2025 detailed wage row for this occupation.
9.0,74131,Electrical line installer (overhead),7,CRAFTSMEN AND RELATED TRADES WORKERS,74,741,7413,scored,0.15,0.15,0.15,11.3,112,987,Not Exposed,Not Exposed,Not Exposed,0.08,0.08,0.08,7413,7413,,one_to_one,official_crosswalk,,,,,,,,,0,,,published_broad_occupation_group,production_transport,2026 Q1,2026-08-19,Exposure measures task overlap with current GenAI capabilities; it is not a job-loss probability or forecast.|MOM does not publish a 2025 detailed wage row for this occupation.
9.0,74132,Electric cable jointer,7,CRAFTSMEN AND RELATED TRADES WORKERS,74,741,7413,scored,0.15,0.15,0.15,11.3,112,987,Not Exposed,Not Exposed,Not Exposed,0.08,0.08,0.08,7413,7413,,one_to_one,official_crosswalk,,,,,,,,,0,,,published_broad_occupation_group,production_transport,2026 Q1,2026-08-19,Exposure measures task overlap with current GenAI capabilities; it is not a job-loss probability or forecast.|MOM does not publish a 2025 detailed wage row for this occupation.
9.0,74133,Underground electrical line installer/repairer,7,CRAFTSMEN AND RELATED TRADES WORKERS,74,741,7413,scored,0.15,0.15,0.15,11.3,112,987,Not Exposed,Not Exposed,Not Exposed,0.08,0.08,0.08,7413,7413,,one_to_one,official_crosswalk,,,,,,,,,0,,,published_broad_occupation_group,production_transport,2026 Q1,2026-08-19,Exposure measures task overlap with current GenAI capabilities; it is not a job-loss probability or forecast.|MOM does not publish a 2025 detailed wage row for this occupation.
9.0,74210,Electronics fitter (excluding broadcasting and communication equipment),7,CRAFTSMEN AND RELATED TRADES WORKERS,74,742,7421,scored,0.25,0.25,0.25,31.1,307.5,987,Not Exposed,Not Exposed,Not Exposed,0.13,0.13,0.13,7421,7421,,one_to_one,official_crosswalk,,,,,,,,,0,,,published_broad_occupation_group,production_transport,2026 Q1,2026-08-19,Exposure measures task overlap with current GenAI capabilities; it is not a job-loss probability or forecast.|MOM does not publish a 2025 detailed wage row for this occupation.
9.0,74221,Consumer audio/video equipment/radar broadcasting/transmitting equipment fitter/mechanic,7,CRAFTSMEN AND RELATED TRADES WORKERS,74,742,7422,scored,0.245,0.24,0.25,30.3,299.5,987,Not Exposed,Not Exposed,Not Exposed,0.135,0.13,0.14,7421|7422,7421|7422,,partial,official_crosswalk,,,,,,,,,0,,,published_broad_occupation_group,production_transport,2026 Q1,2026-08-19,Exposure measures task overlap with current GenAI capabilities; it is not a job-loss probability or forecast.|SSOC maps to multiple ISCO groups without official employment weights; the median and range are shown.|MOM does not publish a 2025 detailed wage row for this occupation.
9.0,74222,Computer and related electronic equipment mechanic,7,CRAFTSMEN AND RELATED TRADES WORKERS,74,742,7422,scored,0.24,0.24,0.24,29.2,289,987,Not Exposed,Not Exposed,Not Exposed,0.14,0.14,0.14,7422,7422,,one_to_one,official_crosswalk,,,,,,,,,0,,,published_broad_occupation_group,production_transport,2026 Q1,2026-08-19,Exposure measures task overlap with current GenAI capabilities; it is not a job-loss probability or forecast.|MOM does not publish a 2025 detailed wage row for this occupation.
9.0,74223,Telecommunications lineman,7,CRAFTSMEN AND RELATED TRADES WORKERS,74,742,7422,scored,0.24,0.24,0.24,29.2,289,987,Not Exposed,Not Exposed,Not Exposed,0.14,0.14,0.14,7422,7422,,one_to_one,official_crosswalk,,,,,,,,,0,,,published_broad_occupation_group,production_transport,2026 Q1,2026-08-19,Exposure measures task overlap with current GenAI capabilities; it is not a job-loss probability or forecast.|MOM does not publish a 2025 detailed wage row for this occupation.
9.0,74224,Telecommunications installer/servicer,7,CRAFTSMEN AND RELATED TRADES WORKERS,74,742,7422,scored,0.24,0.24,0.24,29.2,289,987,Not Exposed,Not Exposed,Not Exposed,0.14,0.14,0.14,7422,7422,,one_to_one,official_crosswalk,,,,,,,,,0,,,published_broad_occupation_group,production_transport,2026 Q1,2026-08-19,Exposure measures task overlap with current GenAI capabilities; it is not a job-loss probability or forecast.|MOM does not publish a 2025 detailed wage row for this occupation.
9.0,75000,Supervisor/General foreman (food processing/woodworking/garment/leather and related trades),7,CRAFTSMEN AND RELATED TRADES WORKERS,75,750,7500,scored,0.35,0.35,0.35,57.4,567,987,Minimal Exposure,Minimal Exposure,Minimal Exposure,0.13,0.13,0.13,3122,3122,,one_to_one,official_crosswalk,1956,2800,3663,2000,3016,3921,2025-06,mom_occupational_wages_2025,0,,,published_broad_occupation_group,production_transport,2026 Q1,2026-08-19,Exposure measures task overlap with current GenAI capabilities; it is not a job-loss probability or forecast.
9.0,75110,Butcher/Fishmonger and related food preparer,7,CRAFTSMEN AND RELATED TRADES WORKERS,75,751,7511,scored,0.13,0.13,0.13,6.1,61,987,Not Exposed,Not Exposed,Not Exposed,0.03,0.03,0.03,7511,7511,,one_to_one,official_crosswalk,1676,2763,2900,2461,2780,2991,2025-06,mom_occupational_wages_2025,0,,,published_broad_occupation_group,production_transport,2026 Q1,2026-08-19,Exposure measures task overlap with current GenAI capabilities; it is not a job-loss probability or forecast.
9.0,75121,Baker,7,CRAFTSMEN AND RELATED TRADES WORKERS,75,751,7512,scored,0.17,0.17,0.17,14.2,141,987,Not Exposed,Not Exposed,Not Exposed,0.08,0.08,0.08,7512,7512,,one_to_one,official_crosswalk,1566,1849,2557,1600,2000,3007,2025-06,mom_occupational_wages_2025,0,,,published_broad_occupation_group,production_transport,2026 Q1,2026-08-19,Exposure measures task overlap with current GenAI capabilities; it is not a job-loss probability or forecast.
9.0,75122,Pastry/Confectionery maker,7,CRAFTSMEN AND RELATED TRADES WORKERS,75,751,7512,scored,0.17,0.17,0.17,14.2,141,987,Not Exposed,Not Exposed,Not Exposed,0.08,0.08,0.08,7512,7512,,one_to_one,official_crosswalk,1568,1838,2800,1600,2341,3225,2025-06,mom_occupational_wages_2025,0,,,published_broad_occupation_group,production_transport,2026 Q1,2026-08-19,Exposure measures task overlap with current GenAI capabilities; it is not a job-loss probability or forecast.
9.0,75150,Food and beverage taster/grader,7,CRAFTSMEN AND RELATED TRADES WORKERS,75,751,7515,scored,0.31,0.31,0.31,51,503.5,987,Minimal Exposure,Minimal Exposure,Minimal Exposure,0.16,0.16,0.16,7515,7515,,one_to_one,official_crosswalk,,,,,,,,,0,,,published_broad_occupation_group,production_transport,2026 Q1,2026-08-19,Exposure measures task overlap with current GenAI capabilities; it is not a job-loss probability or forecast.|MOM does not publish a 2025 detailed wage row for this occupation.
9.0,75190,Food processing and related trades worker n.e.c.,7,CRAFTSMEN AND RELATED TRADES WORKERS,75,751,7519,scored,0.15,0.14,0.22,11.3,112,987,Not Exposed,Not Exposed,Not Exposed,0.06,0.04,0.17,7513|7514|7516,7513|7514|7516,,partial,official_crosswalk,,,,,,,,,0,,,published_broad_occupation_group,production_transport,2026 Q1,2026-08-19,Exposure measures task overlap with current GenAI capabilities; it is not a job-loss probability or forecast.|SSOC maps to multiple ISCO groups without official employment weights; the median and range are shown.|MOM does not publish a 2025 detailed wage row for this occupation.
9.0,75210,Wood treater,7,CRAFTSMEN AND RELATED TRADES WORKERS,75,752,7521,scored,0.22,0.22,0.22,26.2,259,987,Not Exposed,Not Exposed,Not Exposed,0.15,0.15,0.15,7521,7521,,one_to_one,official_crosswalk,,,,,,,,,0,,,published_broad_occupation_group,production_transport,2026 Q1,2026-08-19,Exposure measures task overlap with current GenAI capabilities; it is not a job-loss probability or forecast.|MOM does not publish a 2025 detailed wage row for this occupation.
9.0,75220,Cabinet maker/Wood related trades worker,7,CRAFTSMEN AND RELATED TRADES WORKERS,75,752,7522,scored,0.16,0.16,0.16,12.6,125,987,Not Exposed,Not Exposed,Not Exposed,0.06,0.06,0.06,7522,7522,,one_to_one,official_crosswalk,,,,,,,,,0,,,published_broad_occupation_group,production_transport,2026 Q1,2026-08-19,Exposure measures task overlap with current GenAI capabilities; it is not a job-loss probability or forecast.|MOM does not publish a 2025 detailed wage row for this occupation.
9.0,75290,Furniture maker and related trades worker n.e.c.,7,CRAFTSMEN AND RELATED TRADES WORKERS,75,752,7529,scored,0.18,0.14,0.22,17.4,172.5,987,Not Exposed,Not Exposed,Not Exposed,0.085,0.01,0.16,7523|7317,7523|7317,,partial,official_crosswalk,,,,,,,,,0,,,published_broad_occupation_group,production_transport,2026 Q1,2026-08-19,Exposure measures task overlap with current GenAI capabilities; it is not a job-loss probability or forecast.|SSOC maps to multiple ISCO groups without official employment weights; the median and range are shown.|MOM does not publish a 2025 detailed wage row for this occupation.
9.0,75310,Tailor/Dressmaker,7,CRAFTSMEN AND RELATED TRADES WORKERS,75,753,7531,scored,0.15,0.15,0.15,11.3,112,987,Not Exposed,Not Exposed,Not Exposed,0.05,0.05,0.05,7531,7531,,one_to_one,official_crosswalk,1584,2260,3393,1600,2318,3500,2025-06,mom_occupational_wages_2025,0,,,published_broad_occupation_group,production_transport,2026 Q1,2026-08-19,Exposure measures task overlap with current GenAI capabilities; it is not a job-loss probability or forecast.
9.0,75320,Garment and related pattern-maker/cutter,7,CRAFTSMEN AND RELATED TRADES WORKERS,75,753,7532,scored,0.17,0.17,0.17,14.2,141,987,Not Exposed,Not Exposed,Not Exposed,0.04,0.04,0.04,7532,7532,,one_to_one,official_crosswalk,,,,,,,,,0,,,published_broad_occupation_group,production_transport,2026 Q1,2026-08-19,Exposure measures task overlap with current GenAI capabilities; it is not a job-loss probability or forecast.|MOM does not publish a 2025 detailed wage row for this occupation.
9.0,75340,Upholsterer and related worker,7,CRAFTSMEN AND RELATED TRADES WORKERS,75,753,7534,scored,0.18,0.18,0.18,17.4,172.5,987,Not Exposed,Not Exposed,Not Exposed,0.09,0.09,0.09,7534,7534,,one_to_one,official_crosswalk,,,,,,,,,0,,,published_broad_occupation_group,production_transport,2026 Q1,2026-08-19,Exposure measures task overlap with current GenAI capabilities; it is not a job-loss probability or forecast.|MOM does not publish a 2025 detailed wage row for this occupation.
9.0,75361,Shoemaker/Cobbler,7,CRAFTSMEN AND RELATED TRADES WORKERS,75,753,7536,scored,0.17,0.17,0.17,14.2,141,987,Not Exposed,Not Exposed,Not Exposed,0.06,0.06,0.06,7536,7536,,one_to_one,official_crosswalk,,,,,,,,,0,,,published_broad_occupation_group,production_transport,2026 Q1,2026-08-19,Exposure measures task overlap with current GenAI capabilities; it is not a job-loss probability or forecast.|MOM does not publish a 2025 detailed wage row for this occupation.
9.0,75362,Leather goods maker/assembler,7,CRAFTSMEN AND RELATED TRADES WORKERS,75,753,7536,scored,0.17,0.17,0.17,14.2,141,987,Not Exposed,Not Exposed,Not Exposed,0.06,0.06,0.06,7536,7536,,one_to_one,official_crosswalk,,,,,,,,,0,,,published_broad_occupation_group,production_transport,2026 Q1,2026-08-19,Exposure measures task overlap with current GenAI capabilities; it is not a job-loss probability or forecast.|MOM does not publish a 2025 detailed wage row for this occupation.
9.0,75369,Shoemaker and related worker n.e.c.,7,CRAFTSMEN AND RELATED TRADES WORKERS,75,753,7536,scored,0.17,0.17,0.17,14.2,141,987,Not Exposed,Not Exposed,Not Exposed,0.06,0.06,0.06,7536,7536,,one_to_one,official_crosswalk,,,,,,,,,0,,,published_broad_occupation_group,production_transport,2026 Q1,2026-08-19,Exposure measures task overlap with current GenAI capabilities; it is not a job-loss probability or forecast.|MOM does not publish a 2025 detailed wage row for this occupation.
9.0,75390,Garment/Leather and related trades worker n.e.c.,7,CRAFTSMEN AND RELATED TRADES WORKERS,75,753,7539,scored,0.12,0.11,0.13,3.7,37,987,Not Exposed,Not Exposed,Not Exposed,0.03,0.02,0.03,7535|7533|7318,7535|7533|7318,,partial,official_crosswalk,,,,,,,,,0,,,published_broad_occupation_group,production_transport,2026 Q1,2026-08-19,Exposure measures task overlap with current GenAI capabilities; it is not a job-loss probability or forecast.|SSOC maps to multiple ISCO groups without official employment weights; the median and range are shown.|MOM does not publish a 2025 detailed wage row for this occupation.
9.0,75410,Underwater diver,7,CRAFTSMEN AND RELATED TRADES WORKERS,75,754,7541,scored,0.16,0.16,0.16,12.6,125,987,Not Exposed,Not Exposed,Not Exposed,0.09,0.09,0.09,7541,7541,,one_to_one,official_crosswalk,,,,,,,,,0,,,published_broad_occupation_group,production_transport,2026 Q1,2026-08-19,Exposure measures task overlap with current GenAI capabilities; it is not a job-loss probability or forecast.|MOM does not publish a 2025 detailed wage row for this occupation.
9.0,75440,Fumigator and related pest/weed controller,7,CRAFTSMEN AND RELATED TRADES WORKERS,75,754,7544,scored,0.13,0.13,0.13,6.1,61,987,Not Exposed,Not Exposed,Not Exposed,0.04,0.04,0.04,7544,7544,,one_to_one,official_crosswalk,1941,2232,2651,2035,2400,2811,2025-06,mom_occupational_wages_2025,0,,,published_broad_occupation_group,production_transport,2026 Q1,2026-08-19,Exposure measures task overlap with current GenAI capabilities; it is not a job-loss probability or forecast.
9.0,75490,Craft and related worker n.e.c.,7,CRAFTSMEN AND RELATED TRADES WORKERS,75,754,7549,scored,0.13,0.12,0.14,6.1,61,987,Not Exposed,Not Exposed,Not Exposed,0.03,0.01,0.05,7549|7542|7319,7549|7542,7319,partial,official_crosswalk,,,,,,,,,0,,,published_broad_occupation_group,production_transport,2026 Q1,2026-08-19,Exposure measures task overlap with current GenAI capabilities; it is not a job-loss probability or forecast.|SSOC maps to multiple ISCO groups without official employment weights; the median and range are shown.|At least one official ISCO match has no ILO 2025 score; the point estimate uses only the scored official matches.|MOM does not publish a 2025 detailed wage row for this occupation.
9.0,81000,Stationary plant/machine supervisor/general foreman,8,PLANT AND MACHINE OPERATORS AND ASSEMBLERS,81,810,8100,scored,0.35,0.35,0.35,57.4,567,987,Minimal Exposure,Minimal Exposure,Minimal Exposure,0.13,0.13,0.13,3122,3122,,one_to_one,official_crosswalk,2990,3770,4892,3280,4312,5357,2025-06,mom_occupational_wages_2025,0,,,published_broad_occupation_group,production_transport,2026 Q1,2026-08-19,Exposure measures task overlap with current GenAI capabilities; it is not a job-loss probability or forecast.
9.0,81130,Well driller/borer and related mining worker,8,PLANT AND MACHINE OPERATORS AND ASSEMBLERS,81,811,8113,scored,0.19,0.17,0.29,19.8,196.5,987,Not Exposed,Not Exposed,Not Exposed,0.11,0.08,0.12,8113|8111|3121,8113|8111|3121,,partial,official_crosswalk,,,,,,,,,0,,,published_broad_occupation_group,production_transport,2026 Q1,2026-08-19,Exposure measures task overlap with current GenAI capabilities; it is not a job-loss probability or forecast.|SSOC maps to multiple ISCO groups without official employment weights; the median and range are shown.|MOM does not publish a 2025 detailed wage row for this occupation.
9.0,81140,Cement and related mineral products machine operator,8,PLANT AND MACHINE OPERATORS AND ASSEMBLERS,81,811,8114,scored,0.22,0.21,0.23,26.2,259,987,Not Exposed,Not Exposed,Not Exposed,0.105,0.1,0.11,8114|8112,8114|8112,,partial,official_crosswalk,,,,,,,,,0,,,published_broad_occupation_group,production_transport,2026 Q1,2026-08-19,Exposure measures task overlap with current GenAI capabilities; it is not a job-loss probability or forecast.|SSOC maps to multiple ISCO groups without official employment weights; the median and range are shown.|MOM does not publish a 2025 detailed wage row for this occupation.
9.0,81210,Metal melter/caster/rolling mill operator,8,PLANT AND MACHINE OPERATORS AND ASSEMBLERS,81,812,8121,scored,0.26,0.26,0.26,33.8,334,987,Not Exposed,Not Exposed,Not Exposed,0.1,0.1,0.1,8121,8121,,one_to_one,official_crosswalk,,,,,,,,,0,,,published_broad_occupation_group,production_transport,2026 Q1,2026-08-19,Exposure measures task overlap with current GenAI capabilities; it is not a job-loss probability or forecast.|MOM does not publish a 2025 detailed wage row for this occupation.
9.0,81220,Metal heat treating plant operator,8,PLANT AND MACHINE OPERATORS AND ASSEMBLERS,81,812,8122,scored,0.26,0.26,0.26,33.8,334,987,Not Exposed,Not Exposed,Not Exposed,0.1,0.1,0.1,8121,8121,,one_to_one,official_crosswalk,,,,,,,,,0,,,published_broad_occupation_group,production_transport,2026 Q1,2026-08-19,Exposure measures task overlap with current GenAI capabilities; it is not a job-loss probability or forecast.|MOM does not publish a 2025 detailed wage row for this occupation.
9.0,81230,Metal drawer/extruder,8,PLANT AND MACHINE OPERATORS AND ASSEMBLERS,81,812,8123,scored,0.26,0.26,0.26,33.8,334,987,Not Exposed,Not Exposed,Not Exposed,0.1,0.1,0.1,8121,8121,,one_to_one,official_crosswalk,,,,,,,,,0,,,published_broad_occupation_group,production_transport,2026 Q1,2026-08-19,Exposure measures task overlap with current GenAI capabilities; it is not a job-loss probability or forecast.|MOM does not publish a 2025 detailed wage row for this occupation.
9.0,81240,Metal finishing/plating/coating machine operator,8,PLANT AND MACHINE OPERATORS AND ASSEMBLERS,81,812,8124,scored,0.2,0.2,0.2,21.8,215.5,987,Not Exposed,Not Exposed,Not Exposed,0.04,0.04,0.04,8122,8122,,one_to_one,official_crosswalk,,,,,,,,,0,,,published_broad_occupation_group,production_transport,2026 Q1,2026-08-19,Exposure measures task overlap with current GenAI capabilities; it is not a job-loss probability or forecast.|MOM does not publish a 2025 detailed wage row for this occupation.
9.0,81251,Metalworking machine setter-operator,8,PLANT AND MACHINE OPERATORS AND ASSEMBLERS,81,812,8125,scored,0.18,0.18,0.18,17.4,172.5,987,Not Exposed,Not Exposed,Not Exposed,0.05,0.05,0.05,7223,7223,,one_to_one,official_crosswalk,1824,2242,3420,2140,2718,4301,2025-06,mom_occupational_wages_2025,0,,,published_broad_occupation_group,production_transport,2026 Q1,2026-08-19,Exposure measures task overlap with current GenAI capabilities; it is not a job-loss probability or forecast.
9.0,81252,Precision grinding machine setter-operator,8,PLANT AND MACHINE OPERATORS AND ASSEMBLERS,81,812,8125,scored,0.18,0.18,0.18,17.4,172.5,987,Not Exposed,Not Exposed,Not Exposed,0.05,0.05,0.05,7223,7223,,one_to_one,official_crosswalk,2270,2472,2600,2570,2784,3289,2025-06,mom_occupational_wages_2025,0,,,published_broad_occupation_group,production_transport,2026 Q1,2026-08-19,Exposure measures task overlap with current GenAI capabilities; it is not a job-loss probability or forecast.
9.0,81259,Machine-tool setter-operator n.e.c.,8,PLANT AND MACHINE OPERATORS AND ASSEMBLERS,81,812,8125,scored,0.18,0.18,0.18,17.4,172.5,987,Not Exposed,Not Exposed,Not Exposed,0.05,0.05,0.05,7223,7223,,one_to_one,official_crosswalk,,,,,,,,,0,,,published_broad_occupation_group,production_transport,2026 Q1,2026-08-19,Exposure measures task overlap with current GenAI capabilities; it is not a job-loss probability or forecast.|MOM does not publish a 2025 detailed wage row for this occupation.
9.0,81311,Chemical processing/products plant/machine operator,8,PLANT AND MACHINE OPERATORS AND ASSEMBLERS,81,813,8131,scored,0.24,0.24,0.24,29.2,289,987,Not Exposed,Not Exposed,Not Exposed,0.07,0.07,0.07,8131,8131,,one_to_one,official_crosswalk,2654,3232,3950,3089,4168,5271,2025-06,mom_occupational_wages_2025,0,,,published_broad_occupation_group,production_transport,2026 Q1,2026-08-19,Exposure measures task overlap with current GenAI capabilities; it is not a job-loss probability or forecast.
9.0,81312,Pharmaceutical products machine operator,8,PLANT AND MACHINE OPERATORS AND ASSEMBLERS,81,813,8131,scored,0.24,0.24,0.24,29.2,289,987,Not Exposed,Not Exposed,Not Exposed,0.07,0.07,0.07,8131,8131,,one_to_one,official_crosswalk,,,,,,,,,0,,,published_broad_occupation_group,production_transport,2026 Q1,2026-08-19,Exposure measures task overlap with current GenAI capabilities; it is not a job-loss probability or forecast.|MOM does not publish a 2025 detailed wage row for this occupation.
9.0,81320,Photographic products machine operator,8,PLANT AND MACHINE OPERATORS AND ASSEMBLERS,81,813,8132,scored,0.27,0.27,0.27,38.1,377,987,Not Exposed,Not Exposed,Not Exposed,0.06,0.06,0.06,8132,8132,,one_to_one,official_crosswalk,,,,,,,,,0,,,published_broad_occupation_group,production_transport,2026 Q1,2026-08-19,Exposure measures task overlap with current GenAI capabilities; it is not a job-loss probability or forecast.|MOM does not publish a 2025 detailed wage row for this occupation.
9.0,81390,Chemical processing/chemical/photographic products plant/machine operator n.e.c.,8,PLANT AND MACHINE OPERATORS AND ASSEMBLERS,81,813,8139,scored,0.255,0.24,0.27,31.8,315,987,Not Exposed,Not Exposed,Not Exposed,0.065,0.06,0.07,8132|8131,8132|8131,,partial,official_crosswalk,,,,,,,,,0,,,published_broad_occupation_group,production_transport,2026 Q1,2026-08-19,Exposure measures task overlap with current GenAI capabilities; it is not a job-loss probability or forecast.|SSOC maps to multiple ISCO groups without official employment weights; the median and range are shown.|MOM does not publish a 2025 detailed wage row for this occupation.
9.0,81410,Rubber products machine operator,8,PLANT AND MACHINE OPERATORS AND ASSEMBLERS,81,814,8141,scored,0.18,0.18,0.18,17.4,172.5,987,Not Exposed,Not Exposed,Not Exposed,0.05,0.05,0.05,8141,8141,,one_to_one,official_crosswalk,,,,,,,,,0,,,published_broad_occupation_group,production_transport,2026 Q1,2026-08-19,Exposure measures task overlap with current GenAI capabilities; it is not a job-loss probability or forecast.|MOM does not publish a 2025 detailed wage row for this occupation.
9.0,81420,Plastic products machine operator,8,PLANT AND MACHINE OPERATORS AND ASSEMBLERS,81,814,8142,scored,0.17,0.17,0.17,14.2,141,987,Not Exposed,Not Exposed,Not Exposed,0.05,0.05,0.05,8142,8142,,one_to_one,official_crosswalk,1387,1490,1894,1463,1624,2462,2025-06,mom_occupational_wages_2025,0,,,published_broad_occupation_group,production_transport,2026 Q1,2026-08-19,Exposure measures task overlap with current GenAI capabilities; it is not a job-loss probability or forecast.
9.0,81430,Paper/Paperboard products machine operator,8,PLANT AND MACHINE OPERATORS AND ASSEMBLERS,81,814,8143,scored,0.18,0.18,0.18,17.4,172.5,987,Not Exposed,Not Exposed,Not Exposed,0.02,0.02,0.02,8143,8143,,one_to_one,official_crosswalk,,,,,,,,,0,,,published_broad_occupation_group,production_transport,2026 Q1,2026-08-19,Exposure measures task overlap with current GenAI capabilities; it is not a job-loss probability or forecast.|MOM does not publish a 2025 detailed wage row for this occupation.
9.0,81501,Sewing machine operator,8,PLANT AND MACHINE OPERATORS AND ASSEMBLERS,81,815,8150,scored,0.15,0.15,0.15,11.3,112,987,Not Exposed,Not Exposed,Not Exposed,0.03,0.03,0.03,8153,8153,,one_to_one,official_crosswalk,1600,1800,2388,1600,1800,2388,2025-06,mom_occupational_wages_2025,0,,,published_broad_occupation_group,production_transport,2026 Q1,2026-08-19,Exposure measures task overlap with current GenAI capabilities; it is not a job-loss probability or forecast.
9.0,81502,"Laundry/Dry cleaning worker (machine, non-household)",8,PLANT AND MACHINE OPERATORS AND ASSEMBLERS,81,815,8150,scored,0.16,0.16,0.16,12.6,125,987,Not Exposed,Not Exposed,Not Exposed,0.03,0.03,0.03,8157,8157,,one_to_one,official_crosswalk,1600,1700,2000,1600,1825,2428,2025-06,mom_occupational_wages_2025,0,,,published_broad_occupation_group,production_transport,2026 Q1,2026-08-19,Exposure measures task overlap with current GenAI capabilities; it is not a job-loss probability or forecast.
9.0,81509,Textile/Fur/Leather products machine operator n.e.c.,8,PLANT AND MACHINE OPERATORS AND ASSEMBLERS,81,815,8150,scored,0.16,0.15,0.21,12.6,125,987,Not Exposed,Not Exposed,Not Exposed,0.02,0.01,0.15,8159|8156|8155|8154|8152|8151,8159|8156|8155|8154|8152|8151,,partial,official_crosswalk,,,,,,,,,0,,,published_broad_occupation_group,production_transport,2026 Q1,2026-08-19,Exposure measures task overlap with current GenAI capabilities; it is not a job-loss probability or forecast.|SSOC maps to multiple ISCO groups without official employment weights; the median and range are shown.|MOM does not publish a 2025 detailed wage row for this occupation.
9.0,81601,Meat/Fish products machine operator,8,PLANT AND MACHINE OPERATORS AND ASSEMBLERS,81,816,8160,scored,0.15,0.15,0.15,11.3,112,987,Not Exposed,Not Exposed,Not Exposed,0.03,0.03,0.03,8160,8160,,one_to_one,official_crosswalk,,,,,,,,,0,,,published_broad_occupation_group,production_transport,2026 Q1,2026-08-19,Exposure measures task overlap with current GenAI capabilities; it is not a job-loss probability or forecast.|MOM does not publish a 2025 detailed wage row for this occupation.
9.0,81602,Dairy/Confectionery products machine operator,8,PLANT AND MACHINE OPERATORS AND ASSEMBLERS,81,816,8160,scored,0.185,0.15,0.22,19.2,190,987,Not Exposed,Not Exposed,Not Exposed,0.1,0.03,0.17,8160|7513,8160|7513,,partial,official_crosswalk,1810,2255,4005,2057,2617,4235,2025-06,mom_occupational_wages_2025,0,,,published_broad_occupation_group,production_transport,2026 Q1,2026-08-19,Exposure measures task overlap with current GenAI capabilities; it is not a job-loss probability or forecast.|SSOC maps to multiple ISCO groups without official employment weights; the median and range are shown.
9.0,81603,Baked/Cereal products machine operator,8,PLANT AND MACHINE OPERATORS AND ASSEMBLERS,81,816,8160,scored,0.15,0.15,0.15,11.3,112,987,Not Exposed,Not Exposed,Not Exposed,0.03,0.03,0.03,8160,8160,,one_to_one,official_crosswalk,,,,,,,,,0,,,published_broad_occupation_group,production_transport,2026 Q1,2026-08-19,Exposure measures task overlap with current GenAI capabilities; it is not a job-loss probability or forecast.|MOM does not publish a 2025 detailed wage row for this occupation.
9.0,81604,Brewer/Wine and related beverages machine operator,8,PLANT AND MACHINE OPERATORS AND ASSEMBLERS,81,816,8160,scored,0.15,0.15,0.15,11.3,112,987,Not Exposed,Not Exposed,Not Exposed,0.03,0.03,0.03,8160,8160,,one_to_one,official_crosswalk,,,,,,,,,0,,,published_broad_occupation_group,production_transport,2026 Q1,2026-08-19,Exposure measures task overlap with current GenAI capabilities; it is not a job-loss probability or forecast.|MOM does not publish a 2025 detailed wage row for this occupation.
9.0,81609,Food and related products machine operator n.e.c.,8,PLANT AND MACHINE OPERATORS AND ASSEMBLERS,81,816,8160,scored,0.15,0.15,0.15,11.3,112,987,Not Exposed,Not Exposed,Not Exposed,0.035,0.03,0.04,8160|7514,8160|7514,,partial,official_crosswalk,,,,,,,,,0,,,published_broad_occupation_group,production_transport,2026 Q1,2026-08-19,Exposure measures task overlap with current GenAI capabilities; it is not a job-loss probability or forecast.|SSOC maps to multiple ISCO groups without official employment weights; the median and range are shown.|MOM does not publish a 2025 detailed wage row for this occupation.
9.0,81700,Wood processing/Papermaking plant operator,8,PLANT AND MACHINE OPERATORS AND ASSEMBLERS,81,817,8170,scored,0.22,0.14,0.28,26.2,259,987,Not Exposed|Minimal Exposure,Not Exposed,Minimal Exposure,0.14,0.05,0.16,8172|8171|7523,8172|8171|7523,,partial,official_crosswalk,,,,,,,,,0,,,published_broad_occupation_group,production_transport,2026 Q1,2026-08-19,Exposure measures task overlap with current GenAI capabilities; it is not a job-loss probability or forecast.|SSOC maps to multiple ISCO groups without official employment weights; the median and range are shown.|MOM does not publish a 2025 detailed wage row for this occupation.
9.0,81810,Glass/Ceramics plant operator,8,PLANT AND MACHINE OPERATORS AND ASSEMBLERS,81,818,8181,scored,0.17,0.17,0.17,14.2,141,987,Not Exposed,Not Exposed,Not Exposed,0.06,0.06,0.06,8181,8181,,one_to_one,official_crosswalk,,,,,,,,,0,,,published_broad_occupation_group,production_transport,2026 Q1,2026-08-19,Exposure measures task overlap with current GenAI capabilities; it is not a job-loss probability or forecast.|MOM does not publish a 2025 detailed wage row for this occupation.
9.0,81821,Boiler fireman,8,PLANT AND MACHINE OPERATORS AND ASSEMBLERS,81,818,8182,scored,0.2,0.2,0.2,21.8,215.5,987,Not Exposed,Not Exposed,Not Exposed,0.04,0.04,0.04,8182,8182,,one_to_one,official_crosswalk,,,,,,,,,0,,,published_broad_occupation_group,production_transport,2026 Q1,2026-08-19,Exposure measures task overlap with current GenAI capabilities; it is not a job-loss probability or forecast.|MOM does not publish a 2025 detailed wage row for this occupation.
9.0,81822,Ship’s oiler/greaser,8,PLANT AND MACHINE OPERATORS AND ASSEMBLERS,81,818,8182,scored,0.2,0.2,0.2,21.8,215.5,987,Not Exposed,Not Exposed,Not Exposed,0.04,0.04,0.04,8182,8182,,one_to_one,official_crosswalk,,,,,,,,,0,,,published_broad_occupation_group,production_transport,2026 Q1,2026-08-19,Exposure measures task overlap with current GenAI capabilities; it is not a job-loss probability or forecast.|MOM does not publish a 2025 detailed wage row for this occupation.
9.0,81829,Steam engine/boiler operator n.e.c.,8,PLANT AND MACHINE OPERATORS AND ASSEMBLERS,81,818,8182,scored,0.2,0.2,0.2,21.8,215.5,987,Not Exposed,Not Exposed,Not Exposed,0.04,0.04,0.04,8182,8182,,one_to_one,official_crosswalk,,,,,,,,,0,,,published_broad_occupation_group,production_transport,2026 Q1,2026-08-19,Exposure measures task overlap with current GenAI capabilities; it is not a job-loss probability or forecast.|MOM does not publish a 2025 detailed wage row for this occupation.
9.0,81830,Packing/Bottling/Labelling machine operator,8,PLANT AND MACHINE OPERATORS AND ASSEMBLERS,81,818,8183,scored,0.22,0.22,0.22,26.2,259,987,Not Exposed,Not Exposed,Not Exposed,0.01,0.01,0.01,8183,8183,,one_to_one,official_crosswalk,1600,1795,2159,1635,1988,2551,2025-06,mom_occupational_wages_2025,0,,,published_broad_occupation_group,production_transport,2026 Q1,2026-08-19,Exposure measures task overlap with current GenAI capabilities; it is not a job-loss probability or forecast.
9.0,81841,Printing machine operator,8,PLANT AND MACHINE OPERATORS AND ASSEMBLERS,81,818,8184,scored,0.235,0.22,0.25,28.2,279,987,Not Exposed,Not Exposed,Not Exposed,0.1,0.09,0.11,7323|7322,7323|7322,,partial,official_crosswalk,,,,,,,,,0,,,published_broad_occupation_group,production_transport,2026 Q1,2026-08-19,Exposure measures task overlap with current GenAI capabilities; it is not a job-loss probability or forecast.|SSOC maps to multiple ISCO groups without official employment weights; the median and range are shown.|MOM does not publish a 2025 detailed wage row for this occupation.
9.0,81842,Bookbinding machine operator,8,PLANT AND MACHINE OPERATORS AND ASSEMBLERS,81,818,8184,scored,0.22,0.22,0.22,26.2,259,987,Not Exposed,Not Exposed,Not Exposed,0.09,0.09,0.09,7323,7323,,one_to_one,official_crosswalk,,,,,,,,,0,,,published_broad_occupation_group,production_transport,2026 Q1,2026-08-19,Exposure measures task overlap with current GenAI capabilities; it is not a job-loss probability or forecast.|MOM does not publish a 2025 detailed wage row for this occupation.
9.0,81849,Printing/Binding and related machine operator n.e.c.,8,PLANT AND MACHINE OPERATORS AND ASSEMBLERS,81,818,8184,scored,0.22,0.22,0.22,26.2,259,987,Not Exposed,Not Exposed,Not Exposed,0.09,0.09,0.09,7323,7323,,one_to_one,official_crosswalk,,,,,,,,,0,,,published_broad_occupation_group,production_transport,2026 Q1,2026-08-19,Exposure measures task overlap with current GenAI capabilities; it is not a job-loss probability or forecast.|MOM does not publish a 2025 detailed wage row for this occupation.
9.0,81890,Stationary plant/machine operator n.e.c.,8,PLANT AND MACHINE OPERATORS AND ASSEMBLERS,81,818,8189,insufficient_evidence,,,,,,,,,,,,,8189,,,one_to_one,official_crosswalk_without_ilo_score,,,,,,,,,0,,,published_broad_occupation_group,production_transport,2026 Q1,2026-08-19,Exposure measures task overlap with current GenAI capabilities; it is not a job-loss probability or forecast.|No usable ILO 2025 score exists for the official ISCO mapping.|MOM does not publish a 2025 detailed wage row for this occupation.
9.0,82000,Supervisor/General foreman of assemblers/quality checkers,8,PLANT AND MACHINE OPERATORS AND ASSEMBLERS,82,820,8200,scored,0.35,0.35,0.35,57.4,567,987,Minimal Exposure,Minimal Exposure,Minimal Exposure,0.13,0.13,0.13,3122,3122,,one_to_one,official_crosswalk,2343,3060,4210,2453,3486,4483,2025-06,mom_occupational_wages_2025,0,,,published_broad_occupation_group,production_transport,2026 Q1,2026-08-19,Exposure measures task overlap with current GenAI capabilities; it is not a job-loss probability or forecast.
9.0,82110,Mechanical equipment/component assembler,8,PLANT AND MACHINE OPERATORS AND ASSEMBLERS,82,821,8211,scored,0.27,0.27,0.27,38.1,377,987,Minimal Exposure,Minimal Exposure,Minimal Exposure,0.17,0.17,0.17,8211,8211,,one_to_one,official_crosswalk,1600,1700,1800,1600,1845,2767,2025-06,mom_occupational_wages_2025,0,,,published_broad_occupation_group,production_transport,2026 Q1,2026-08-19,Exposure measures task overlap with current GenAI capabilities; it is not a job-loss probability or forecast.
9.0,82121,Electrical equipment/component assembler,8,PLANT AND MACHINE OPERATORS AND ASSEMBLERS,82,821,8212,scored,0.28,0.28,0.28,43.1,425.5,987,Minimal Exposure,Minimal Exposure,Minimal Exposure,0.19,0.19,0.19,8212,8212,,one_to_one,official_crosswalk,1732,2402,3064,2112,2572,3187,2025-06,mom_occupational_wages_2025,0,,,published_broad_occupation_group,production_transport,2026 Q1,2026-08-19,Exposure measures task overlap with current GenAI capabilities; it is not a job-loss probability or forecast.
9.0,82122,Electronic equipment/component assembler,8,PLANT AND MACHINE OPERATORS AND ASSEMBLERS,82,821,8212,scored,0.28,0.28,0.28,43.1,425.5,987,Minimal Exposure,Minimal Exposure,Minimal Exposure,0.19,0.19,0.19,8212,8212,,one_to_one,official_crosswalk,1422,1769,2263,1773,2121,2616,2025-06,mom_occupational_wages_2025,0,,,published_broad_occupation_group,production_transport,2026 Q1,2026-08-19,Exposure measures task overlap with current GenAI capabilities; it is not a job-loss probability or forecast.
9.0,82123,Battery assembler,8,PLANT AND MACHINE OPERATORS AND ASSEMBLERS,82,821,8212,scored,0.28,0.28,0.28,43.1,425.5,987,Minimal Exposure,Minimal Exposure,Minimal Exposure,0.19,0.19,0.19,8212,8212,,one_to_one,official_crosswalk,,,,,,,,,0,,,published_broad_occupation_group,production_transport,2026 Q1,2026-08-19,Exposure measures task overlap with current GenAI capabilities; it is not a job-loss probability or forecast.|MOM does not publish a 2025 detailed wage row for this occupation.
9.0,82131,Electrical/Electronic products quality checker/tester,8,PLANT AND MACHINE OPERATORS AND ASSEMBLERS,82,821,8213,scored,0.31,0.31,0.31,51,503.5,987,Minimal Exposure,Minimal Exposure,Minimal Exposure,0.11,0.11,0.11,7543,7543,,one_to_one,official_crosswalk,1600,2209,3168,1886,2325,3230,2025-06,mom_occupational_wages_2025,0,,,published_broad_occupation_group,production_transport,2026 Q1,2026-08-19,Exposure measures task overlap with current GenAI capabilities; it is not a job-loss probability or forecast.
9.0,82132,Mechanical products quality checker/tester,8,PLANT AND MACHINE OPERATORS AND ASSEMBLERS,82,821,8213,scored,0.31,0.31,0.31,51,503.5,987,Minimal Exposure,Minimal Exposure,Minimal Exposure,0.11,0.11,0.11,7543,7543,,one_to_one,official_crosswalk,1926,2712,3139,2150,3396,4810,2025-06,mom_occupational_wages_2025,0,,,published_broad_occupation_group,production_transport,2026 Q1,2026-08-19,Exposure measures task overlap with current GenAI capabilities; it is not a job-loss probability or forecast.
9.0,82139,Quality checker/tester n.e.c.,8,PLANT AND MACHINE OPERATORS AND ASSEMBLERS,82,821,8213,scored,0.31,0.31,0.31,51,503.5,987,Minimal Exposure,Minimal Exposure,Minimal Exposure,0.11,0.11,0.11,7543,7543,,one_to_one,official_crosswalk,,,,,,,,,0,,,published_broad_occupation_group,production_transport,2026 Q1,2026-08-19,Exposure measures task overlap with current GenAI capabilities; it is not a job-loss probability or forecast.|MOM does not publish a 2025 detailed wage row for this occupation.
9.0,82190,Assembler n.e.c.,8,PLANT AND MACHINE OPERATORS AND ASSEMBLERS,82,821,8219,scored,0.32,0.32,0.32,53,524,987,Minimal Exposure,Minimal Exposure,Minimal Exposure,0.17,0.17,0.17,8219,8219,,one_to_one,official_crosswalk,,,,,,,,,0,,,published_broad_occupation_group,production_transport,2026 Q1,2026-08-19,Exposure measures task overlap with current GenAI capabilities; it is not a job-loss probability or forecast.|MOM does not publish a 2025 detailed wage row for this occupation.
9.0,83000,Mobile machinery supervisor/general foreman,8,PLANT AND MACHINE OPERATORS AND ASSEMBLERS,83,830,8300,scored,0.18,0.12,0.28,17.4,172.5,987,Not Exposed,Not Exposed,Not Exposed,0.03,0.02,0.1,8344|8343|8342|8341|3123,8344|8343|8342|8341|3123,,partial,official_crosswalk,2016,2713,4200,2056,2766,4352,2025-06,mom_occupational_wages_2025,0,,,published_broad_occupation_group,production_transport,2026 Q1,2026-08-19,Exposure measures task overlap with current GenAI capabilities; it is not a job-loss probability or forecast.|SSOC maps to multiple ISCO groups without official employment weights; the median and range are shown.
9.0,83110,Train operator,8,PLANT AND MACHINE OPERATORS AND ASSEMBLERS,83,831,8311,scored,0.2,0.2,0.2,21.8,215.5,987,Not Exposed,Not Exposed,Not Exposed,0.08,0.08,0.08,8311,8311,,one_to_one,official_crosswalk,2222,2378,2606,2622,2875,3267,2025-06,mom_occupational_wages_2025,0,,,published_broad_occupation_group,production_transport,2026 Q1,2026-08-19,Exposure measures task overlap with current GenAI capabilities; it is not a job-loss probability or forecast.
9.0,83120,Railway braker and related worker,8,PLANT AND MACHINE OPERATORS AND ASSEMBLERS,83,831,8312,scored,0.17,0.17,0.17,14.2,141,987,Not Exposed,Not Exposed,Not Exposed,0.04,0.04,0.04,8312,8312,,one_to_one,official_crosswalk,,,,,,,,,0,,,published_broad_occupation_group,production_transport,2026 Q1,2026-08-19,Exposure measures task overlap with current GenAI capabilities; it is not a job-loss probability or forecast.|MOM does not publish a 2025 detailed wage row for this occupation.
9.0,83211,Motorcycle delivery worker,8,PLANT AND MACHINE OPERATORS AND ASSEMBLERS,83,832,8321,scored,0.25,0.25,0.25,31.1,307.5,987,Minimal Exposure,Minimal Exposure,Minimal Exposure,0.17,0.17,0.17,8321,8321,,one_to_one,official_crosswalk,1598,1971,2562,1600,2181,2715,2025-06,mom_occupational_wages_2025,0,,,published_broad_occupation_group,production_transport,2026 Q1,2026-08-19,Exposure measures task overlap with current GenAI capabilities; it is not a job-loss probability or forecast.
9.0,83212,Delivery worker using motorised personal mobility aids/devices,8,PLANT AND MACHINE OPERATORS AND ASSEMBLERS,83,832,8321,scored,0.25,0.25,0.25,31.1,307.5,987,Minimal Exposure,Minimal Exposure,Minimal Exposure,0.17,0.17,0.17,8321,8321,,one_to_one,official_crosswalk,,,,,,,,,0,,,published_broad_occupation_group,production_transport,2026 Q1,2026-08-19,Exposure measures task overlap with current GenAI capabilities; it is not a job-loss probability or forecast.|MOM does not publish a 2025 detailed wage row for this occupation.
9.0,83221,Taxi driver,8,PLANT AND MACHINE OPERATORS AND ASSEMBLERS,83,832,8322,scored,0.28,0.28,0.28,43.1,425.5,987,Exposed: Gradient 1,Exposed: Gradient 1,Exposed: Gradient 1,0.23,0.23,0.23,8322,8322,,one_to_one,official_crosswalk,,,,,,,,,0,,,published_broad_occupation_group,production_transport,2026 Q1,2026-08-19,Exposure measures task overlap with current GenAI capabilities; it is not a job-loss probability or forecast.|MOM does not publish a 2025 detailed wage row for this occupation.
9.0,83222,Chauffeur,8,PLANT AND MACHINE OPERATORS AND ASSEMBLERS,83,832,8322,scored,0.28,0.28,0.28,43.1,425.5,987,Exposed: Gradient 1,Exposed: Gradient 1,Exposed: Gradient 1,0.23,0.23,0.23,8322,8322,,one_to_one,official_crosswalk,1585,2323,3233,1600,2536,3600,2025-06,mom_occupational_wages_2025,0,,,published_broad_occupation_group,production_transport,2026 Q1,2026-08-19,Exposure measures task overlap with current GenAI capabilities; it is not a job-loss probability or forecast.
9.0,83223,Van driver,8,PLANT AND MACHINE OPERATORS AND ASSEMBLERS,83,832,8322,scored,0.28,0.28,0.28,43.1,425.5,987,Exposed: Gradient 1,Exposed: Gradient 1,Exposed: Gradient 1,0.23,0.23,0.23,8322,8322,,one_to_one,official_crosswalk,1589,2000,2710,1600,2150,2963,2025-06,mom_occupational_wages_2025,0,,,published_broad_occupation_group,production_transport,2026 Q1,2026-08-19,Exposure measures task overlap with current GenAI capabilities; it is not a job-loss probability or forecast.
9.0,83224,Ambulance driver,8,PLANT AND MACHINE OPERATORS AND ASSEMBLERS,83,832,8322,scored,0.28,0.28,0.28,43.1,425.5,987,Exposed: Gradient 1,Exposed: Gradient 1,Exposed: Gradient 1,0.23,0.23,0.23,8322,8322,,one_to_one,official_crosswalk,2263,2776,3420,2400,2934,3800,2025-06,mom_occupational_wages_2025,0,,,published_broad_occupation_group,production_transport,2026 Q1,2026-08-19,Exposure measures task overlap with current GenAI capabilities; it is not a job-loss probability or forecast.
9.0,83225,Parking valet,8,PLANT AND MACHINE OPERATORS AND ASSEMBLERS,83,832,8322,scored,0.28,0.28,0.28,43.1,425.5,987,Exposed: Gradient 1,Exposed: Gradient 1,Exposed: Gradient 1,0.23,0.23,0.23,8322,8322,,one_to_one,official_crosswalk,,,,,,,,,0,,,published_broad_occupation_group,production_transport,2026 Q1,2026-08-19,Exposure measures task overlap with current GenAI capabilities; it is not a job-loss probability or forecast.|MOM does not publish a 2025 detailed wage row for this occupation.
9.0,83226,Private-hire car driver,8,PLANT AND MACHINE OPERATORS AND ASSEMBLERS,83,832,8322,scored,0.28,0.28,0.28,43.1,425.5,987,Exposed: Gradient 1,Exposed: Gradient 1,Exposed: Gradient 1,0.23,0.23,0.23,8322,8322,,one_to_one,official_crosswalk,,,,,,,,,0,,,published_broad_occupation_group,production_transport,2026 Q1,2026-08-19,Exposure measures task overlap with current GenAI capabilities; it is not a job-loss probability or forecast.|MOM does not publish a 2025 detailed wage row for this occupation.
9.0,83229,Car/Taxi/Van/Light goods vehicle driver n.e.c.,8,PLANT AND MACHINE OPERATORS AND ASSEMBLERS,83,832,8322,scored,0.28,0.28,0.28,43.1,425.5,987,Exposed: Gradient 1,Exposed: Gradient 1,Exposed: Gradient 1,0.23,0.23,0.23,8322,8322,,one_to_one,official_crosswalk,,,,,,,,,0,,,published_broad_occupation_group,production_transport,2026 Q1,2026-08-19,Exposure measures task overlap with current GenAI capabilities; it is not a job-loss probability or forecast.|MOM does not publish a 2025 detailed wage row for this occupation.
9.0,83311,Bus driver,8,PLANT AND MACHINE OPERATORS AND ASSEMBLERS,83,833,8331,scored,0.18,0.18,0.18,17.4,172.5,987,Not Exposed,Not Exposed,Not Exposed,0.06,0.06,0.06,8331,8331,,one_to_one,official_crosswalk,2010,2418,2997,2260,3618,4656,2025-06,mom_occupational_wages_2025,0,,,published_broad_occupation_group,production_transport,2026 Q1,2026-08-19,Exposure measures task overlap with current GenAI capabilities; it is not a job-loss probability or forecast.
9.0,83312,Tram driver,8,PLANT AND MACHINE OPERATORS AND ASSEMBLERS,83,833,8331,scored,0.18,0.18,0.18,17.4,172.5,987,Not Exposed,Not Exposed,Not Exposed,0.06,0.06,0.06,8331,8331,,one_to_one,official_crosswalk,,,,,,,,,0,,,published_broad_occupation_group,production_transport,2026 Q1,2026-08-19,Exposure measures task overlap with current GenAI capabilities; it is not a job-loss probability or forecast.|MOM does not publish a 2025 detailed wage row for this occupation.
9.0,83321,Lorry driver,8,PLANT AND MACHINE OPERATORS AND ASSEMBLERS,83,833,8332,scored,0.24,0.24,0.24,29.2,289,987,Minimal Exposure,Minimal Exposure,Minimal Exposure,0.22,0.22,0.22,8332,8332,,one_to_one,official_crosswalk,1590,2001,2792,1600,2200,3096,2025-06,mom_occupational_wages_2025,0,,,published_broad_occupation_group,production_transport,2026 Q1,2026-08-19,Exposure measures task overlap with current GenAI capabilities; it is not a job-loss probability or forecast.
9.0,83322,Trailer-truck driver,8,PLANT AND MACHINE OPERATORS AND ASSEMBLERS,83,833,8332,scored,0.24,0.24,0.24,29.2,289,987,Minimal Exposure,Minimal Exposure,Minimal Exposure,0.22,0.22,0.22,8332,8332,,one_to_one,official_crosswalk,1333,2074,3146,2000,3070,4065,2025-06,mom_occupational_wages_2025,0,,,published_broad_occupation_group,production_transport,2026 Q1,2026-08-19,Exposure measures task overlap with current GenAI capabilities; it is not a job-loss probability or forecast.
9.0,83323,Concrete mix truck driver,8,PLANT AND MACHINE OPERATORS AND ASSEMBLERS,83,833,8332,scored,0.24,0.24,0.24,29.2,289,987,Minimal Exposure,Minimal Exposure,Minimal Exposure,0.22,0.22,0.22,8332,8332,,one_to_one,official_crosswalk,2200,2659,3214,2667,3131,3785,2025-06,mom_occupational_wages_2025,0,,,published_broad_occupation_group,production_transport,2026 Q1,2026-08-19,Exposure measures task overlap with current GenAI capabilities; it is not a job-loss probability or forecast.
9.0,83324,Waste truck driver,8,PLANT AND MACHINE OPERATORS AND ASSEMBLERS,83,833,8332,scored,0.24,0.24,0.24,29.2,289,987,Minimal Exposure,Minimal Exposure,Minimal Exposure,0.22,0.22,0.22,8332,8332,,one_to_one,official_crosswalk,2620,2810,2930,3318,4235,4876,2025-06,mom_occupational_wages_2025,0,,,published_broad_occupation_group,production_transport,2026 Q1,2026-08-19,Exposure measures task overlap with current GenAI capabilities; it is not a job-loss probability or forecast.
9.0,83329,Heavy truck/Lorry driver n.e.c.,8,PLANT AND MACHINE OPERATORS AND ASSEMBLERS,83,833,8332,scored,0.24,0.24,0.24,29.2,289,987,Minimal Exposure,Minimal Exposure,Minimal Exposure,0.22,0.22,0.22,8332,8332,,one_to_one,official_crosswalk,,,,,,,,,0,,,published_broad_occupation_group,production_transport,2026 Q1,2026-08-19,Exposure measures task overlap with current GenAI capabilities; it is not a job-loss probability or forecast.|MOM does not publish a 2025 detailed wage row for this occupation.
9.0,83421,Excavating/Trench digging machine operator,8,PLANT AND MACHINE OPERATORS AND ASSEMBLERS,83,834,8342,scored,0.13,0.13,0.13,6.1,61,987,Not Exposed,Not Exposed,Not Exposed,0.02,0.02,0.02,8342,8342,,one_to_one,official_crosswalk,1900,3175,4130,2422,3652,4797,2025-06,mom_occupational_wages_2025,0,,,published_broad_occupation_group,production_transport,2026 Q1,2026-08-19,Exposure measures task overlap with current GenAI capabilities; it is not a job-loss probability or forecast.
9.0,83422,Dredge operator,8,PLANT AND MACHINE OPERATORS AND ASSEMBLERS,83,834,8342,scored,0.13,0.13,0.13,6.1,61,987,Not Exposed,Not Exposed,Not Exposed,0.02,0.02,0.02,8342,8342,,one_to_one,official_crosswalk,,,,,,,,,0,,,published_broad_occupation_group,production_transport,2026 Q1,2026-08-19,Exposure measures task overlap with current GenAI capabilities; it is not a job-loss probability or forecast.|MOM does not publish a 2025 detailed wage row for this occupation.
9.0,83423,Pile driver/drilling machine operator,8,PLANT AND MACHINE OPERATORS AND ASSEMBLERS,83,834,8342,scored,0.13,0.13,0.13,6.1,61,987,Not Exposed,Not Exposed,Not Exposed,0.02,0.02,0.02,8342,8342,,one_to_one,official_crosswalk,,,,,,,,,0,,,published_broad_occupation_group,production_transport,2026 Q1,2026-08-19,Exposure measures task overlap with current GenAI capabilities; it is not a job-loss probability or forecast.|MOM does not publish a 2025 detailed wage row for this occupation.
9.0,83424,Tunnelling machine operator,8,PLANT AND MACHINE OPERATORS AND ASSEMBLERS,83,834,8342,scored,0.13,0.13,0.13,6.1,61,987,Not Exposed,Not Exposed,Not Exposed,0.02,0.02,0.02,8342,8342,,one_to_one,official_crosswalk,,,,,,,,,0,,,published_broad_occupation_group,production_transport,2026 Q1,2026-08-19,Exposure measures task overlap with current GenAI capabilities; it is not a job-loss probability or forecast.|MOM does not publish a 2025 detailed wage row for this occupation.
9.0,83429,Earth moving and related machinery operator n.e.c.,8,PLANT AND MACHINE OPERATORS AND ASSEMBLERS,83,834,8342,scored,0.13,0.13,0.13,6.1,61,987,Not Exposed,Not Exposed,Not Exposed,0.02,0.02,0.02,8342,8342,,one_to_one,official_crosswalk,,,,,,,,,0,,,published_broad_occupation_group,production_transport,2026 Q1,2026-08-19,Exposure measures task overlap with current GenAI capabilities; it is not a job-loss probability or forecast.|MOM does not publish a 2025 detailed wage row for this occupation.
9.0,83431,Crane/Hoist operator (excluding port),8,PLANT AND MACHINE OPERATORS AND ASSEMBLERS,83,834,8343,scored,0.18,0.18,0.18,17.4,172.5,987,Not Exposed,Not Exposed,Not Exposed,0.03,0.03,0.03,8343,8343,,one_to_one,official_crosswalk,2868,3808,5366,3509,5194,6734,2025-06,mom_occupational_wages_2025,0,,,published_broad_occupation_group,production_transport,2026 Q1,2026-08-19,Exposure measures task overlap with current GenAI capabilities; it is not a job-loss probability or forecast.
9.0,83432,Crane operator (on-site),8,PLANT AND MACHINE OPERATORS AND ASSEMBLERS,83,834,8343,scored,0.18,0.18,0.18,17.4,172.5,987,Not Exposed,Not Exposed,Not Exposed,0.03,0.03,0.03,8343,8343,,one_to_one,official_crosswalk,2430,2995,3388,2448,2998,3388,2025-06,mom_occupational_wages_2025,0,,,published_broad_occupation_group,production_transport,2026 Q1,2026-08-19,Exposure measures task overlap with current GenAI capabilities; it is not a job-loss probability or forecast.
9.0,83439,Crane/Hoist and related equipment operator n.e.c.,8,PLANT AND MACHINE OPERATORS AND ASSEMBLERS,83,834,8343,scored,0.18,0.18,0.18,17.4,172.5,987,Not Exposed,Not Exposed,Not Exposed,0.03,0.03,0.03,8343,8343,,one_to_one,official_crosswalk,,,,,,,,,0,,,published_broad_occupation_group,production_transport,2026 Q1,2026-08-19,Exposure measures task overlap with current GenAI capabilities; it is not a job-loss probability or forecast.|MOM does not publish a 2025 detailed wage row for this occupation.
9.0,83441,Fork lift truck operator,8,PLANT AND MACHINE OPERATORS AND ASSEMBLERS,83,834,8344,scored,0.2,0.2,0.2,21.8,215.5,987,Not Exposed,Not Exposed,Not Exposed,0.1,0.1,0.1,8344,8344,,one_to_one,official_crosswalk,1901,2385,2938,2070,2669,3240,2025-06,mom_occupational_wages_2025,0,,,published_broad_occupation_group,production_transport,2026 Q1,2026-08-19,Exposure measures task overlap with current GenAI capabilities; it is not a job-loss probability or forecast.
9.0,83449,Lifting truck operator n.e.c.,8,PLANT AND MACHINE OPERATORS AND ASSEMBLERS,83,834,8344,scored,0.2,0.2,0.2,21.8,215.5,987,Not Exposed,Not Exposed,Not Exposed,0.1,0.1,0.1,8344,8344,,one_to_one,official_crosswalk,,,,,,,,,0,,,published_broad_occupation_group,production_transport,2026 Q1,2026-08-19,Exposure measures task overlap with current GenAI capabilities; it is not a job-loss probability or forecast.|MOM does not publish a 2025 detailed wage row for this occupation.
9.0,83491,Motorised sweeper operator,8,PLANT AND MACHINE OPERATORS AND ASSEMBLERS,83,834,8349,scored,0.12,0.12,0.12,3.7,37,987,Not Exposed,Not Exposed,Not Exposed,0.03,0.03,0.03,8341,8341,,one_to_one,official_crosswalk,2455,2700,2700,2905,3566,3974,2025-06,mom_occupational_wages_2025,0,,,published_broad_occupation_group,production_transport,2026 Q1,2026-08-19,Exposure measures task overlap with current GenAI capabilities; it is not a job-loss probability or forecast.
9.0,83492,Airport mobile equipment operator,8,PLANT AND MACHINE OPERATORS AND ASSEMBLERS,83,834,8349,scored,0.19,0.18,0.2,19.8,196.5,987,Not Exposed,Not Exposed,Not Exposed,0.065,0.03,0.1,8344|8343,8344|8343,,partial,official_crosswalk,2610,3175,3821,2704,3202,3873,2025-06,mom_occupational_wages_2025,0,,,published_broad_occupation_group,production_transport,2026 Q1,2026-08-19,Exposure measures task overlap with current GenAI capabilities; it is not a job-loss probability or forecast.|SSOC maps to multiple ISCO groups without official employment weights; the median and range are shown.
9.0,83499,Other mobile machinery operator n.e.c.,8,PLANT AND MACHINE OPERATORS AND ASSEMBLERS,83,834,8349,scored,0.12,0.12,0.12,3.7,37,987,Not Exposed,Not Exposed,Not Exposed,0.03,0.03,0.03,8341,8341,,one_to_one,official_crosswalk,,,,,,,,,0,,,published_broad_occupation_group,production_transport,2026 Q1,2026-08-19,Exposure measures task overlap with current GenAI capabilities; it is not a job-loss probability or forecast.|MOM does not publish a 2025 detailed wage row for this occupation.
9.0,83501,Port limit helmsman/steersman/engine driver/tugmaster,8,PLANT AND MACHINE OPERATORS AND ASSEMBLERS,83,835,8350,scored,0.14,0.14,0.14,9,89.5,987,Not Exposed,Not Exposed,Not Exposed,0.02,0.02,0.02,8350,8350,,one_to_one,official_crosswalk,1960,2599,3718,2367,3000,4030,2025-06,mom_occupational_wages_2025,0,,,published_broad_occupation_group,production_transport,2026 Q1,2026-08-19,Exposure measures task overlap with current GenAI capabilities; it is not a job-loss probability or forecast.
9.0,83502,Deckhand,8,PLANT AND MACHINE OPERATORS AND ASSEMBLERS,83,835,8350,scored,0.14,0.14,0.14,9,89.5,987,Not Exposed,Not Exposed,Not Exposed,0.02,0.02,0.02,8350,8350,,one_to_one,official_crosswalk,,,,,,,,,0,,,published_broad_occupation_group,production_transport,2026 Q1,2026-08-19,Exposure measures task overlap with current GenAI capabilities; it is not a job-loss probability or forecast.|MOM does not publish a 2025 detailed wage row for this occupation.
9.0,83509,Ship’s deck crew and related worker n.e.c.,8,PLANT AND MACHINE OPERATORS AND ASSEMBLERS,83,835,8350,scored,0.14,0.14,0.14,9,89.5,987,Not Exposed,Not Exposed,Not Exposed,0.02,0.02,0.02,8350,8350,,one_to_one,official_crosswalk,,,,,,,,,0,,,published_broad_occupation_group,production_transport,2026 Q1,2026-08-19,Exposure measures task overlap with current GenAI capabilities; it is not a job-loss probability or forecast.|MOM does not publish a 2025 detailed wage row for this occupation.
9.0,91000,Cleaning supervisor,9,"CLEANERS, LABOURERS AND RELATED WORKERS",91,910,9100,scored,0.22,0.22,0.22,26.2,259,987,Not Exposed,Not Exposed,Not Exposed,0.1,0.1,0.1,5151,5151,,one_to_one,official_crosswalk,1668,2048,2588,1740,2129,2700,2025-06,mom_occupational_wages_2025,0,,,published_broad_occupation_group,production_transport,2026 Q1,2026-08-19,Exposure measures task overlap with current GenAI capabilities; it is not a job-loss probability or forecast.
9.0,91121,Housekeeping/Linen room attendant,9,"CLEANERS, LABOURERS AND RELATED WORKERS",91,911,9112,scored,0.12,0.12,0.12,3.7,37,987,Not Exposed,Not Exposed,Not Exposed,0.02,0.02,0.02,9112,9112,,one_to_one,official_crosswalk,1700,2010,2325,1800,2110,2500,2025-06,mom_occupational_wages_2025,0,,,published_broad_occupation_group,production_transport,2026 Q1,2026-08-19,Exposure measures task overlap with current GenAI capabilities; it is not a job-loss probability or forecast.
9.0,91122,Hotel cleaner,9,"CLEANERS, LABOURERS AND RELATED WORKERS",91,911,9112,scored,0.12,0.12,0.12,3.7,37,987,Not Exposed,Not Exposed,Not Exposed,0.02,0.02,0.02,9112,9112,,one_to_one,official_crosswalk,1691,2030,2260,1767,2093,2655,2025-06,mom_occupational_wages_2025,0,,,published_broad_occupation_group,production_transport,2026 Q1,2026-08-19,Exposure measures task overlap with current GenAI capabilities; it is not a job-loss probability or forecast.
9.0,91129,Cleaner/Helper in hotel and related establishment n.e.c.,9,"CLEANERS, LABOURERS AND RELATED WORKERS",91,911,9112,scored,0.12,0.12,0.12,3.7,37,987,Not Exposed,Not Exposed,Not Exposed,0.02,0.02,0.02,9112,9112,,one_to_one,official_crosswalk,,,,,,,,,0,,,published_broad_occupation_group,production_transport,2026 Q1,2026-08-19,Exposure measures task overlap with current GenAI capabilities; it is not a job-loss probability or forecast.|MOM does not publish a 2025 detailed wage row for this occupation.
9.0,91131,Office/Commercial/Industrial establishment indoor cleaner,9,"CLEANERS, LABOURERS AND RELATED WORKERS",91,911,9113,scored,0.105,0.09,0.12,1.7,18,987,Not Exposed,Not Exposed,Not Exposed,0.025,0.02,0.03,9613|9112,9613|9112,,partial,official_crosswalk,1596,1740,1920,1600,1820,2050,2025-06,mom_occupational_wages_2025,0,,,published_broad_occupation_group,production_transport,2026 Q1,2026-08-19,Exposure measures task overlap with current GenAI capabilities; it is not a job-loss probability or forecast.|SSOC maps to multiple ISCO groups without official employment weights; the median and range are shown.
9.0,91132,Office/Commercial/Industrial establishment outdoor cleaner,9,"CLEANERS, LABOURERS AND RELATED WORKERS",91,911,9113,scored,0.105,0.09,0.12,1.7,18,987,Not Exposed,Not Exposed,Not Exposed,0.025,0.02,0.03,9613|9112,9613|9112,,partial,official_crosswalk,1910,2060,2325,1929,2218,2404,2025-06,mom_occupational_wages_2025,0,,,published_broad_occupation_group,production_transport,2026 Q1,2026-08-19,Exposure measures task overlap with current GenAI capabilities; it is not a job-loss probability or forecast.|SSOC maps to multiple ISCO groups without official employment weights; the median and range are shown.
9.0,91133,Office/Commercial/Industrial establishment multi-skilled cleaner cum machine operator,9,"CLEANERS, LABOURERS AND RELATED WORKERS",91,911,9113,scored,0.105,0.09,0.12,1.7,18,987,Not Exposed,Not Exposed,Not Exposed,0.025,0.02,0.03,9613|9112,9613|9112,,partial,official_crosswalk,1809,2157,2530,1906,2307,2660,2025-06,mom_occupational_wages_2025,0,,,published_broad_occupation_group,production_transport,2026 Q1,2026-08-19,Exposure measures task overlap with current GenAI capabilities; it is not a job-loss probability or forecast.|SSOC maps to multiple ISCO groups without official employment weights; the median and range are shown.
9.0,91151,Food and beverage establishment general cleaner,9,"CLEANERS, LABOURERS AND RELATED WORKERS",91,911,9115,scored,0.125,0.12,0.13,4.6,46.5,987,Not Exposed,Not Exposed,Not Exposed,0.02,0.02,0.02,9412|9112,9412|9112,,partial,official_crosswalk,1567,1600,1840,1600,1600,1910,2025-06,mom_occupational_wages_2025,0,,,published_broad_occupation_group,production_transport,2026 Q1,2026-08-19,Exposure measures task overlap with current GenAI capabilities; it is not a job-loss probability or forecast.|SSOC maps to multiple ISCO groups without official employment weights; the median and range are shown.
9.0,91152,Table-top cleaner,9,"CLEANERS, LABOURERS AND RELATED WORKERS",91,911,9115,scored,0.125,0.12,0.13,4.6,46.5,987,Not Exposed,Not Exposed,Not Exposed,0.02,0.02,0.02,9412|9112,9412|9112,,partial,official_crosswalk,1565,1683,2010,1600,1800,2010,2025-06,mom_occupational_wages_2025,0,,,published_broad_occupation_group,production_transport,2026 Q1,2026-08-19,Exposure measures task overlap with current GenAI capabilities; it is not a job-loss probability or forecast.|SSOC maps to multiple ISCO groups without official employment weights; the median and range are shown.
9.0,91153,Dishwasher,9,"CLEANERS, LABOURERS AND RELATED WORKERS",91,911,9115,scored,0.125,0.12,0.13,4.6,46.5,987,Not Exposed,Not Exposed,Not Exposed,0.02,0.02,0.02,9412|9112,9412|9112,,partial,official_crosswalk,1530,1600,2060,1600,1600,2180,2025-06,mom_occupational_wages_2025,0,,,published_broad_occupation_group,production_transport,2026 Q1,2026-08-19,Exposure measures task overlap with current GenAI capabilities; it is not a job-loss probability or forecast.|SSOC maps to multiple ISCO groups without official employment weights; the median and range are shown.
9.0,91154,Food and beverage establishment multi-skilled cleaner cum machine operator,9,"CLEANERS, LABOURERS AND RELATED WORKERS",91,911,9115,scored,0.125,0.12,0.13,4.6,46.5,987,Not Exposed,Not Exposed,Not Exposed,0.02,0.02,0.02,9412|9112,9412|9112,,partial,official_crosswalk,,,,,,,,,0,,,published_broad_occupation_group,production_transport,2026 Q1,2026-08-19,Exposure measures task overlap with current GenAI capabilities; it is not a job-loss probability or forecast.|SSOC maps to multiple ISCO groups without official employment weights; the median and range are shown.|MOM does not publish a 2025 detailed wage row for this occupation.
9.0,91161,Residential/Open areas general cleaner,9,"CLEANERS, LABOURERS AND RELATED WORKERS",91,911,9116,scored,0.105,0.09,0.12,1.7,18,987,Not Exposed,Not Exposed,Not Exposed,0.025,0.02,0.03,9613|9112,9613|9112,,partial,official_crosswalk,1552,1740,2060,1600,1850,2325,2025-06,mom_occupational_wages_2025,0,,,published_broad_occupation_group,production_transport,2026 Q1,2026-08-19,Exposure measures task overlap with current GenAI capabilities; it is not a job-loss probability or forecast.|SSOC maps to multiple ISCO groups without official employment weights; the median and range are shown.
9.0,91162,Residential/Open areas multi-skilled cleaner cum machine operator,9,"CLEANERS, LABOURERS AND RELATED WORKERS",91,911,9116,scored,0.105,0.09,0.12,1.7,18,987,Not Exposed,Not Exposed,Not Exposed,0.025,0.02,0.03,9613|9112,9613|9112,,partial,official_crosswalk,1897,2270,2530,2268,2323,3177,2025-06,mom_occupational_wages_2025,0,,,published_broad_occupation_group,production_transport,2026 Q1,2026-08-19,Exposure measures task overlap with current GenAI capabilities; it is not a job-loss probability or forecast.|SSOC maps to multiple ISCO groups without official employment weights; the median and range are shown.
9.0,91210,Hand launderer/presser (non-household),9,"CLEANERS, LABOURERS AND RELATED WORKERS",91,912,9121,scored,0.14,0.14,0.14,9,89.5,987,Not Exposed,Not Exposed,Not Exposed,0.03,0.03,0.03,9121,9121,,one_to_one,official_crosswalk,1512,1600,2216,1600,1600,2299,2025-06,mom_occupational_wages_2025,0,,,published_broad_occupation_group,production_transport,2026 Q1,2026-08-19,Exposure measures task overlap with current GenAI capabilities; it is not a job-loss probability or forecast.
9.0,91220,Motor vehicle cleaner/polisher,9,"CLEANERS, LABOURERS AND RELATED WORKERS",91,912,9122,scored,0.09,0.09,0.09,0.3,4,987,Not Exposed,Not Exposed,Not Exposed,0.01,0.01,0.01,9122,9122,,one_to_one,official_crosswalk,1956,2700,2700,2025,3660,4153,2025-06,mom_occupational_wages_2025,0,,,published_broad_occupation_group,production_transport,2026 Q1,2026-08-19,Exposure measures task overlap with current GenAI capabilities; it is not a job-loss probability or forecast.
9.0,91230,Window cleaner,9,"CLEANERS, LABOURERS AND RELATED WORKERS",91,912,9123,scored,0.11,0.11,0.11,2.4,24.5,987,Not Exposed,Not Exposed,Not Exposed,0.03,0.03,0.03,9123,9123,,one_to_one,official_crosswalk,,,,,,,,,0,,,published_broad_occupation_group,production_transport,2026 Q1,2026-08-19,Exposure measures task overlap with current GenAI capabilities; it is not a job-loss probability or forecast.|MOM does not publish a 2025 detailed wage row for this occupation.
9.0,91291,Ship/Ship tank cleaner,9,"CLEANERS, LABOURERS AND RELATED WORKERS",91,912,9129,scored,0.1,0.1,0.1,1.1,11.5,987,Not Exposed,Not Exposed,Not Exposed,0.01,0.01,0.01,9129,9129,,one_to_one,official_crosswalk,,,,,,,,,0,,,published_broad_occupation_group,production_transport,2026 Q1,2026-08-19,Exposure measures task overlap with current GenAI capabilities; it is not a job-loss probability or forecast.|MOM does not publish a 2025 detailed wage row for this occupation.
9.0,91292,Aircraft cleaner,9,"CLEANERS, LABOURERS AND RELATED WORKERS",91,912,9129,scored,0.1,0.1,0.1,1.1,11.5,987,Not Exposed,Not Exposed,Not Exposed,0.01,0.01,0.01,9129,9129,,one_to_one,official_crosswalk,1227,1652,1852,1967,2848,3230,2025-06,mom_occupational_wages_2025,0,,,published_broad_occupation_group,production_transport,2026 Q1,2026-08-19,Exposure measures task overlap with current GenAI capabilities; it is not a job-loss probability or forecast.
9.0,91293,Railway carriage cleaner,9,"CLEANERS, LABOURERS AND RELATED WORKERS",91,912,9129,scored,0.1,0.1,0.1,1.1,11.5,987,Not Exposed,Not Exposed,Not Exposed,0.01,0.01,0.01,9129,9129,,one_to_one,official_crosswalk,,,,,,,,,0,,,published_broad_occupation_group,production_transport,2026 Q1,2026-08-19,Exposure measures task overlap with current GenAI capabilities; it is not a job-loss probability or forecast.|MOM does not publish a 2025 detailed wage row for this occupation.
9.0,91299,Other cleaning worker n.e.c.,9,"CLEANERS, LABOURERS AND RELATED WORKERS",91,912,9129,scored,0.1,0.1,0.1,1.1,11.5,987,Not Exposed,Not Exposed,Not Exposed,0.01,0.01,0.01,9129,9129,,one_to_one,official_crosswalk,,,,,,,,,0,,,published_broad_occupation_group,production_transport,2026 Q1,2026-08-19,Exposure measures task overlap with current GenAI capabilities; it is not a job-loss probability or forecast.|MOM does not publish a 2025 detailed wage row for this occupation.
9.0,91300,Domestic helper/cleaner,9,"CLEANERS, LABOURERS AND RELATED WORKERS",91,913,9130,scored,0.14,0.14,0.14,9,89.5,987,Not Exposed,Not Exposed,Not Exposed,0.08,0.08,0.08,9111,9111,,one_to_one,official_crosswalk,,,,,,,,,0,,,published_broad_occupation_group,production_transport,2026 Q1,2026-08-19,Exposure measures task overlap with current GenAI capabilities; it is not a job-loss probability or forecast.|MOM does not publish a 2025 detailed wage row for this occupation.
9.0,92141,Tree worker/technician,9,"CLEANERS, LABOURERS AND RELATED WORKERS",92,921,9214,scored,0.12,0.12,0.12,3.7,37,987,Not Exposed,Not Exposed,Not Exposed,0.02,0.02,0.02,9214,9214,,one_to_one,official_crosswalk,1989,2170,2330,2000,2200,2330,2025-06,mom_occupational_wages_2025,0,,,published_broad_occupation_group,production_transport,2026 Q1,2026-08-19,Exposure measures task overlap with current GenAI capabilities; it is not a job-loss probability or forecast.
9.0,92142,Landscape worker,9,"CLEANERS, LABOURERS AND RELATED WORKERS",92,921,9214,scored,0.12,0.12,0.12,3.7,37,987,Not Exposed,Not Exposed,Not Exposed,0.02,0.02,0.02,9214,9214,,one_to_one,official_crosswalk,1785,1850,1950,1850,1865,2000,2025-06,mom_occupational_wages_2025,0,,,published_broad_occupation_group,production_transport,2026 Q1,2026-08-19,Exposure measures task overlap with current GenAI capabilities; it is not a job-loss probability or forecast.
9.0,92149,Park/Garden/Landscape maintenance worker n.e.c.,9,"CLEANERS, LABOURERS AND RELATED WORKERS",92,921,9214,scored,0.12,0.12,0.12,3.7,37,987,Not Exposed,Not Exposed,Not Exposed,0.02,0.02,0.02,9214,9214,,one_to_one,official_crosswalk,,,,,,,,,0,,,published_broad_occupation_group,production_transport,2026 Q1,2026-08-19,Exposure measures task overlap with current GenAI capabilities; it is not a job-loss probability or forecast.|MOM does not publish a 2025 detailed wage row for this occupation.
9.0,92190,Agricultural/Fishery and related labourer n.e.c.,9,"CLEANERS, LABOURERS AND RELATED WORKERS",92,921,9219,scored,0.11,0.09,0.12,2.4,24.5,987,Not Exposed,Not Exposed,Not Exposed,0.03,0.02,0.03,9216|9215|9213|9212|9211,9216|9215|9213|9212|9211,,partial,official_crosswalk,,,,,,,,,0,,,published_broad_occupation_group,production_transport,2026 Q1,2026-08-19,Exposure measures task overlap with current GenAI capabilities; it is not a job-loss probability or forecast.|SSOC maps to multiple ISCO groups without official employment weights; the median and range are shown.|MOM does not publish a 2025 detailed wage row for this occupation.
9.0,93100,Civil engineering/Building construction labourer,9,"CLEANERS, LABOURERS AND RELATED WORKERS",93,931,9310,scored,0.09,0.09,0.09,0.3,4,987,Not Exposed,Not Exposed,Not Exposed,0.02,0.02,0.02,9313|9312,9313|9312,,partial,official_crosswalk,1506,1600,1700,1600,1600,1800,2025-06,mom_occupational_wages_2025,1,mom_jobs_in_demand_2025,Construction labourer,published_broad_occupation_group,production_transport,2026 Q1,2026-08-19,Exposure measures task overlap with current GenAI capabilities; it is not a job-loss probability or forecast.|SSOC maps to multiple ISCO groups without official employment weights; the median and range are shown.
9.0,93201,Hand packer,9,"CLEANERS, LABOURERS AND RELATED WORKERS",93,932,9320,scored,0.2,0.2,0.2,21.8,215.5,987,Not Exposed,Not Exposed,Not Exposed,0.05,0.05,0.05,9321,9321,,one_to_one,official_crosswalk,1566,1610,2104,1600,1630,2333,2025-06,mom_occupational_wages_2025,0,,,published_broad_occupation_group,production_transport,2026 Q1,2026-08-19,Exposure measures task overlap with current GenAI capabilities; it is not a job-loss probability or forecast.
9.0,93209,Manufacturing labourer and related worker n.e.c.,9,"CLEANERS, LABOURERS AND RELATED WORKERS",93,932,9320,scored,0.12,0.12,0.12,3.7,37,987,Not Exposed,Not Exposed,Not Exposed,0.02,0.02,0.02,9329,9329,,one_to_one,official_crosswalk,,,,,,,,,0,,,published_broad_occupation_group,production_transport,2026 Q1,2026-08-19,Exposure measures task overlap with current GenAI capabilities; it is not a job-loss probability or forecast.|MOM does not publish a 2025 detailed wage row for this occupation.
9.0,93310,Hand/Pedal vehicle driver,9,"CLEANERS, LABOURERS AND RELATED WORKERS",93,933,9331,scored,0.21,0.21,0.21,23.9,236.5,987,Not Exposed,Not Exposed,Not Exposed,0.08,0.08,0.08,9331,9331,,one_to_one,official_crosswalk,,,,,,,,,0,,,published_broad_occupation_group,production_transport,2026 Q1,2026-08-19,Exposure measures task overlap with current GenAI capabilities; it is not a job-loss probability or forecast.|MOM does not publish a 2025 detailed wage row for this occupation.
9.0,93331,Stevedore,9,"CLEANERS, LABOURERS AND RELATED WORKERS",93,933,9333,scored,0.14,0.14,0.14,9,89.5,987,Not Exposed,Not Exposed,Not Exposed,0.03,0.03,0.03,9333,9333,,one_to_one,official_crosswalk,,,,,,,,,0,,,published_broad_occupation_group,production_transport,2026 Q1,2026-08-19,Exposure measures task overlap with current GenAI capabilities; it is not a job-loss probability or forecast.|MOM does not publish a 2025 detailed wage row for this occupation.
9.0,93332,Railway/Road vehicle loader,9,"CLEANERS, LABOURERS AND RELATED WORKERS",93,933,9333,scored,0.14,0.14,0.14,9,89.5,987,Not Exposed,Not Exposed,Not Exposed,0.03,0.03,0.03,9333,9333,,one_to_one,official_crosswalk,,,,,,,,,0,,,published_broad_occupation_group,production_transport,2026 Q1,2026-08-19,Exposure measures task overlap with current GenAI capabilities; it is not a job-loss probability or forecast.|MOM does not publish a 2025 detailed wage row for this occupation.
9.0,93333,Aircraft loader,9,"CLEANERS, LABOURERS AND RELATED WORKERS",93,933,9333,scored,0.14,0.14,0.14,9,89.5,987,Not Exposed,Not Exposed,Not Exposed,0.03,0.03,0.03,9333,9333,,one_to_one,official_crosswalk,1488,2000,2000,1600,2003,2992,2025-06,mom_occupational_wages_2025,0,,,published_broad_occupation_group,production_transport,2026 Q1,2026-08-19,Exposure measures task overlap with current GenAI capabilities; it is not a job-loss probability or forecast.
9.0,93334,Warehouse worker,9,"CLEANERS, LABOURERS AND RELATED WORKERS",93,933,9333,scored,0.14,0.14,0.14,9,89.5,987,Not Exposed,Not Exposed,Not Exposed,0.03,0.03,0.03,9333,9333,,one_to_one,official_crosswalk,1900,2369,2900,2000,2526,3100,2025-06,mom_occupational_wages_2025,0,,,published_broad_occupation_group,production_transport,2026 Q1,2026-08-19,Exposure measures task overlap with current GenAI capabilities; it is not a job-loss probability or forecast.
9.0,93335,Vehicle attendant,9,"CLEANERS, LABOURERS AND RELATED WORKERS",93,933,9333,scored,0.14,0.14,0.14,9,89.5,987,Not Exposed,Not Exposed,Not Exposed,0.03,0.03,0.03,9333,9333,,one_to_one,official_crosswalk,1600,1759,2300,1613,2000,2579,2025-06,mom_occupational_wages_2025,0,,,published_broad_occupation_group,production_transport,2026 Q1,2026-08-19,Exposure measures task overlap with current GenAI capabilities; it is not a job-loss probability or forecast.
9.0,93336,Mover,9,"CLEANERS, LABOURERS AND RELATED WORKERS",93,933,9333,scored,0.14,0.14,0.14,9,89.5,987,Not Exposed,Not Exposed,Not Exposed,0.03,0.03,0.03,9333,9333,,one_to_one,official_crosswalk,1596,2108,2825,1601,2183,2891,2025-06,mom_occupational_wages_2025,0,,,published_broad_occupation_group,production_transport,2026 Q1,2026-08-19,Exposure measures task overlap with current GenAI capabilities; it is not a job-loss probability or forecast.
9.0,93337,Lashing worker,9,"CLEANERS, LABOURERS AND RELATED WORKERS",93,933,9333,scored,0.14,0.14,0.14,9,89.5,987,Not Exposed,Not Exposed,Not Exposed,0.03,0.03,0.03,9333,9333,,one_to_one,official_crosswalk,,,,,,,,,0,,,published_broad_occupation_group,production_transport,2026 Q1,2026-08-19,Exposure measures task overlap with current GenAI capabilities; it is not a job-loss probability or forecast.|MOM does not publish a 2025 detailed wage row for this occupation.
9.0,93339,Material/Freight handling worker n.e.c.,9,"CLEANERS, LABOURERS AND RELATED WORKERS",93,933,9333,scored,0.14,0.14,0.14,9,89.5,987,Not Exposed,Not Exposed,Not Exposed,0.03,0.03,0.03,9333,9333,,one_to_one,official_crosswalk,,,,,,,,,0,,,published_broad_occupation_group,production_transport,2026 Q1,2026-08-19,Exposure measures task overlap with current GenAI capabilities; it is not a job-loss probability or forecast.|MOM does not publish a 2025 detailed wage row for this occupation.
9.0,94101,Kitchen assistant,9,"CLEANERS, LABOURERS AND RELATED WORKERS",94,941,9410,scored,0.13,0.13,0.13,6.1,61,987,Not Exposed,Not Exposed,Not Exposed,0.02,0.02,0.02,9412,9412,,one_to_one,official_crosswalk,1424,1600,2155,1600,1620,2384,2025-06,mom_occupational_wages_2025,0,,,published_broad_occupation_group,production_transport,2026 Q1,2026-08-19,Exposure measures task overlap with current GenAI capabilities; it is not a job-loss probability or forecast.
9.0,94102,Food/Drink stall assistant,9,"CLEANERS, LABOURERS AND RELATED WORKERS",94,941,9410,scored,0.13,0.13,0.13,6.1,61,987,Not Exposed,Not Exposed,Not Exposed,0.02,0.02,0.02,9412,9412,,one_to_one,official_crosswalk,1496,1600,1998,1600,1600,2080,2025-06,mom_occupational_wages_2025,0,,,published_broad_occupation_group,production_transport,2026 Q1,2026-08-19,Exposure measures task overlap with current GenAI capabilities; it is not a job-loss probability or forecast.
9.0,94103,Fast food preparer,9,"CLEANERS, LABOURERS AND RELATED WORKERS",94,941,9410,scored,0.18,0.18,0.18,17.4,172.5,987,Not Exposed,Not Exposed,Not Exposed,0.05,0.05,0.05,9411,9411,,one_to_one,official_crosswalk,1600,1901,2155,1750,2420,2660,2025-06,mom_occupational_wages_2025,0,,,published_broad_occupation_group,production_transport,2026 Q1,2026-08-19,Exposure measures task overlap with current GenAI capabilities; it is not a job-loss probability or forecast.
9.0,94104,"Tea server/steward (excluding bartender, barista and food/drink stall assistant)",9,"CLEANERS, LABOURERS AND RELATED WORKERS",94,941,9410,scored,0.13,0.13,0.13,6.1,61,987,Not Exposed,Not Exposed,Not Exposed,0.02,0.02,0.02,9412,9412,,one_to_one,official_crosswalk,1600,1764,2106,1600,1800,2170,2025-06,mom_occupational_wages_2025,0,,,published_broad_occupation_group,production_transport,2026 Q1,2026-08-19,Exposure measures task overlap with current GenAI capabilities; it is not a job-loss probability or forecast.
9.0,96000,Waste collection/recycling/material recovery supervisor,9,"CLEANERS, LABOURERS AND RELATED WORKERS",96,960,9600,scored,0.135,0.09,0.18,7.5,74.5,987,Not Exposed,Not Exposed,Not Exposed,0.065,0.02,0.11,9612|9611,9612|9611,,partial,official_crosswalk,2554,4140,5223,3385,4300,5620,2025-06,mom_occupational_wages_2025,0,,,published_broad_occupation_group,production_transport,2026 Q1,2026-08-19,Exposure measures task overlap with current GenAI capabilities; it is not a job-loss probability or forecast.|SSOC maps to multiple ISCO groups without official employment weights; the median and range are shown.
9.0,96101,General waste collection/recycling/material recovery worker,9,"CLEANERS, LABOURERS AND RELATED WORKERS",96,961,9610,scored,0.09,0.09,0.09,0.3,4,987,Not Exposed,Not Exposed,Not Exposed,0.02,0.02,0.02,9611,9611,,one_to_one,official_crosswalk,1650,2320,3261,1800,2691,3784,2025-06,mom_occupational_wages_2025,0,,,published_broad_occupation_group,production_transport,2026 Q1,2026-08-19,Exposure measures task overlap with current GenAI capabilities; it is not a job-loss probability or forecast.
9.0,96102,Waste recycling sorter,9,"CLEANERS, LABOURERS AND RELATED WORKERS",96,961,9610,scored,0.18,0.18,0.18,17.4,172.5,987,Not Exposed,Not Exposed,Not Exposed,0.11,0.11,0.11,9612,9612,,one_to_one,official_crosswalk,1882,2341,3199,2227,2455,3225,2025-06,mom_occupational_wages_2025,0,,,published_broad_occupation_group,production_transport,2026 Q1,2026-08-19,Exposure measures task overlap with current GenAI capabilities; it is not a job-loss probability or forecast.
9.0,96109,Waste collection/recycling/material recovery worker n.e.c.,9,"CLEANERS, LABOURERS AND RELATED WORKERS",96,961,9610,scored,0.135,0.09,0.18,7.5,74.5,987,Not Exposed,Not Exposed,Not Exposed,0.065,0.02,0.11,9611|9612,9611|9612,,partial,official_crosswalk,,,,,,,,,0,,,published_broad_occupation_group,production_transport,2026 Q1,2026-08-19,Exposure measures task overlap with current GenAI capabilities; it is not a job-loss probability or forecast.|SSOC maps to multiple ISCO groups without official employment weights; the median and range are shown.|MOM does not publish a 2025 detailed wage row for this occupation.
9.0,96211,Bell captain,9,"CLEANERS, LABOURERS AND RELATED WORKERS",96,962,9621,scored,0.37,0.37,0.37,63.6,628.5,987,Exposed: Gradient 1,Exposed: Gradient 1,Exposed: Gradient 1,0.19,0.19,0.19,9621,9621,,one_to_one,official_crosswalk,,,,,,,,,0,,,published_broad_occupation_group,production_transport,2026 Q1,2026-08-19,Exposure measures task overlap with current GenAI capabilities; it is not a job-loss probability or forecast.|MOM does not publish a 2025 detailed wage row for this occupation.
9.0,96212,Bellboy/Hotel porter,9,"CLEANERS, LABOURERS AND RELATED WORKERS",96,962,9621,scored,0.37,0.37,0.37,63.6,628.5,987,Exposed: Gradient 1,Exposed: Gradient 1,Exposed: Gradient 1,0.19,0.19,0.19,9621,9621,,one_to_one,official_crosswalk,1860,2174,2565,2162,2377,2670,2025-06,mom_occupational_wages_2025,0,,,published_broad_occupation_group,production_transport,2026 Q1,2026-08-19,Exposure measures task overlap with current GenAI capabilities; it is not a job-loss probability or forecast.
9.0,96213,Porter (excluding hotel),9,"CLEANERS, LABOURERS AND RELATED WORKERS",96,962,9621,scored,0.37,0.37,0.37,63.6,628.5,987,Exposed: Gradient 1,Exposed: Gradient 1,Exposed: Gradient 1,0.19,0.19,0.19,9621,9621,,one_to_one,official_crosswalk,,,,,,,,,0,,,published_broad_occupation_group,production_transport,2026 Q1,2026-08-19,Exposure measures task overlap with current GenAI capabilities; it is not a job-loss probability or forecast.|MOM does not publish a 2025 detailed wage row for this occupation.
9.0,96251,Office/Library attendant,9,"CLEANERS, LABOURERS AND RELATED WORKERS",96,962,9625,scored,0.29,0.29,0.29,47,464,987,Minimal Exposure,Minimal Exposure,Minimal Exposure,0.14,0.14,0.14,9629,9629,,one_to_one,official_crosswalk,2000,3087,3188,2000,3100,3200,2025-06,mom_occupational_wages_2025,0,,,published_broad_occupation_group,production_transport,2026 Q1,2026-08-19,Exposure measures task overlap with current GenAI capabilities; it is not a job-loss probability or forecast.
9.0,96252,Laboratory attendant,9,"CLEANERS, LABOURERS AND RELATED WORKERS",96,962,9625,scored,0.29,0.29,0.29,47,464,987,Minimal Exposure,Minimal Exposure,Minimal Exposure,0.14,0.14,0.14,9629,9629,,one_to_one,official_crosswalk,1947,2303,3206,2012,2346,3262,2025-06,mom_occupational_wages_2025,0,,,published_broad_occupation_group,production_transport,2026 Q1,2026-08-19,Exposure measures task overlap with current GenAI capabilities; it is not a job-loss probability or forecast.
9.0,96253,Hospital/Clinic attendant,9,"CLEANERS, LABOURERS AND RELATED WORKERS",96,962,9625,scored,0.29,0.29,0.29,47,464,987,Minimal Exposure,Minimal Exposure,Minimal Exposure,0.14,0.14,0.14,9629,9629,,one_to_one,official_crosswalk,1300,1300,1600,1600,1700,2060,2025-06,mom_occupational_wages_2025,0,,,published_broad_occupation_group,production_transport,2026 Q1,2026-08-19,Exposure measures task overlap with current GenAI capabilities; it is not a job-loss probability or forecast.
9.0,96254,Car park attendant,9,"CLEANERS, LABOURERS AND RELATED WORKERS",96,962,9625,scored,0.29,0.29,0.29,47,464,987,Minimal Exposure,Minimal Exposure,Minimal Exposure,0.14,0.14,0.14,9629,9629,,one_to_one,official_crosswalk,1355,1667,2100,1600,1783,2521,2025-06,mom_occupational_wages_2025,0,,,published_broad_occupation_group,production_transport,2026 Q1,2026-08-19,Exposure measures task overlap with current GenAI capabilities; it is not a job-loss probability or forecast.
9.0,96255,Sports/Recreational attendant,9,"CLEANERS, LABOURERS AND RELATED WORKERS",96,962,9625,scored,0.29,0.29,0.29,47,464,987,Minimal Exposure,Minimal Exposure,Minimal Exposure,0.14,0.14,0.14,9629,9629,,one_to_one,official_crosswalk,1751,1853,2173,1800,1904,2292,2025-06,mom_occupational_wages_2025,0,,,published_broad_occupation_group,production_transport,2026 Q1,2026-08-19,Exposure measures task overlap with current GenAI capabilities; it is not a job-loss probability or forecast.
9.0,96256,Bus attendant,9,"CLEANERS, LABOURERS AND RELATED WORKERS",96,962,9625,scored,0.29,0.29,0.29,47,464,987,Minimal Exposure,Minimal Exposure,Minimal Exposure,0.14,0.14,0.14,9629,9629,,one_to_one,official_crosswalk,1574,1576,1674,1600,1600,1700,2025-06,mom_occupational_wages_2025,0,,,published_broad_occupation_group,production_transport,2026 Q1,2026-08-19,Exposure measures task overlap with current GenAI capabilities; it is not a job-loss probability or forecast.
9.0,96257,Restroom attendant,9,"CLEANERS, LABOURERS AND RELATED WORKERS",96,962,9625,scored,0.29,0.29,0.29,47,464,987,Minimal Exposure,Minimal Exposure,Minimal Exposure,0.14,0.14,0.14,9629,9629,,one_to_one,official_crosswalk,1800,2300,2325,1991,2325,2755,2025-06,mom_occupational_wages_2025,0,,,published_broad_occupation_group,production_transport,2026 Q1,2026-08-19,Exposure measures task overlap with current GenAI capabilities; it is not a job-loss probability or forecast.
9.0,96259,Attendant n.e.c.,9,"CLEANERS, LABOURERS AND RELATED WORKERS",96,962,9625,scored,0.29,0.29,0.29,47,464,987,Minimal Exposure,Minimal Exposure,Minimal Exposure,0.14,0.14,0.14,9629,9629,,one_to_one,official_crosswalk,,,,,,,,,0,,,published_broad_occupation_group,production_transport,2026 Q1,2026-08-19,Exposure measures task overlap with current GenAI capabilities; it is not a job-loss probability or forecast.|MOM does not publish a 2025 detailed wage row for this occupation.
9.0,96261,Building caretaker,9,"CLEANERS, LABOURERS AND RELATED WORKERS",96,962,9626,scored,0.27,0.27,0.27,38.1,377,987,Minimal Exposure,Minimal Exposure,Minimal Exposure,0.16,0.16,0.16,5153,5153,,one_to_one,official_crosswalk,1740,2468,2952,1754,2483,3038,2025-06,mom_occupational_wages_2025,0,,,published_broad_occupation_group,production_transport,2026 Q1,2026-08-19,Exposure measures task overlap with current GenAI capabilities; it is not a job-loss probability or forecast.
9.0,96262,Doorman,9,"CLEANERS, LABOURERS AND RELATED WORKERS",96,962,9626,scored,0.29,0.29,0.29,47,464,987,Minimal Exposure,Minimal Exposure,Minimal Exposure,0.14,0.14,0.14,9629,9629,,one_to_one,official_crosswalk,,,,,,,,,0,,,published_broad_occupation_group,production_transport,2026 Q1,2026-08-19,Exposure measures task overlap with current GenAI capabilities; it is not a job-loss probability or forecast.|MOM does not publish a 2025 detailed wage row for this occupation.
9.0,96269,Building caretaker and related worker n.e.c.,9,"CLEANERS, LABOURERS AND RELATED WORKERS",96,962,9626,scored,0.28,0.27,0.29,43.1,425.5,987,Minimal Exposure,Minimal Exposure,Minimal Exposure,0.15,0.14,0.16,9629|5153,9629|5153,,partial,official_crosswalk,,,,,,,,,0,,,published_broad_occupation_group,production_transport,2026 Q1,2026-08-19,Exposure measures task overlap with current GenAI capabilities; it is not a job-loss probability or forecast.|SSOC maps to multiple ISCO groups without official employment weights; the median and range are shown.|MOM does not publish a 2025 detailed wage row for this occupation.
9.0,96271,Chief concierge (hotel),9,"CLEANERS, LABOURERS AND RELATED WORKERS",96,962,9627,scored,0.51,0.51,0.51,88.5,873.5,987,Exposed: Gradient 3,Exposed: Gradient 3,Exposed: Gradient 3,0.07,0.07,0.07,4224,4224,,one_to_one,official_crosswalk,,,,,,,,,0,,,published_broad_occupation_group,production_transport,2026 Q1,2026-08-19,Exposure measures task overlap with current GenAI capabilities; it is not a job-loss probability or forecast.|MOM does not publish a 2025 detailed wage row for this occupation.
9.0,96272,Concierge (hotel),9,"CLEANERS, LABOURERS AND RELATED WORKERS",96,962,9627,scored,0.51,0.51,0.51,88.5,873.5,987,Exposed: Gradient 3,Exposed: Gradient 3,Exposed: Gradient 3,0.07,0.07,0.07,4224,4224,,one_to_one,official_crosswalk,2500,3123,3432,2656,3222,3900,2025-06,mom_occupational_wages_2025,0,,,published_broad_occupation_group,production_transport,2026 Q1,2026-08-19,Exposure measures task overlap with current GenAI capabilities; it is not a job-loss probability or forecast.
9.0,96291,Leaflet/Newspaper distributor/deliverer,9,"CLEANERS, LABOURERS AND RELATED WORKERS",96,962,9629,scored,0.11,0.11,0.11,2.4,24.5,987,Not Exposed,Not Exposed,Not Exposed,0.03,0.03,0.03,9622,9622,,one_to_one,official_crosswalk,,,,,,,,,0,,,published_broad_occupation_group,production_transport,2026 Q1,2026-08-19,Exposure measures task overlap with current GenAI capabilities; it is not a job-loss probability or forecast.|MOM does not publish a 2025 detailed wage row for this occupation.
9.0,96292,Meter reader/Vending-machine collector,9,"CLEANERS, LABOURERS AND RELATED WORKERS",96,962,9629,scored,0.38,0.38,0.38,67.6,667.5,987,Exposed: Gradient 1,Exposed: Gradient 1,Exposed: Gradient 1,0.21,0.21,0.21,9623,9623,,one_to_one,official_crosswalk,,,,,,,,,0,,,published_broad_occupation_group,production_transport,2026 Q1,2026-08-19,Exposure measures task overlap with current GenAI capabilities; it is not a job-loss probability or forecast.|MOM does not publish a 2025 detailed wage row for this occupation.
9.0,96293,Odd job person,9,"CLEANERS, LABOURERS AND RELATED WORKERS",96,962,9629,scored,0.11,0.11,0.11,2.4,24.5,987,Not Exposed,Not Exposed,Not Exposed,0.03,0.03,0.03,9622,9622,,one_to_one,official_crosswalk,1600,1600,1950,1600,1600,1950,2025-06,mom_occupational_wages_2025,0,,,published_broad_occupation_group,production_transport,2026 Q1,2026-08-19,Exposure measures task overlap with current GenAI capabilities; it is not a job-loss probability or forecast.
9.0,96299,Other elementary worker n.e.c.,9,"CLEANERS, LABOURERS AND RELATED WORKERS",96,962,9629,scored,0.155,0.09,0.29,12.2,121.5,987,Not Exposed|Minimal Exposure,Not Exposed,Minimal Exposure,0.085,0.02,0.14,9629|9624|9510|9334|9332|9311,9629|9624|9510|9334|9332|9311,,partial,official_crosswalk,,,,,,,,,0,,,published_broad_occupation_group,production_transport,2026 Q1,2026-08-19,Exposure measures task overlap with current GenAI capabilities; it is not a job-loss probability or forecast.|SSOC maps to multiple ISCO groups without official employment weights; the median and range are shown.|MOM does not publish a 2025 detailed wage row for this occupation.
