quarter,industry1,industry2,occupation1,job_vacancy_rate
"1998-Q1","total","total","total","2.7"
"1998-Q1","total","total","professional, managers, executive and technicians","2.4"
"1998-Q1","total","total","clerical, sales and services workers","3.2"
"1998-Q1","total","total","production and transport operators, cleaners and labourers","2.5"
"1998-Q1","manufacturing","food, beverages and tobacco","total","1.6"
"1998-Q1","manufacturing","food, beverages and tobacco","professional, managers, executive and technicians","-"
"1998-Q1","manufacturing","food, beverages and tobacco","clerical, sales and services workers","2.3"
"1998-Q1","manufacturing","food, beverages and tobacco","production and transport operators, cleaners and labourers","1.3"
"1998-Q1","manufacturing","textile and wearing apparel","total","5.1"
"1998-Q1","manufacturing","textile and wearing apparel","professional, managers, executive and technicians","-"
"1998-Q1","manufacturing","textile and wearing apparel","clerical, sales and services workers","-"
"1998-Q1","manufacturing","textile and wearing apparel","production and transport operators, cleaners and labourers","6.3"
"1998-Q1","manufacturing","paper products and publishing","total","1.7"
"1998-Q1","manufacturing","paper products and publishing","professional, managers, executive and technicians","1.8"
"1998-Q1","manufacturing","paper products and publishing","clerical, sales and services workers","2.4"
"1998-Q1","manufacturing","paper products and publishing","production and transport operators, cleaners and labourers","1.5"
"1998-Q1","manufacturing","petroleum and chemical products","total","2"
"1998-Q1","manufacturing","petroleum and chemical products","professional, managers, executive and technicians","2.1"
"1998-Q1","manufacturing","petroleum and chemical products","clerical, sales and services workers","-"
"1998-Q1","manufacturing","petroleum and chemical products","production and transport operators, cleaners and labourers","2.4"
"1998-Q1","manufacturing","rubber and plastic products","total","1.5"
"1998-Q1","manufacturing","rubber and plastic products","professional, managers, executive and technicians","-"
"1998-Q1","manufacturing","rubber and plastic products","clerical, sales and services workers","-"
"1998-Q1","manufacturing","rubber and plastic products","production and transport operators, cleaners and labourers","1.5"
"1998-Q1","manufacturing","fabricated metal products","total","1.7"
"1998-Q1","manufacturing","fabricated metal products","professional, managers, executive and technicians","1.5"
"1998-Q1","manufacturing","fabricated metal products","clerical, sales and services workers","2"
"1998-Q1","manufacturing","fabricated metal products","production and transport operators, cleaners and labourers","1.7"
"1998-Q1","manufacturing","machinery and equipment","total","3.1"
"1998-Q1","manufacturing","machinery and equipment","professional, managers, executive and technicians","2.1"
"1998-Q1","manufacturing","machinery and equipment","clerical, sales and services workers","2"
"1998-Q1","manufacturing","machinery and equipment","production and transport operators, cleaners and labourers","3.6"
"1998-Q1","manufacturing","electrical products","total","1.4"
"1998-Q1","manufacturing","electrical products","professional, managers, executive and technicians","2.4"
"1998-Q1","manufacturing","electrical products","clerical, sales and services workers","-"
"1998-Q1","manufacturing","electrical products","production and transport operators, cleaners and labourers","1.1"
"1998-Q1","manufacturing","electronic products","total","2.8"
"1998-Q1","manufacturing","electronic products","professional, managers, executive and technicians","3.3"
"1998-Q1","manufacturing","electronic products","clerical, sales and services workers","2.1"
"1998-Q1","manufacturing","electronic products","production and transport operators, cleaners and labourers","2.7"
"1998-Q1","manufacturing","medical and precision instruments","total","1.4"
"1998-Q1","manufacturing","medical and precision instruments","professional, managers, executive and technicians","3.2"
"1998-Q1","manufacturing","medical and precision instruments","clerical, sales and services workers","-"
"1998-Q1","manufacturing","medical and precision instruments","production and transport operators, cleaners and labourers","-"
"1998-Q1","manufacturing","transport equipment","total","2.7"
"1998-Q1","manufacturing","transport equipment","professional, managers, executive and technicians","2.3"
"1998-Q1","manufacturing","transport equipment","clerical, sales and services workers","5.2"
"1998-Q1","manufacturing","transport equipment","production and transport operators, cleaners and labourers","2.5"
"1998-Q1","manufacturing","other manufacturing industries","total","1.4"
"1998-Q1","manufacturing","other manufacturing industries","professional, managers, executive and technicians","-"
"1998-Q1","manufacturing","other manufacturing industries","clerical, sales and services workers","-"
"1998-Q1","manufacturing","other manufacturing industries","production and transport operators, cleaners and labourers","1.6"
"1998-Q1","construction","construction","total","2.2"
"1998-Q1","construction","construction","professional, managers, executive and technicians","1.6"
"1998-Q1","construction","construction","clerical, sales and services workers","1.8"
"1998-Q1","construction","construction","production and transport operators, cleaners and labourers","2.4"
"1998-Q1","services","wholesale and retail trade","total","2.4"
"1998-Q1","services","wholesale and retail trade","professional, managers, executive and technicians","1.8"
"1998-Q1","services","wholesale and retail trade","clerical, sales and services workers","2.4"
"1998-Q1","services","wholesale and retail trade","production and transport operators, cleaners and labourers","3.4"
"1998-Q1","services","hotels and restaurants","total","6.2"
"1998-Q1","services","hotels and restaurants","professional, managers, executive and technicians","4.1"
"1998-Q1","services","hotels and restaurants","clerical, sales and services workers","6.3"
"1998-Q1","services","hotels and restaurants","production and transport operators, cleaners and labourers","9.4"
"1998-Q1","services","transport, storage and communications","total","2.7"
"1998-Q1","services","transport, storage and communications","professional, managers, executive and technicians","2.8"
"1998-Q1","services","transport, storage and communications","clerical, sales and services workers","3.3"
"1998-Q1","services","transport, storage and communications","production and transport operators, cleaners and labourers","2"
"1998-Q1","services","financial intermediation","total","1.9"
"1998-Q1","services","financial intermediation","professional, managers, executive and technicians","1.8"
"1998-Q1","services","financial intermediation","clerical, sales and services workers","2"
"1998-Q1","services","financial intermediation","production and transport operators, cleaners and labourers","2.1"
"1998-Q1","services","business and real estate services","total","2.4"
"1998-Q1","services","business and real estate services","professional, managers, executive and technicians","2.4"
"1998-Q1","services","business and real estate services","clerical, sales and services workers","2.9"
"1998-Q1","services","business and real estate services","production and transport operators, cleaners and labourers","1.9"
"1998-Q1","services","community, social and personal services","total","3.9"
"1998-Q1","services","community, social and personal services","professional, managers, executive and technicians","3.8"
"1998-Q1","services","community, social and personal services","clerical, sales and services workers","4.1"
"1998-Q1","services","community, social and personal services","production and transport operators, cleaners and labourers","3.9"
"1998-Q1","others","others","total","3.2"
"1998-Q1","others","others","professional, managers, executive and technicians","-"
"1998-Q1","others","others","clerical, sales and services workers","-"
"1998-Q1","others","others","production and transport operators, cleaners and labourers","-"
"1998-Q2","total","total","total","2"
"1998-Q2","total","total","professional, managers, executive and technicians","1.9"
"1998-Q2","total","total","clerical, sales and services workers","2.7"
"1998-Q2","total","total","production and transport operators, cleaners and labourers","1.6"
"1998-Q2","manufacturing","food, beverages and tobacco","total","1.6"
"1998-Q2","manufacturing","food, beverages and tobacco","professional, managers, executive and technicians","-"
"1998-Q2","manufacturing","food, beverages and tobacco","clerical, sales and services workers","2.2"
"1998-Q2","manufacturing","food, beverages and tobacco","production and transport operators, cleaners and labourers","1.1"
"1998-Q2","manufacturing","textile and wearing apparel","total","2.9"
"1998-Q2","manufacturing","textile and wearing apparel","professional, managers, executive and technicians","-"
"1998-Q2","manufacturing","textile and wearing apparel","clerical, sales and services workers","-"
"1998-Q2","manufacturing","textile and wearing apparel","production and transport operators, cleaners and labourers","3.8"
"1998-Q2","manufacturing","paper products and publishing","total","1.2"
"1998-Q2","manufacturing","paper products and publishing","professional, managers, executive and technicians","-"
"1998-Q2","manufacturing","paper products and publishing","clerical, sales and services workers","-"
"1998-Q2","manufacturing","paper products and publishing","production and transport operators, cleaners and labourers","1.2"
"1998-Q2","manufacturing","petroleum and chemical products","total","1.5"
"1998-Q2","manufacturing","petroleum and chemical products","professional, managers, executive and technicians","1.7"
"1998-Q2","manufacturing","petroleum and chemical products","clerical, sales and services workers","-"
"1998-Q2","manufacturing","petroleum and chemical products","production and transport operators, cleaners and labourers","1.6"
"1998-Q2","manufacturing","rubber and plastic products","total","1.3"
"1998-Q2","manufacturing","rubber and plastic products","professional, managers, executive and technicians","-"
"1998-Q2","manufacturing","rubber and plastic products","clerical, sales and services workers","-"
"1998-Q2","manufacturing","rubber and plastic products","production and transport operators, cleaners and labourers","1.3"
"1998-Q2","manufacturing","fabricated metal products","total","1.2"
"1998-Q2","manufacturing","fabricated metal products","professional, managers, executive and technicians","-"
"1998-Q2","manufacturing","fabricated metal products","clerical, sales and services workers","-"
"1998-Q2","manufacturing","fabricated metal products","production and transport operators, cleaners and labourers","1.4"
"1998-Q2","manufacturing","machinery and equipment","total","1.8"
"1998-Q2","manufacturing","machinery and equipment","professional, managers, executive and technicians","1.4"
"1998-Q2","manufacturing","machinery and equipment","clerical, sales and services workers","-"
"1998-Q2","manufacturing","machinery and equipment","production and transport operators, cleaners and labourers","2"
"1998-Q2","manufacturing","electrical products","total","0.6"
"1998-Q2","manufacturing","electrical products","professional, managers, executive and technicians","-"
"1998-Q2","manufacturing","electrical products","clerical, sales and services workers","-"
"1998-Q2","manufacturing","electrical products","production and transport operators, cleaners and labourers","-"
"1998-Q2","manufacturing","electronic products","total","0.8"
"1998-Q2","manufacturing","electronic products","professional, managers, executive and technicians","1.8"
"1998-Q2","manufacturing","electronic products","clerical, sales and services workers","0.7"
"1998-Q2","manufacturing","electronic products","production and transport operators, cleaners and labourers","0.4"
"1998-Q2","manufacturing","medical and precision instruments","total","2"
"1998-Q2","manufacturing","medical and precision instruments","professional, managers, executive and technicians","3"
"1998-Q2","manufacturing","medical and precision instruments","clerical, sales and services workers","-"
"1998-Q2","manufacturing","medical and precision instruments","production and transport operators, cleaners and labourers","1.7"
"1998-Q2","manufacturing","transport equipment","total","2.7"
"1998-Q2","manufacturing","transport equipment","professional, managers, executive and technicians","2.7"
"1998-Q2","manufacturing","transport equipment","clerical, sales and services workers","3.1"
"1998-Q2","manufacturing","transport equipment","production and transport operators, cleaners and labourers","2.7"
"1998-Q2","manufacturing","other manufacturing industries","total","0.8"
"1998-Q2","manufacturing","other manufacturing industries","professional, managers, executive and technicians","-"
"1998-Q2","manufacturing","other manufacturing industries","clerical, sales and services workers","-"
"1998-Q2","manufacturing","other manufacturing industries","production and transport operators, cleaners and labourers","0.7"
"1998-Q2","construction","construction","total","1.9"
"1998-Q2","construction","construction","professional, managers, executive and technicians","1.3"
"1998-Q2","construction","construction","clerical, sales and services workers","1.4"
"1998-Q2","construction","construction","production and transport operators, cleaners and labourers","2"
"1998-Q2","services","wholesale and retail trade","total","1.6"
"1998-Q2","services","wholesale and retail trade","professional, managers, executive and technicians","1.4"
"1998-Q2","services","wholesale and retail trade","clerical, sales and services workers","2"
"1998-Q2","services","wholesale and retail trade","production and transport operators, cleaners and labourers","0.9"
"1998-Q2","services","hotels and restaurants","total","5.5"
"1998-Q2","services","hotels and restaurants","professional, managers, executive and technicians","2.7"
"1998-Q2","services","hotels and restaurants","clerical, sales and services workers","6.2"
"1998-Q2","services","hotels and restaurants","production and transport operators, cleaners and labourers","3.5"
"1998-Q2","services","transport, storage and communications","total","2.4"
"1998-Q2","services","transport, storage and communications","professional, managers, executive and technicians","2.8"
"1998-Q2","services","transport, storage and communications","clerical, sales and services workers","2.7"
"1998-Q2","services","transport, storage and communications","production and transport operators, cleaners and labourers","1.7"
"1998-Q2","services","financial intermediation","total","1.8"
"1998-Q2","services","financial intermediation","professional, managers, executive and technicians","1.5"
"1998-Q2","services","financial intermediation","clerical, sales and services workers","2"
"1998-Q2","services","financial intermediation","production and transport operators, cleaners and labourers","1.9"
"1998-Q2","services","business and real estate services","total","1.8"
"1998-Q2","services","business and real estate services","professional, managers, executive and technicians","1.7"
"1998-Q2","services","business and real estate services","clerical, sales and services workers","2.2"
"1998-Q2","services","business and real estate services","production and transport operators, cleaners and labourers","1.3"
"1998-Q2","services","community, social and personal services","total","3.2"
"1998-Q2","services","community, social and personal services","professional, managers, executive and technicians","3.4"
"1998-Q2","services","community, social and personal services","clerical, sales and services workers","3.6"
"1998-Q2","services","community, social and personal services","production and transport operators, cleaners and labourers","1.8"
"1998-Q2","others","others","total","-"
"1998-Q2","others","others","professional, managers, executive and technicians","-"
"1998-Q2","others","others","clerical, sales and services workers","-"
"1998-Q2","others","others","production and transport operators, cleaners and labourers","-"
"1998-Q3","total","total","total","1.5"
"1998-Q3","total","total","professional, managers, executive and technicians","1.5"
"1998-Q3","total","total","clerical, sales and services workers","1.9"
"1998-Q3","total","total","production and transport operators, cleaners and labourers","1.4"
"1998-Q3","manufacturing","food, beverages and tobacco","total","0.9"
"1998-Q3","manufacturing","food, beverages and tobacco","professional, managers, executive and technicians","-"
"1998-Q3","manufacturing","food, beverages and tobacco","clerical, sales and services workers","-"
"1998-Q3","manufacturing","food, beverages and tobacco","production and transport operators, cleaners and labourers","1.1"
"1998-Q3","manufacturing","textile and wearing apparel","total","3.4"
"1998-Q3","manufacturing","textile and wearing apparel","professional, managers, executive and technicians","-"
"1998-Q3","manufacturing","textile and wearing apparel","clerical, sales and services workers","-"
"1998-Q3","manufacturing","textile and wearing apparel","production and transport operators, cleaners and labourers","4.4"
"1998-Q3","manufacturing","paper products and publishing","total","1"
"1998-Q3","manufacturing","paper products and publishing","professional, managers, executive and technicians","1.2"
"1998-Q3","manufacturing","paper products and publishing","clerical, sales and services workers","-"
"1998-Q3","manufacturing","paper products and publishing","production and transport operators, cleaners and labourers","0.8"
"1998-Q3","manufacturing","petroleum and chemical products","total","1"
"1998-Q3","manufacturing","petroleum and chemical products","professional, managers, executive and technicians","0.9"
"1998-Q3","manufacturing","petroleum and chemical products","clerical, sales and services workers","-"
"1998-Q3","manufacturing","petroleum and chemical products","production and transport operators, cleaners and labourers","1.3"
"1998-Q3","manufacturing","rubber and plastic products","total","1.3"
"1998-Q3","manufacturing","rubber and plastic products","professional, managers, executive and technicians","-"
"1998-Q3","manufacturing","rubber and plastic products","clerical, sales and services workers","-"
"1998-Q3","manufacturing","rubber and plastic products","production and transport operators, cleaners and labourers","1.3"
"1998-Q3","manufacturing","fabricated metal products","total","1.1"
"1998-Q3","manufacturing","fabricated metal products","professional, managers, executive and technicians","-"
"1998-Q3","manufacturing","fabricated metal products","clerical, sales and services workers","-"
"1998-Q3","manufacturing","fabricated metal products","production and transport operators, cleaners and labourers","1.2"
"1998-Q3","manufacturing","machinery and equipment","total","1.1"
"1998-Q3","manufacturing","machinery and equipment","professional, managers, executive and technicians","1.1"
"1998-Q3","manufacturing","machinery and equipment","clerical, sales and services workers","-"
"1998-Q3","manufacturing","machinery and equipment","production and transport operators, cleaners and labourers","1.2"
"1998-Q3","manufacturing","electrical products","total","-"
"1998-Q3","manufacturing","electrical products","professional, managers, executive and technicians","-"
"1998-Q3","manufacturing","electrical products","clerical, sales and services workers","-"
"1998-Q3","manufacturing","electrical products","production and transport operators, cleaners and labourers","-"
"1998-Q3","manufacturing","electronic products","total","1.2"
"1998-Q3","manufacturing","electronic products","professional, managers, executive and technicians","1.9"
"1998-Q3","manufacturing","electronic products","clerical, sales and services workers","-"
"1998-Q3","manufacturing","electronic products","production and transport operators, cleaners and labourers","0.9"
"1998-Q3","manufacturing","medical and precision instruments","total","-"
"1998-Q3","manufacturing","medical and precision instruments","professional, managers, executive and technicians","-"
"1998-Q3","manufacturing","medical and precision instruments","clerical, sales and services workers","-"
"1998-Q3","manufacturing","medical and precision instruments","production and transport operators, cleaners and labourers","-"
"1998-Q3","manufacturing","transport equipment","total","2.1"
"1998-Q3","manufacturing","transport equipment","professional, managers, executive and technicians","2.5"
"1998-Q3","manufacturing","transport equipment","clerical, sales and services workers","2.2"
"1998-Q3","manufacturing","transport equipment","production and transport operators, cleaners and labourers","1.9"
"1998-Q3","manufacturing","other manufacturing industries","total","0.7"
"1998-Q3","manufacturing","other manufacturing industries","professional, managers, executive and technicians","-"
"1998-Q3","manufacturing","other manufacturing industries","clerical, sales and services workers","-"
"1998-Q3","manufacturing","other manufacturing industries","production and transport operators, cleaners and labourers","0.7"
"1998-Q3","construction","construction","total","1.4"
"1998-Q3","construction","construction","professional, managers, executive and technicians","1.1"
"1998-Q3","construction","construction","clerical, sales and services workers","0.7"
"1998-Q3","construction","construction","production and transport operators, cleaners and labourers","1.5"
"1998-Q3","services","wholesale and retail trade","total","1.2"
"1998-Q3","services","wholesale and retail trade","professional, managers, executive and technicians","1"
"1998-Q3","services","wholesale and retail trade","clerical, sales and services workers","1.6"
"1998-Q3","services","wholesale and retail trade","production and transport operators, cleaners and labourers","0.9"
"1998-Q3","services","hotels and restaurants","total","2.3"
"1998-Q3","services","hotels and restaurants","professional, managers, executive and technicians","1.1"
"1998-Q3","services","hotels and restaurants","clerical, sales and services workers","2.3"
"1998-Q3","services","hotels and restaurants","production and transport operators, cleaners and labourers","3.5"
"1998-Q3","services","transport, storage and communications","total","2.1"
"1998-Q3","services","transport, storage and communications","professional, managers, executive and technicians","2.1"
"1998-Q3","services","transport, storage and communications","clerical, sales and services workers","2.7"
"1998-Q3","services","transport, storage and communications","production and transport operators, cleaners and labourers","1.3"
"1998-Q3","services","financial intermediation","total","1.2"
"1998-Q3","services","financial intermediation","professional, managers, executive and technicians","1.3"
"1998-Q3","services","financial intermediation","clerical, sales and services workers","1.1"
"1998-Q3","services","financial intermediation","production and transport operators, cleaners and labourers","-"
"1998-Q3","services","business and real estate services","total","1.6"
"1998-Q3","services","business and real estate services","professional, managers, executive and technicians","1.3"
"1998-Q3","services","business and real estate services","clerical, sales and services workers","2.2"
"1998-Q3","services","business and real estate services","production and transport operators, cleaners and labourers","1.6"
"1998-Q3","services","community, social and personal services","total","2.8"
"1998-Q3","services","community, social and personal services","professional, managers, executive and technicians","2.7"
"1998-Q3","services","community, social and personal services","clerical, sales and services workers","3.2"
"1998-Q3","services","community, social and personal services","production and transport operators, cleaners and labourers","1.7"
"1998-Q3","others","others","total","-"
"1998-Q3","others","others","professional, managers, executive and technicians","-"
"1998-Q3","others","others","clerical, sales and services workers","-"
"1998-Q3","others","others","production and transport operators, cleaners and labourers","-"
"1998-Q4","total","total","total","1.3"
"1998-Q4","total","total","professional, managers, executive and technicians","1.4"
"1998-Q4","total","total","clerical, sales and services workers","1.6"
"1998-Q4","total","total","production and transport operators, cleaners and labourers","1"
"1998-Q4","manufacturing","food, beverages and tobacco","total","1"
"1998-Q4","manufacturing","food, beverages and tobacco","professional, managers, executive and technicians","-"
"1998-Q4","manufacturing","food, beverages and tobacco","clerical, sales and services workers","-"
"1998-Q4","manufacturing","food, beverages and tobacco","production and transport operators, cleaners and labourers","1.9"
"1998-Q4","manufacturing","textile and wearing apparel","total","3.2"
"1998-Q4","manufacturing","textile and wearing apparel","professional, managers, executive and technicians","-"
"1998-Q4","manufacturing","textile and wearing apparel","clerical, sales and services workers","-"
"1998-Q4","manufacturing","textile and wearing apparel","production and transport operators, cleaners and labourers","3.8"
"1998-Q4","manufacturing","paper products and publishing","total","1.5"
"1998-Q4","manufacturing","paper products and publishing","professional, managers, executive and technicians","1.6"
"1998-Q4","manufacturing","paper products and publishing","clerical, sales and services workers","-"
"1998-Q4","manufacturing","paper products and publishing","production and transport operators, cleaners and labourers","1.7"
"1998-Q4","manufacturing","petroleum and chemical products","total","0.6"
"1998-Q4","manufacturing","petroleum and chemical products","professional, managers, executive and technicians","-"
"1998-Q4","manufacturing","petroleum and chemical products","clerical, sales and services workers","-"
"1998-Q4","manufacturing","petroleum and chemical products","production and transport operators, cleaners and labourers","-"
"1998-Q4","manufacturing","rubber and plastic products","total","2"
"1998-Q4","manufacturing","rubber and plastic products","professional, managers, executive and technicians","3.2"
"1998-Q4","manufacturing","rubber and plastic products","clerical, sales and services workers","4.5"
"1998-Q4","manufacturing","rubber and plastic products","production and transport operators, cleaners and labourers","1.4"
"1998-Q4","manufacturing","fabricated metal products","total","0.7"
"1998-Q4","manufacturing","fabricated metal products","professional, managers, executive and technicians","0.9"
"1998-Q4","manufacturing","fabricated metal products","clerical, sales and services workers","-"
"1998-Q4","manufacturing","fabricated metal products","production and transport operators, cleaners and labourers","0.7"
"1998-Q4","manufacturing","machinery and equipment","total","0.6"
"1998-Q4","manufacturing","machinery and equipment","professional, managers, executive and technicians","0.8"
"1998-Q4","manufacturing","machinery and equipment","clerical, sales and services workers","-"
"1998-Q4","manufacturing","machinery and equipment","production and transport operators, cleaners and labourers","0.5"
"1998-Q4","manufacturing","electrical products","total","-"
"1998-Q4","manufacturing","electrical products","professional, managers, executive and technicians","-"
"1998-Q4","manufacturing","electrical products","clerical, sales and services workers","-"
"1998-Q4","manufacturing","electrical products","production and transport operators, cleaners and labourers","-"
"1998-Q4","manufacturing","electronic products","total","1.5"
"1998-Q4","manufacturing","electronic products","professional, managers, executive and technicians","1.8"
"1998-Q4","manufacturing","electronic products","clerical, sales and services workers","1.2"
"1998-Q4","manufacturing","electronic products","production and transport operators, cleaners and labourers","1.3"
"1998-Q4","manufacturing","medical and precision instruments","total","0.5"
"1998-Q4","manufacturing","medical and precision instruments","professional, managers, executive and technicians","-"
"1998-Q4","manufacturing","medical and precision instruments","clerical, sales and services workers","-"
"1998-Q4","manufacturing","medical and precision instruments","production and transport operators, cleaners and labourers","-"
"1998-Q4","manufacturing","transport equipment","total","2"
"1998-Q4","manufacturing","transport equipment","professional, managers, executive and technicians","2.5"
"1998-Q4","manufacturing","transport equipment","clerical, sales and services workers","-"
"1998-Q4","manufacturing","transport equipment","production and transport operators, cleaners and labourers","2"
"1998-Q4","manufacturing","other manufacturing industries","total","0.6"
"1998-Q4","manufacturing","other manufacturing industries","professional, managers, executive and technicians","-"
"1998-Q4","manufacturing","other manufacturing industries","clerical, sales and services workers","-"
"1998-Q4","manufacturing","other manufacturing industries","production and transport operators, cleaners and labourers","0.5"
"1998-Q4","construction","construction","total","0.7"
"1998-Q4","construction","construction","professional, managers, executive and technicians","0.8"
"1998-Q4","construction","construction","clerical, sales and services workers","0.6"
"1998-Q4","construction","construction","production and transport operators, cleaners and labourers","0.7"
"1998-Q4","services","wholesale and retail trade","total","0.8"
"1998-Q4","services","wholesale and retail trade","professional, managers, executive and technicians","1.1"
"1998-Q4","services","wholesale and retail trade","clerical, sales and services workers","0.7"
"1998-Q4","services","wholesale and retail trade","production and transport operators, cleaners and labourers","0.5"
"1998-Q4","services","hotels and restaurants","total","2"
"1998-Q4","services","hotels and restaurants","professional, managers, executive and technicians","1.7"
"1998-Q4","services","hotels and restaurants","clerical, sales and services workers","2"
"1998-Q4","services","hotels and restaurants","production and transport operators, cleaners and labourers","2.2"
"1998-Q4","services","transport, storage and communications","total","2"
"1998-Q4","services","transport, storage and communications","professional, managers, executive and technicians","1.4"
"1998-Q4","services","transport, storage and communications","clerical, sales and services workers","3.2"
"1998-Q4","services","transport, storage and communications","production and transport operators, cleaners and labourers","1.1"
"1998-Q4","services","financial intermediation","total","0.9"
"1998-Q4","services","financial intermediation","professional, managers, executive and technicians","1"
"1998-Q4","services","financial intermediation","clerical, sales and services workers","0.8"
"1998-Q4","services","financial intermediation","production and transport operators, cleaners and labourers","-"
"1998-Q4","services","business and real estate services","total","1.7"
"1998-Q4","services","business and real estate services","professional, managers, executive and technicians","1.5"
"1998-Q4","services","business and real estate services","clerical, sales and services workers","2.2"
"1998-Q4","services","business and real estate services","production and transport operators, cleaners and labourers","1.3"
"1998-Q4","services","community, social and personal services","total","2.4"
"1998-Q4","services","community, social and personal services","professional, managers, executive and technicians","2.6"
"1998-Q4","services","community, social and personal services","clerical, sales and services workers","2.4"
"1998-Q4","services","community, social and personal services","production and transport operators, cleaners and labourers","1.8"
"1998-Q4","others","others","total","1"
"1998-Q4","others","others","professional, managers, executive and technicians","-"
"1998-Q4","others","others","clerical, sales and services workers","-"
"1998-Q4","others","others","production and transport operators, cleaners and labourers","1.2"
"1999-Q1","total","total","total","1.8"
"1999-Q1","total","total","professional, managers, executive and technicians","1.7"
"1999-Q1","total","total","clerical, sales and services workers","2.3"
"1999-Q1","total","total","production and transport operators, cleaners and labourers","1.5"
"1999-Q1","manufacturing","food, beverages and tobacco","total","-"
"1999-Q1","manufacturing","food, beverages and tobacco","professional, managers, executive and technicians","-"
"1999-Q1","manufacturing","food, beverages and tobacco","clerical, sales and services workers","-"
"1999-Q1","manufacturing","food, beverages and tobacco","production and transport operators, cleaners and labourers","-"
"1999-Q1","manufacturing","textile and wearing apparel","total","3.4"
"1999-Q1","manufacturing","textile and wearing apparel","professional, managers, executive and technicians","-"
"1999-Q1","manufacturing","textile and wearing apparel","clerical, sales and services workers","-"
"1999-Q1","manufacturing","textile and wearing apparel","production and transport operators, cleaners and labourers","4.1"
"1999-Q1","manufacturing","paper products and publishing","total","1.3"
"1999-Q1","manufacturing","paper products and publishing","professional, managers, executive and technicians","-"
"1999-Q1","manufacturing","paper products and publishing","clerical, sales and services workers","-"
"1999-Q1","manufacturing","paper products and publishing","production and transport operators, cleaners and labourers","1.4"
"1999-Q1","manufacturing","petroleum and chemical products","total","0.9"
"1999-Q1","manufacturing","petroleum and chemical products","professional, managers, executive and technicians","0.9"
"1999-Q1","manufacturing","petroleum and chemical products","clerical, sales and services workers","-"
"1999-Q1","manufacturing","petroleum and chemical products","production and transport operators, cleaners and labourers","0.8"
"1999-Q1","manufacturing","rubber and plastic products","total","2.6"
"1999-Q1","manufacturing","rubber and plastic products","professional, managers, executive and technicians","2.6"
"1999-Q1","manufacturing","rubber and plastic products","clerical, sales and services workers","-"
"1999-Q1","manufacturing","rubber and plastic products","production and transport operators, cleaners and labourers","2.6"
"1999-Q1","manufacturing","fabricated metal products","total","1"
"1999-Q1","manufacturing","fabricated metal products","professional, managers, executive and technicians","1.2"
"1999-Q1","manufacturing","fabricated metal products","clerical, sales and services workers","-"
"1999-Q1","manufacturing","fabricated metal products","production and transport operators, cleaners and labourers","0.9"
"1999-Q1","manufacturing","machinery and equipment","total","1"
"1999-Q1","manufacturing","machinery and equipment","professional, managers, executive and technicians","0.8"
"1999-Q1","manufacturing","machinery and equipment","clerical, sales and services workers","-"
"1999-Q1","manufacturing","machinery and equipment","production and transport operators, cleaners and labourers","1.1"
"1999-Q1","manufacturing","electrical products","total","0.7"
"1999-Q1","manufacturing","electrical products","professional, managers, executive and technicians","-"
"1999-Q1","manufacturing","electrical products","clerical, sales and services workers","-"
"1999-Q1","manufacturing","electrical products","production and transport operators, cleaners and labourers","-"
"1999-Q1","manufacturing","electronic products","total","1.8"
"1999-Q1","manufacturing","electronic products","professional, managers, executive and technicians","2.3"
"1999-Q1","manufacturing","electronic products","clerical, sales and services workers","2.2"
"1999-Q1","manufacturing","electronic products","production and transport operators, cleaners and labourers","1.6"
"1999-Q1","manufacturing","medical and precision instruments","total","0.6"
"1999-Q1","manufacturing","medical and precision instruments","professional, managers, executive and technicians","-"
"1999-Q1","manufacturing","medical and precision instruments","clerical, sales and services workers","-"
"1999-Q1","manufacturing","medical and precision instruments","production and transport operators, cleaners and labourers","-"
"1999-Q1","manufacturing","transport equipment","total","1.6"
"1999-Q1","manufacturing","transport equipment","professional, managers, executive and technicians","1.8"
"1999-Q1","manufacturing","transport equipment","clerical, sales and services workers","-"
"1999-Q1","manufacturing","transport equipment","production and transport operators, cleaners and labourers","1.6"
"1999-Q1","manufacturing","other manufacturing industries","total","0.9"
"1999-Q1","manufacturing","other manufacturing industries","professional, managers, executive and technicians","-"
"1999-Q1","manufacturing","other manufacturing industries","clerical, sales and services workers","-"
"1999-Q1","manufacturing","other manufacturing industries","production and transport operators, cleaners and labourers","0.7"
"1999-Q1","construction","construction","total","1.6"
"1999-Q1","construction","construction","professional, managers, executive and technicians","0.9"
"1999-Q1","construction","construction","clerical, sales and services workers","0.9"
"1999-Q1","construction","construction","production and transport operators, cleaners and labourers","1.7"
"1999-Q1","services","wholesale and retail trade","total","1.8"
"1999-Q1","services","wholesale and retail trade","professional, managers, executive and technicians","1.5"
"1999-Q1","services","wholesale and retail trade","clerical, sales and services workers","2.2"
"1999-Q1","services","wholesale and retail trade","production and transport operators, cleaners and labourers","1.3"
"1999-Q1","services","hotels and restaurants","total","2.3"
"1999-Q1","services","hotels and restaurants","professional, managers, executive and technicians","2.5"
"1999-Q1","services","hotels and restaurants","clerical, sales and services workers","2.1"
"1999-Q1","services","hotels and restaurants","production and transport operators, cleaners and labourers","3.1"
"1999-Q1","services","transport, storage and communications","total","2.4"
"1999-Q1","services","transport, storage and communications","professional, managers, executive and technicians","1.8"
"1999-Q1","services","transport, storage and communications","clerical, sales and services workers","3.9"
"1999-Q1","services","transport, storage and communications","production and transport operators, cleaners and labourers","1.1"
"1999-Q1","services","financial intermediation","total","0.9"
"1999-Q1","services","financial intermediation","professional, managers, executive and technicians","1.2"
"1999-Q1","services","financial intermediation","clerical, sales and services workers","0.6"
"1999-Q1","services","financial intermediation","production and transport operators, cleaners and labourers","-"
"1999-Q1","services","business and real estate services","total","2.1"
"1999-Q1","services","business and real estate services","professional, managers, executive and technicians","1.9"
"1999-Q1","services","business and real estate services","clerical, sales and services workers","2.6"
"1999-Q1","services","business and real estate services","production and transport operators, cleaners and labourers","1.9"
"1999-Q1","services","community, social and personal services","total","3"
"1999-Q1","services","community, social and personal services","professional, managers, executive and technicians","2.9"
"1999-Q1","services","community, social and personal services","clerical, sales and services workers","3.5"
"1999-Q1","services","community, social and personal services","production and transport operators, cleaners and labourers","1.9"
"1999-Q1","others","others","total","-"
"1999-Q1","others","others","professional, managers, executive and technicians","-"
"1999-Q1","others","others","clerical, sales and services workers","-"
"1999-Q1","others","others","production and transport operators, cleaners and labourers","-"
"1999-Q2","total","total","total","2"
"1999-Q2","total","total","professional, managers, executive and technicians","2.4"
"1999-Q2","total","total","clerical, sales and services workers","2.4"
"1999-Q2","total","total","production and transport operators, cleaners and labourers","1.5"
"1999-Q2","manufacturing","food, beverages and tobacco","total","0.6"
"1999-Q2","manufacturing","food, beverages and tobacco","professional, managers, executive and technicians","-"
"1999-Q2","manufacturing","food, beverages and tobacco","clerical, sales and services workers","1"
"1999-Q2","manufacturing","food, beverages and tobacco","production and transport operators, cleaners and labourers","-"
"1999-Q2","manufacturing","textile and wearing apparel","total","2.7"
"1999-Q2","manufacturing","textile and wearing apparel","professional, managers, executive and technicians","-"
"1999-Q2","manufacturing","textile and wearing apparel","clerical, sales and services workers","-"
"1999-Q2","manufacturing","textile and wearing apparel","production and transport operators, cleaners and labourers","2.7"
"1999-Q2","manufacturing","paper products and publishing","total","3"
"1999-Q2","manufacturing","paper products and publishing","professional, managers, executive and technicians","3.9"
"1999-Q2","manufacturing","paper products and publishing","clerical, sales and services workers","3.3"
"1999-Q2","manufacturing","paper products and publishing","production and transport operators, cleaners and labourers","2.6"
"1999-Q2","manufacturing","petroleum and chemical products","total","1.7"
"1999-Q2","manufacturing","petroleum and chemical products","professional, managers, executive and technicians","2.1"
"1999-Q2","manufacturing","petroleum and chemical products","clerical, sales and services workers","-"
"1999-Q2","manufacturing","petroleum and chemical products","production and transport operators, cleaners and labourers","1.7"
"1999-Q2","manufacturing","rubber and plastic products","total","2.6"
"1999-Q2","manufacturing","rubber and plastic products","professional, managers, executive and technicians","3.1"
"1999-Q2","manufacturing","rubber and plastic products","clerical, sales and services workers","3.8"
"1999-Q2","manufacturing","rubber and plastic products","production and transport operators, cleaners and labourers","2.2"
"1999-Q2","manufacturing","fabricated metal products","total","2.2"
"1999-Q2","manufacturing","fabricated metal products","professional, managers, executive and technicians","2"
"1999-Q2","manufacturing","fabricated metal products","clerical, sales and services workers","3.3"
"1999-Q2","manufacturing","fabricated metal products","production and transport operators, cleaners and labourers","2.1"
"1999-Q2","manufacturing","machinery and equipment","total","1.9"
"1999-Q2","manufacturing","machinery and equipment","professional, managers, executive and technicians","2.3"
"1999-Q2","manufacturing","machinery and equipment","clerical, sales and services workers","-"
"1999-Q2","manufacturing","machinery and equipment","production and transport operators, cleaners and labourers","1.9"
"1999-Q2","manufacturing","electrical products","total","1.1"
"1999-Q2","manufacturing","electrical products","professional, managers, executive and technicians","-"
"1999-Q2","manufacturing","electrical products","clerical, sales and services workers","-"
"1999-Q2","manufacturing","electrical products","production and transport operators, cleaners and labourers","1.2"
"1999-Q2","manufacturing","electronic products","total","1.9"
"1999-Q2","manufacturing","electronic products","professional, managers, executive and technicians","2.7"
"1999-Q2","manufacturing","electronic products","clerical, sales and services workers","1.7"
"1999-Q2","manufacturing","electronic products","production and transport operators, cleaners and labourers","1.6"
"1999-Q2","manufacturing","medical and precision instruments","total","1.9"
"1999-Q2","manufacturing","medical and precision instruments","professional, managers, executive and technicians","2.3"
"1999-Q2","manufacturing","medical and precision instruments","clerical, sales and services workers","-"
"1999-Q2","manufacturing","medical and precision instruments","production and transport operators, cleaners and labourers","1.8"
"1999-Q2","manufacturing","transport equipment","total","1.5"
"1999-Q2","manufacturing","transport equipment","professional, managers, executive and technicians","2"
"1999-Q2","manufacturing","transport equipment","clerical, sales and services workers","2"
"1999-Q2","manufacturing","transport equipment","production and transport operators, cleaners and labourers","1.3"
"1999-Q2","manufacturing","other manufacturing industries","total","1"
"1999-Q2","manufacturing","other manufacturing industries","professional, managers, executive and technicians","-"
"1999-Q2","manufacturing","other manufacturing industries","clerical, sales and services workers","-"
"1999-Q2","manufacturing","other manufacturing industries","production and transport operators, cleaners and labourers","0.8"
"1999-Q2","construction","construction","total","1.1"
"1999-Q2","construction","construction","professional, managers, executive and technicians","0.8"
"1999-Q2","construction","construction","clerical, sales and services workers","0.7"
"1999-Q2","construction","construction","production and transport operators, cleaners and labourers","1.2"
"1999-Q2","services","wholesale and retail trade","total","2.3"
"1999-Q2","services","wholesale and retail trade","professional, managers, executive and technicians","2.3"
"1999-Q2","services","wholesale and retail trade","clerical, sales and services workers","2.3"
"1999-Q2","services","wholesale and retail trade","production and transport operators, cleaners and labourers","2.1"
"1999-Q2","services","hotels and restaurants","total","2.8"
"1999-Q2","services","hotels and restaurants","professional, managers, executive and technicians","2.3"
"1999-Q2","services","hotels and restaurants","clerical, sales and services workers","2.6"
"1999-Q2","services","hotels and restaurants","production and transport operators, cleaners and labourers","4.8"
"1999-Q2","services","transport, storage and communications","total","2.1"
"1999-Q2","services","transport, storage and communications","professional, managers, executive and technicians","2.4"
"1999-Q2","services","transport, storage and communications","clerical, sales and services workers","3.4"
"1999-Q2","services","transport, storage and communications","production and transport operators, cleaners and labourers","0.3"
"1999-Q2","services","financial intermediation","total","2"
"1999-Q2","services","financial intermediation","professional, managers, executive and technicians","2.4"
"1999-Q2","services","financial intermediation","clerical, sales and services workers","1.5"
"1999-Q2","services","financial intermediation","production and transport operators, cleaners and labourers","-"
"1999-Q2","services","business and real estate services","total","1.9"
"1999-Q2","services","business and real estate services","professional, managers, executive and technicians","2.1"
"1999-Q2","services","business and real estate services","clerical, sales and services workers","2.2"
"1999-Q2","services","business and real estate services","production and transport operators, cleaners and labourers","0.9"
"1999-Q2","services","community, social and personal services","total","3.8"
"1999-Q2","services","community, social and personal services","professional, managers, executive and technicians","3.9"
"1999-Q2","services","community, social and personal services","clerical, sales and services workers","3.9"
"1999-Q2","services","community, social and personal services","production and transport operators, cleaners and labourers","3.4"
"1999-Q2","others","others","total","-"
"1999-Q2","others","others","professional, managers, executive and technicians","-"
"1999-Q2","others","others","clerical, sales and services workers","-"
"1999-Q2","others","others","production and transport operators, cleaners and labourers","-"
"1999-Q3","total","total","total","2.5"
"1999-Q3","total","total","professional, managers, executive and technicians","2.9"
"1999-Q3","total","total","clerical, sales and services workers","2.9"
"1999-Q3","total","total","production and transport operators, cleaners and labourers","2.1"
"1999-Q3","manufacturing","food, beverages and tobacco","total","1.3"
"1999-Q3","manufacturing","food, beverages and tobacco","professional, managers, executive and technicians","-"
"1999-Q3","manufacturing","food, beverages and tobacco","clerical, sales and services workers","-"
"1999-Q3","manufacturing","food, beverages and tobacco","production and transport operators, cleaners and labourers","1.7"
"1999-Q3","manufacturing","textile and wearing apparel","total","4.8"
"1999-Q3","manufacturing","textile and wearing apparel","professional, managers, executive and technicians","-"
"1999-Q3","manufacturing","textile and wearing apparel","clerical, sales and services workers","-"
"1999-Q3","manufacturing","textile and wearing apparel","production and transport operators, cleaners and labourers","6"
"1999-Q3","manufacturing","paper products and publishing","total","2.7"
"1999-Q3","manufacturing","paper products and publishing","professional, managers, executive and technicians","2.4"
"1999-Q3","manufacturing","paper products and publishing","clerical, sales and services workers","2.6"
"1999-Q3","manufacturing","paper products and publishing","production and transport operators, cleaners and labourers","2.9"
"1999-Q3","manufacturing","petroleum and chemical products","total","1.6"
"1999-Q3","manufacturing","petroleum and chemical products","professional, managers, executive and technicians","1.8"
"1999-Q3","manufacturing","petroleum and chemical products","clerical, sales and services workers","-"
"1999-Q3","manufacturing","petroleum and chemical products","production and transport operators, cleaners and labourers","1.8"
"1999-Q3","manufacturing","rubber and plastic products","total","3.6"
"1999-Q3","manufacturing","rubber and plastic products","professional, managers, executive and technicians","5"
"1999-Q3","manufacturing","rubber and plastic products","clerical, sales and services workers","-"
"1999-Q3","manufacturing","rubber and plastic products","production and transport operators, cleaners and labourers","3.5"
"1999-Q3","manufacturing","fabricated metal products","total","2.6"
"1999-Q3","manufacturing","fabricated metal products","professional, managers, executive and technicians","3.5"
"1999-Q3","manufacturing","fabricated metal products","clerical, sales and services workers","-"
"1999-Q3","manufacturing","fabricated metal products","production and transport operators, cleaners and labourers","2.5"
"1999-Q3","manufacturing","machinery and equipment","total","2.6"
"1999-Q3","manufacturing","machinery and equipment","professional, managers, executive and technicians","2.6"
"1999-Q3","manufacturing","machinery and equipment","clerical, sales and services workers","2"
"1999-Q3","manufacturing","machinery and equipment","production and transport operators, cleaners and labourers","2.6"
"1999-Q3","manufacturing","electrical products","total","1.4"
"1999-Q3","manufacturing","electrical products","professional, managers, executive and technicians","-"
"1999-Q3","manufacturing","electrical products","clerical, sales and services workers","-"
"1999-Q3","manufacturing","electrical products","production and transport operators, cleaners and labourers","1.2"
"1999-Q3","manufacturing","electronic products","total","2"
"1999-Q3","manufacturing","electronic products","professional, managers, executive and technicians","2.9"
"1999-Q3","manufacturing","electronic products","clerical, sales and services workers","1.2"
"1999-Q3","manufacturing","electronic products","production and transport operators, cleaners and labourers","1.7"
"1999-Q3","manufacturing","medical and precision instruments","total","1.6"
"1999-Q3","manufacturing","medical and precision instruments","professional, managers, executive and technicians","2.9"
"1999-Q3","manufacturing","medical and precision instruments","clerical, sales and services workers","-"
"1999-Q3","manufacturing","medical and precision instruments","production and transport operators, cleaners and labourers","1.3"
"1999-Q3","manufacturing","transport equipment","total","2.5"
"1999-Q3","manufacturing","transport equipment","professional, managers, executive and technicians","2.6"
"1999-Q3","manufacturing","transport equipment","clerical, sales and services workers","1.9"
"1999-Q3","manufacturing","transport equipment","production and transport operators, cleaners and labourers","2.5"
"1999-Q3","manufacturing","other manufacturing industries","total","2"
"1999-Q3","manufacturing","other manufacturing industries","professional, managers, executive and technicians","-"
"1999-Q3","manufacturing","other manufacturing industries","clerical, sales and services workers","2.5"
"1999-Q3","manufacturing","other manufacturing industries","production and transport operators, cleaners and labourers","2"
"1999-Q3","construction","construction","total","1.2"
"1999-Q3","construction","construction","professional, managers, executive and technicians","1.7"
"1999-Q3","construction","construction","clerical, sales and services workers","1.1"
"1999-Q3","construction","construction","production and transport operators, cleaners and labourers","1.1"
"1999-Q3","services","wholesale and retail trade","total","2.4"
"1999-Q3","services","wholesale and retail trade","professional, managers, executive and technicians","2.3"
"1999-Q3","services","wholesale and retail trade","clerical, sales and services workers","2.8"
"1999-Q3","services","wholesale and retail trade","production and transport operators, cleaners and labourers","1.7"
"1999-Q3","services","hotels and restaurants","total","3.8"
"1999-Q3","services","hotels and restaurants","professional, managers, executive and technicians","2.5"
"1999-Q3","services","hotels and restaurants","clerical, sales and services workers","3.9"
"1999-Q3","services","hotels and restaurants","production and transport operators, cleaners and labourers","4.5"
"1999-Q3","services","transport, storage and communications","total","3.4"
"1999-Q3","services","transport, storage and communications","professional, managers, executive and technicians","3.1"
"1999-Q3","services","transport, storage and communications","clerical, sales and services workers","3.5"
"1999-Q3","services","transport, storage and communications","production and transport operators, cleaners and labourers","3.7"
"1999-Q3","services","financial intermediation","total","2.4"
"1999-Q3","services","financial intermediation","professional, managers, executive and technicians","2.6"
"1999-Q3","services","financial intermediation","clerical, sales and services workers","2"
"1999-Q3","services","financial intermediation","production and transport operators, cleaners and labourers","3"
"1999-Q3","services","business and real estate services","total","3"
"1999-Q3","services","business and real estate services","professional, managers, executive and technicians","2.9"
"1999-Q3","services","business and real estate services","clerical, sales and services workers","3.6"
"1999-Q3","services","business and real estate services","production and transport operators, cleaners and labourers","2.5"
"1999-Q3","services","community, social and personal services","total","3.5"
"1999-Q3","services","community, social and personal services","professional, managers, executive and technicians","3.7"
"1999-Q3","services","community, social and personal services","clerical, sales and services workers","3.3"
"1999-Q3","services","community, social and personal services","production and transport operators, cleaners and labourers","3.3"
"1999-Q3","others","others","total","8.1"
"1999-Q3","others","others","professional, managers, executive and technicians","10.3"
"1999-Q3","others","others","clerical, sales and services workers","8.6"
"1999-Q3","others","others","production and transport operators, cleaners and labourers","2.6"
"1999-Q4","total","total","total","2.3"
"1999-Q4","total","total","professional, managers, executive and technicians","2.8"
"1999-Q4","total","total","clerical, sales and services workers","2.5"
"1999-Q4","total","total","production and transport operators, cleaners and labourers","1.8"
"1999-Q4","manufacturing","food, beverages and tobacco","total","0.4"
"1999-Q4","manufacturing","food, beverages and tobacco","professional, managers, executive and technicians","-"
"1999-Q4","manufacturing","food, beverages and tobacco","clerical, sales and services workers","-"
"1999-Q4","manufacturing","food, beverages and tobacco","production and transport operators, cleaners and labourers","-"
"1999-Q4","manufacturing","textile and wearing apparel","total","5.8"
"1999-Q4","manufacturing","textile and wearing apparel","professional, managers, executive and technicians","-"
"1999-Q4","manufacturing","textile and wearing apparel","clerical, sales and services workers","-"
"1999-Q4","manufacturing","textile and wearing apparel","production and transport operators, cleaners and labourers","7.2"
"1999-Q4","manufacturing","paper products and publishing","total","3"
"1999-Q4","manufacturing","paper products and publishing","professional, managers, executive and technicians","3.7"
"1999-Q4","manufacturing","paper products and publishing","clerical, sales and services workers","3.5"
"1999-Q4","manufacturing","paper products and publishing","production and transport operators, cleaners and labourers","2.6"
"1999-Q4","manufacturing","petroleum and chemical products","total","1.2"
"1999-Q4","manufacturing","petroleum and chemical products","professional, managers, executive and technicians","1.6"
"1999-Q4","manufacturing","petroleum and chemical products","clerical, sales and services workers","-"
"1999-Q4","manufacturing","petroleum and chemical products","production and transport operators, cleaners and labourers","1.2"
"1999-Q4","manufacturing","rubber and plastic products","total","2.1"
"1999-Q4","manufacturing","rubber and plastic products","professional, managers, executive and technicians","2.2"
"1999-Q4","manufacturing","rubber and plastic products","clerical, sales and services workers","-"
"1999-Q4","manufacturing","rubber and plastic products","production and transport operators, cleaners and labourers","2.2"
"1999-Q4","manufacturing","fabricated metal products","total","2.4"
"1999-Q4","manufacturing","fabricated metal products","professional, managers, executive and technicians","3.5"
"1999-Q4","manufacturing","fabricated metal products","clerical, sales and services workers","2.2"
"1999-Q4","manufacturing","fabricated metal products","production and transport operators, cleaners and labourers","2.2"
"1999-Q4","manufacturing","machinery and equipment","total","2"
"1999-Q4","manufacturing","machinery and equipment","professional, managers, executive and technicians","2.3"
"1999-Q4","manufacturing","machinery and equipment","clerical, sales and services workers","2.2"
"1999-Q4","manufacturing","machinery and equipment","production and transport operators, cleaners and labourers","1.8"
"1999-Q4","manufacturing","electrical products","total","1.7"
"1999-Q4","manufacturing","electrical products","professional, managers, executive and technicians","-"
"1999-Q4","manufacturing","electrical products","clerical, sales and services workers","-"
"1999-Q4","manufacturing","electrical products","production and transport operators, cleaners and labourers","1.8"
"1999-Q4","manufacturing","electronic products","total","2.2"
"1999-Q4","manufacturing","electronic products","professional, managers, executive and technicians","3"
"1999-Q4","manufacturing","electronic products","clerical, sales and services workers","1.3"
"1999-Q4","manufacturing","electronic products","production and transport operators, cleaners and labourers","1.9"
"1999-Q4","manufacturing","medical and precision instruments","total","1.8"
"1999-Q4","manufacturing","medical and precision instruments","professional, managers, executive and technicians","2.7"
"1999-Q4","manufacturing","medical and precision instruments","clerical, sales and services workers","-"
"1999-Q4","manufacturing","medical and precision instruments","production and transport operators, cleaners and labourers","1.6"
"1999-Q4","manufacturing","transport equipment","total","1.4"
"1999-Q4","manufacturing","transport equipment","professional, managers, executive and technicians","1.9"
"1999-Q4","manufacturing","transport equipment","clerical, sales and services workers","-"
"1999-Q4","manufacturing","transport equipment","production and transport operators, cleaners and labourers","1.2"
"1999-Q4","manufacturing","other manufacturing industries","total","1.9"
"1999-Q4","manufacturing","other manufacturing industries","professional, managers, executive and technicians","2.2"
"1999-Q4","manufacturing","other manufacturing industries","clerical, sales and services workers","-"
"1999-Q4","manufacturing","other manufacturing industries","production and transport operators, cleaners and labourers","1.9"
"1999-Q4","construction","construction","total","0.7"
"1999-Q4","construction","construction","professional, managers, executive and technicians","0.8"
"1999-Q4","construction","construction","clerical, sales and services workers","0.5"
"1999-Q4","construction","construction","production and transport operators, cleaners and labourers","0.7"
"1999-Q4","services","wholesale and retail trade","total","2.3"
"1999-Q4","services","wholesale and retail trade","professional, managers, executive and technicians","2.6"
"1999-Q4","services","wholesale and retail trade","clerical, sales and services workers","2.3"
"1999-Q4","services","wholesale and retail trade","production and transport operators, cleaners and labourers","1.9"
"1999-Q4","services","hotels and restaurants","total","2.9"
"1999-Q4","services","hotels and restaurants","professional, managers, executive and technicians","2.8"
"1999-Q4","services","hotels and restaurants","clerical, sales and services workers","2.8"
"1999-Q4","services","hotels and restaurants","production and transport operators, cleaners and labourers","4.7"
"1999-Q4","services","transport, storage and communications","total","3.2"
"1999-Q4","services","transport, storage and communications","professional, managers, executive and technicians","2.6"
"1999-Q4","services","transport, storage and communications","clerical, sales and services workers","3.5"
"1999-Q4","services","transport, storage and communications","production and transport operators, cleaners and labourers","3.6"
"1999-Q4","services","financial intermediation","total","3.2"
"1999-Q4","services","financial intermediation","professional, managers, executive and technicians","3.5"
"1999-Q4","services","financial intermediation","clerical, sales and services workers","2.6"
"1999-Q4","services","financial intermediation","production and transport operators, cleaners and labourers","4.3"
"1999-Q4","services","business and real estate services","total","2.7"
"1999-Q4","services","business and real estate services","professional, managers, executive and technicians","3.1"
"1999-Q4","services","business and real estate services","clerical, sales and services workers","3"
"1999-Q4","services","business and real estate services","production and transport operators, cleaners and labourers","1.3"
"1999-Q4","services","community, social and personal services","total","3.1"
"1999-Q4","services","community, social and personal services","professional, managers, executive and technicians","3.5"
"1999-Q4","services","community, social and personal services","clerical, sales and services workers","2.6"
"1999-Q4","services","community, social and personal services","production and transport operators, cleaners and labourers","3"
"1999-Q4","others","others","total","3.9"
"1999-Q4","others","others","professional, managers, executive and technicians","6"
"1999-Q4","others","others","clerical, sales and services workers","-"
"1999-Q4","others","others","production and transport operators, cleaners and labourers","2.1"
"2000-Q1","total","total","total","2.7"
"2000-Q1","total","total","professional, managers, executive and technicians","3.1"
"2000-Q1","total","total","clerical, sales and services workers","2.9"
"2000-Q1","total","total","production and transport operators, cleaners and labourers","2.3"
"2000-Q1","manufacturing","food, beverages and tobacco","total","1.7"
"2000-Q1","manufacturing","food, beverages and tobacco","professional, managers, executive and technicians","-"
"2000-Q1","manufacturing","food, beverages and tobacco","clerical, sales and services workers","-"
"2000-Q1","manufacturing","food, beverages and tobacco","production and transport operators, cleaners and labourers","1.8"
"2000-Q1","manufacturing","paper products and printing","total","2.3"
"2000-Q1","manufacturing","paper products and printing","professional, managers, executive and technicians","-"
"2000-Q1","manufacturing","paper products and printing","clerical, sales and services workers","-"
"2000-Q1","manufacturing","paper products and printing","production and transport operators, cleaners and labourers","2.7"
"2000-Q1","manufacturing","petroleum, chemical and pharmaceutical products","total","1.8"
"2000-Q1","manufacturing","petroleum, chemical and pharmaceutical products","professional, managers, executive and technicians","2.4"
"2000-Q1","manufacturing","petroleum, chemical and pharmaceutical products","clerical, sales and services workers","2"
"2000-Q1","manufacturing","petroleum, chemical and pharmaceutical products","production and transport operators, cleaners and labourers","1.2"
"2000-Q1","manufacturing","rubber and plastic products","total","2.9"
"2000-Q1","manufacturing","rubber and plastic products","professional, managers, executive and technicians","4.3"
"2000-Q1","manufacturing","rubber and plastic products","clerical, sales and services workers","4.1"
"2000-Q1","manufacturing","rubber and plastic products","production and transport operators, cleaners and labourers","2.5"
"2000-Q1","manufacturing","fabricated metal products","total","2.7"
"2000-Q1","manufacturing","fabricated metal products","professional, managers, executive and technicians","1.8"
"2000-Q1","manufacturing","fabricated metal products","clerical, sales and services workers","3.4"
"2000-Q1","manufacturing","fabricated metal products","production and transport operators, cleaners and labourers","2.8"
"2000-Q1","manufacturing","machinery and equipment","total","2.6"
"2000-Q1","manufacturing","machinery and equipment","professional, managers, executive and technicians","2.6"
"2000-Q1","manufacturing","machinery and equipment","clerical, sales and services workers","2.7"
"2000-Q1","manufacturing","machinery and equipment","production and transport operators, cleaners and labourers","2.6"
"2000-Q1","manufacturing","electrical products","total","2.2"
"2000-Q1","manufacturing","electrical products","professional, managers, executive and technicians","2.6"
"2000-Q1","manufacturing","electrical products","clerical, sales and services workers","-"
"2000-Q1","manufacturing","electrical products","production and transport operators, cleaners and labourers","1.9"
"2000-Q1","manufacturing","electronic products","total","2.8"
"2000-Q1","manufacturing","electronic products","professional, managers, executive and technicians","4.3"
"2000-Q1","manufacturing","electronic products","clerical, sales and services workers","2.9"
"2000-Q1","manufacturing","electronic products","production and transport operators, cleaners and labourers","2.1"
"2000-Q1","manufacturing","medical and precision instruments","total","3.5"
"2000-Q1","manufacturing","medical and precision instruments","professional, managers, executive and technicians","3.1"
"2000-Q1","manufacturing","medical and precision instruments","clerical, sales and services workers","-"
"2000-Q1","manufacturing","medical and precision instruments","production and transport operators, cleaners and labourers","4"
"2000-Q1","manufacturing","transport equipment","total","2.9"
"2000-Q1","manufacturing","transport equipment","professional, managers, executive and technicians","3"
"2000-Q1","manufacturing","transport equipment","clerical, sales and services workers","3.6"
"2000-Q1","manufacturing","transport equipment","production and transport operators, cleaners and labourers","2.8"
"2000-Q1","manufacturing","other manufacturing industries","total","4"
"2000-Q1","manufacturing","other manufacturing industries","professional, managers, executive and technicians","3"
"2000-Q1","manufacturing","other manufacturing industries","clerical, sales and services workers","2.8"
"2000-Q1","manufacturing","other manufacturing industries","production and transport operators, cleaners and labourers","4.3"
"2000-Q1","construction","construction","total","1.2"
"2000-Q1","construction","construction","professional, managers, executive and technicians","1.5"
"2000-Q1","construction","construction","clerical, sales and services workers","1.2"
"2000-Q1","construction","construction","production and transport operators, cleaners and labourers","1.2"
"2000-Q1","services","wholesale and retail trade","total","2.8"
"2000-Q1","services","wholesale and retail trade","professional, managers, executive and technicians","2.4"
"2000-Q1","services","wholesale and retail trade","clerical, sales and services workers","3"
"2000-Q1","services","wholesale and retail trade","production and transport operators, cleaners and labourers","2.8"
"2000-Q1","services","transport and storage","total","3"
"2000-Q1","services","transport and storage","professional, managers, executive and technicians","2.3"
"2000-Q1","services","transport and storage","clerical, sales and services workers","2.9"
"2000-Q1","services","transport and storage","production and transport operators, cleaners and labourers","3.4"
"2000-Q1","services","hotels and restaurants","total","3"
"2000-Q1","services","hotels and restaurants","professional, managers, executive and technicians","3.2"
"2000-Q1","services","hotels and restaurants","clerical, sales and services workers","2.9"
"2000-Q1","services","hotels and restaurants","production and transport operators, cleaners and labourers","3.5"
"2000-Q1","services","information and communications","total","5.5"
"2000-Q1","services","information and communications","professional, managers, executive and technicians","5.8"
"2000-Q1","services","information and communications","clerical, sales and services workers","4.9"
"2000-Q1","services","information and communications","production and transport operators, cleaners and labourers","-"
"2000-Q1","services","financial services","total","2.9"
"2000-Q1","services","financial services","professional, managers, executive and technicians","2.7"
"2000-Q1","services","financial services","clerical, sales and services workers","2.8"
"2000-Q1","services","financial services","production and transport operators, cleaners and labourers","5.9"
"2000-Q1","services","real estate and leasing services","total","2.2"
"2000-Q1","services","real estate and leasing services","professional, managers, executive and technicians","1.8"
"2000-Q1","services","real estate and leasing services","clerical, sales and services workers","3"
"2000-Q1","services","real estate and leasing services","production and transport operators, cleaners and labourers","1.9"
"2000-Q1","services","professional services","total","3.6"
"2000-Q1","services","professional services","professional, managers, executive and technicians","3.7"
"2000-Q1","services","professional services","clerical, sales and services workers","2.6"
"2000-Q1","services","professional services","production and transport operators, cleaners and labourers","5.2"
"2000-Q1","services","administrative and support services","total","2.4"
"2000-Q1","services","administrative and support services","professional, managers, executive and technicians","-"
"2000-Q1","services","administrative and support services","clerical, sales and services workers","3"
"2000-Q1","services","administrative and support services","production and transport operators, cleaners and labourers","2"
"2000-Q1","services","community, social and personal services","total","3.3"
"2000-Q1","services","community, social and personal services","professional, managers, executive and technicians","3.6"
"2000-Q1","services","community, social and personal services","clerical, sales and services workers","3.1"
"2000-Q1","services","community, social and personal services","production and transport operators, cleaners and labourers","2.9"
"2000-Q1","others","others","total","2.4"
"2000-Q1","others","others","professional, managers, executive and technicians","4.9"
"2000-Q1","others","others","clerical, sales and services workers","-"
"2000-Q1","others","others","production and transport operators, cleaners and labourers","1.1"
"2000-Q2","total","total","total","3"
"2000-Q2","total","total","professional, managers, executive and technicians","3.6"
"2000-Q2","total","total","clerical, sales and services workers","3.4"
"2000-Q2","total","total","production and transport operators, cleaners and labourers","2.3"
"2000-Q2","manufacturing","food, beverages and tobacco","total","1.7"
"2000-Q2","manufacturing","food, beverages and tobacco","professional, managers, executive and technicians","-"
"2000-Q2","manufacturing","food, beverages and tobacco","clerical, sales and services workers","-"
"2000-Q2","manufacturing","food, beverages and tobacco","production and transport operators, cleaners and labourers","1.9"
"2000-Q2","manufacturing","paper products and printing","total","1.8"
"2000-Q2","manufacturing","paper products and printing","professional, managers, executive and technicians","-"
"2000-Q2","manufacturing","paper products and printing","clerical, sales and services workers","-"
"2000-Q2","manufacturing","paper products and printing","production and transport operators, cleaners and labourers","1.6"
"2000-Q2","manufacturing","petroleum, chemical and pharmaceutical products","total","1.6"
"2000-Q2","manufacturing","petroleum, chemical and pharmaceutical products","professional, managers, executive and technicians","1.6"
"2000-Q2","manufacturing","petroleum, chemical and pharmaceutical products","clerical, sales and services workers","-"
"2000-Q2","manufacturing","petroleum, chemical and pharmaceutical products","production and transport operators, cleaners and labourers","1.9"
"2000-Q2","manufacturing","rubber and plastic products","total","4.8"
"2000-Q2","manufacturing","rubber and plastic products","professional, managers, executive and technicians","4.1"
"2000-Q2","manufacturing","rubber and plastic products","clerical, sales and services workers","4.8"
"2000-Q2","manufacturing","rubber and plastic products","production and transport operators, cleaners and labourers","4.9"
"2000-Q2","manufacturing","fabricated metal products","total","2.2"
"2000-Q2","manufacturing","fabricated metal products","professional, managers, executive and technicians","2.5"
"2000-Q2","manufacturing","fabricated metal products","clerical, sales and services workers","2.6"
"2000-Q2","manufacturing","fabricated metal products","production and transport operators, cleaners and labourers","2.1"
"2000-Q2","manufacturing","machinery and equipment","total","3"
"2000-Q2","manufacturing","machinery and equipment","professional, managers, executive and technicians","2.7"
"2000-Q2","manufacturing","machinery and equipment","clerical, sales and services workers","2.8"
"2000-Q2","manufacturing","machinery and equipment","production and transport operators, cleaners and labourers","3.2"
"2000-Q2","manufacturing","electrical products","total","2.9"
"2000-Q2","manufacturing","electrical products","professional, managers, executive and technicians","3.9"
"2000-Q2","manufacturing","electrical products","clerical, sales and services workers","-"
"2000-Q2","manufacturing","electrical products","production and transport operators, cleaners and labourers","2.8"
"2000-Q2","manufacturing","electronic products","total","3.9"
"2000-Q2","manufacturing","electronic products","professional, managers, executive and technicians","5.7"
"2000-Q2","manufacturing","electronic products","clerical, sales and services workers","4.6"
"2000-Q2","manufacturing","electronic products","production and transport operators, cleaners and labourers","2.8"
"2000-Q2","manufacturing","medical and precision instruments","total","5"
"2000-Q2","manufacturing","medical and precision instruments","professional, managers, executive and technicians","4.9"
"2000-Q2","manufacturing","medical and precision instruments","clerical, sales and services workers","-"
"2000-Q2","manufacturing","medical and precision instruments","production and transport operators, cleaners and labourers","5.3"
"2000-Q2","manufacturing","transport equipment","total","3.1"
"2000-Q2","manufacturing","transport equipment","professional, managers, executive and technicians","3.4"
"2000-Q2","manufacturing","transport equipment","clerical, sales and services workers","3.4"
"2000-Q2","manufacturing","transport equipment","production and transport operators, cleaners and labourers","3"
"2000-Q2","manufacturing","other manufacturing industries","total","3.2"
"2000-Q2","manufacturing","other manufacturing industries","professional, managers, executive and technicians","2.3"
"2000-Q2","manufacturing","other manufacturing industries","clerical, sales and services workers","2.6"
"2000-Q2","manufacturing","other manufacturing industries","production and transport operators, cleaners and labourers","3.5"
"2000-Q2","construction","construction","total","1.1"
"2000-Q2","construction","construction","professional, managers, executive and technicians","1.1"
"2000-Q2","construction","construction","clerical, sales and services workers","1.3"
"2000-Q2","construction","construction","production and transport operators, cleaners and labourers","1.1"
"2000-Q2","services","wholesale and retail trade","total","2.6"
"2000-Q2","services","wholesale and retail trade","professional, managers, executive and technicians","2.9"
"2000-Q2","services","wholesale and retail trade","clerical, sales and services workers","3.1"
"2000-Q2","services","wholesale and retail trade","production and transport operators, cleaners and labourers","1.5"
"2000-Q2","services","transport and storage","total","3.3"
"2000-Q2","services","transport and storage","professional, managers, executive and technicians","2.4"
"2000-Q2","services","transport and storage","clerical, sales and services workers","3.5"
"2000-Q2","services","transport and storage","production and transport operators, cleaners and labourers","3.7"
"2000-Q2","services","hotels and restaurants","total","2.9"
"2000-Q2","services","hotels and restaurants","professional, managers, executive and technicians","2.3"
"2000-Q2","services","hotels and restaurants","clerical, sales and services workers","2.9"
"2000-Q2","services","hotels and restaurants","production and transport operators, cleaners and labourers","3.7"
"2000-Q2","services","information and communications","total","6.4"
"2000-Q2","services","information and communications","professional, managers, executive and technicians","6.4"
"2000-Q2","services","information and communications","clerical, sales and services workers","6.6"
"2000-Q2","services","information and communications","production and transport operators, cleaners and labourers","-"
"2000-Q2","services","financial services","total","3.2"
"2000-Q2","services","financial services","professional, managers, executive and technicians","3.3"
"2000-Q2","services","financial services","clerical, sales and services workers","3.2"
"2000-Q2","services","financial services","production and transport operators, cleaners and labourers","2.2"
"2000-Q2","services","real estate and leasing services","total","2.5"
"2000-Q2","services","real estate and leasing services","professional, managers, executive and technicians","2.7"
"2000-Q2","services","real estate and leasing services","clerical, sales and services workers","3.2"
"2000-Q2","services","real estate and leasing services","production and transport operators, cleaners and labourers","1.6"
"2000-Q2","services","professional services","total","2.6"
"2000-Q2","services","professional services","professional, managers, executive and technicians","3.1"
"2000-Q2","services","professional services","clerical, sales and services workers","1.9"
"2000-Q2","services","professional services","production and transport operators, cleaners and labourers","1.7"
"2000-Q2","services","administrative and support services","total","5.5"
"2000-Q2","services","administrative and support services","professional, managers, executive and technicians","4.5"
"2000-Q2","services","administrative and support services","clerical, sales and services workers","7"
"2000-Q2","services","administrative and support services","production and transport operators, cleaners and labourers","2.7"
"2000-Q2","services","community, social and personal services","total","4.6"
"2000-Q2","services","community, social and personal services","professional, managers, executive and technicians","5.2"
"2000-Q2","services","community, social and personal services","clerical, sales and services workers","4.3"
"2000-Q2","services","community, social and personal services","production and transport operators, cleaners and labourers","2.8"
"2000-Q2","others","others","total","2.2"
"2000-Q2","others","others","professional, managers, executive and technicians","5.2"
"2000-Q2","others","others","clerical, sales and services workers","-"
"2000-Q2","others","others","production and transport operators, cleaners and labourers","-"
"2000-Q3","total","total","total","3.1"
"2000-Q3","total","total","professional, managers, executive and technicians","3.5"
"2000-Q3","total","total","clerical, sales and services workers","3.4"
"2000-Q3","total","total","production and transport operators, cleaners and labourers","2.6"
"2000-Q3","manufacturing","food, beverages and tobacco","total","2.1"
"2000-Q3","manufacturing","food, beverages and tobacco","professional, managers, executive and technicians","-"
"2000-Q3","manufacturing","food, beverages and tobacco","clerical, sales and services workers","2.5"
"2000-Q3","manufacturing","food, beverages and tobacco","production and transport operators, cleaners and labourers","2.2"
"2000-Q3","manufacturing","paper products and printing","total","2.4"
"2000-Q3","manufacturing","paper products and printing","professional, managers, executive and technicians","2.4"
"2000-Q3","manufacturing","paper products and printing","clerical, sales and services workers","3.1"
"2000-Q3","manufacturing","paper products and printing","production and transport operators, cleaners and labourers","2.3"
"2000-Q3","manufacturing","petroleum, chemical and pharmaceutical products","total","1.6"
"2000-Q3","manufacturing","petroleum, chemical and pharmaceutical products","professional, managers, executive and technicians","1.8"
"2000-Q3","manufacturing","petroleum, chemical and pharmaceutical products","clerical, sales and services workers","-"
"2000-Q3","manufacturing","petroleum, chemical and pharmaceutical products","production and transport operators, cleaners and labourers","1.6"
"2000-Q3","manufacturing","rubber and plastic products","total","6.4"
"2000-Q3","manufacturing","rubber and plastic products","professional, managers, executive and technicians","5.2"
"2000-Q3","manufacturing","rubber and plastic products","clerical, sales and services workers","4.4"
"2000-Q3","manufacturing","rubber and plastic products","production and transport operators, cleaners and labourers","6.9"
"2000-Q3","manufacturing","fabricated metal products","total","2.5"
"2000-Q3","manufacturing","fabricated metal products","professional, managers, executive and technicians","3.3"
"2000-Q3","manufacturing","fabricated metal products","clerical, sales and services workers","1.8"
"2000-Q3","manufacturing","fabricated metal products","production and transport operators, cleaners and labourers","2.4"
"2000-Q3","manufacturing","machinery and equipment","total","3.7"
"2000-Q3","manufacturing","machinery and equipment","professional, managers, executive and technicians","3.2"
"2000-Q3","manufacturing","machinery and equipment","clerical, sales and services workers","2.4"
"2000-Q3","manufacturing","machinery and equipment","production and transport operators, cleaners and labourers","4.2"
"2000-Q3","manufacturing","electrical products","total","2.1"
"2000-Q3","manufacturing","electrical products","professional, managers, executive and technicians","4.6"
"2000-Q3","manufacturing","electrical products","clerical, sales and services workers","-"
"2000-Q3","manufacturing","electrical products","production and transport operators, cleaners and labourers","1.3"
"2000-Q3","manufacturing","electronic products","total","3.9"
"2000-Q3","manufacturing","electronic products","professional, managers, executive and technicians","4.4"
"2000-Q3","manufacturing","electronic products","clerical, sales and services workers","3"
"2000-Q3","manufacturing","electronic products","production and transport operators, cleaners and labourers","3.7"
"2000-Q3","manufacturing","medical and precision instruments","total","2.8"
"2000-Q3","manufacturing","medical and precision instruments","professional, managers, executive and technicians","4.7"
"2000-Q3","manufacturing","medical and precision instruments","clerical, sales and services workers","-"
"2000-Q3","manufacturing","medical and precision instruments","production and transport operators, cleaners and labourers","2.2"
"2000-Q3","manufacturing","transport equipment","total","2.5"
"2000-Q3","manufacturing","transport equipment","professional, managers, executive and technicians","3.3"
"2000-Q3","manufacturing","transport equipment","clerical, sales and services workers","2.4"
"2000-Q3","manufacturing","transport equipment","production and transport operators, cleaners and labourers","2.4"
"2000-Q3","manufacturing","other manufacturing industries","total","2.9"
"2000-Q3","manufacturing","other manufacturing industries","professional, managers, executive and technicians","-"
"2000-Q3","manufacturing","other manufacturing industries","clerical, sales and services workers","-"
"2000-Q3","manufacturing","other manufacturing industries","production and transport operators, cleaners and labourers","3.4"
"2000-Q3","construction","construction","total","1"
"2000-Q3","construction","construction","professional, managers, executive and technicians","1.7"
"2000-Q3","construction","construction","clerical, sales and services workers","1"
"2000-Q3","construction","construction","production and transport operators, cleaners and labourers","0.9"
"2000-Q3","services","wholesale and retail trade","total","2.7"
"2000-Q3","services","wholesale and retail trade","professional, managers, executive and technicians","2.4"
"2000-Q3","services","wholesale and retail trade","clerical, sales and services workers","3.4"
"2000-Q3","services","wholesale and retail trade","production and transport operators, cleaners and labourers","1.5"
"2000-Q3","services","transport and storage","total","3.5"
"2000-Q3","services","transport and storage","professional, managers, executive and technicians","3.3"
"2000-Q3","services","transport and storage","clerical, sales and services workers","3.4"
"2000-Q3","services","transport and storage","production and transport operators, cleaners and labourers","3.8"
"2000-Q3","services","hotels and restaurants","total","3.8"
"2000-Q3","services","hotels and restaurants","professional, managers, executive and technicians","2.4"
"2000-Q3","services","hotels and restaurants","clerical, sales and services workers","3.9"
"2000-Q3","services","hotels and restaurants","production and transport operators, cleaners and labourers","5"
"2000-Q3","services","information and communications","total","5.3"
"2000-Q3","services","information and communications","professional, managers, executive and technicians","5.9"
"2000-Q3","services","information and communications","clerical, sales and services workers","3.7"
"2000-Q3","services","information and communications","production and transport operators, cleaners and labourers","-"
"2000-Q3","services","financial services","total","3.9"
"2000-Q3","services","financial services","professional, managers, executive and technicians","4.1"
"2000-Q3","services","financial services","clerical, sales and services workers","3.6"
"2000-Q3","services","financial services","production and transport operators, cleaners and labourers","4.5"
"2000-Q3","services","real estate and leasing services","total","3.6"
"2000-Q3","services","real estate and leasing services","professional, managers, executive and technicians","2.4"
"2000-Q3","services","real estate and leasing services","clerical, sales and services workers","4.4"
"2000-Q3","services","real estate and leasing services","production and transport operators, cleaners and labourers","3.7"
"2000-Q3","services","professional services","total","3.1"
"2000-Q3","services","professional services","professional, managers, executive and technicians","3.3"
"2000-Q3","services","professional services","clerical, sales and services workers","3.3"
"2000-Q3","services","professional services","production and transport operators, cleaners and labourers","2.3"
"2000-Q3","services","administrative and support services","total","4.4"
"2000-Q3","services","administrative and support services","professional, managers, executive and technicians","4.5"
"2000-Q3","services","administrative and support services","clerical, sales and services workers","4.4"
"2000-Q3","services","administrative and support services","production and transport operators, cleaners and labourers","4.5"
"2000-Q3","services","community, social and personal services","total","4"
"2000-Q3","services","community, social and personal services","professional, managers, executive and technicians","3.8"
"2000-Q3","services","community, social and personal services","clerical, sales and services workers","4.5"
"2000-Q3","services","community, social and personal services","production and transport operators, cleaners and labourers","3.2"
"2000-Q3","others","others","total","3.2"
"2000-Q3","others","others","professional, managers, executive and technicians","5.6"
"2000-Q3","others","others","clerical, sales and services workers","5.6"
"2000-Q3","others","others","production and transport operators, cleaners and labourers","1.4"
"2000-Q4","total","total","total","2.2"
"2000-Q4","total","total","professional, managers, executive and technicians","2.6"
"2000-Q4","total","total","clerical, sales and services workers","2.6"
"2000-Q4","total","total","production and transport operators, cleaners and labourers","1.6"
"2000-Q4","manufacturing","food, beverages and tobacco","total","0.9"
"2000-Q4","manufacturing","food, beverages and tobacco","professional, managers, executive and technicians","-"
"2000-Q4","manufacturing","food, beverages and tobacco","clerical, sales and services workers","-"
"2000-Q4","manufacturing","food, beverages and tobacco","production and transport operators, cleaners and labourers","-"
"2000-Q4","manufacturing","paper products and printing","total","2"
"2000-Q4","manufacturing","paper products and printing","professional, managers, executive and technicians","-"
"2000-Q4","manufacturing","paper products and printing","clerical, sales and services workers","-"
"2000-Q4","manufacturing","paper products and printing","production and transport operators, cleaners and labourers","2"
"2000-Q4","manufacturing","petroleum, chemical and pharmaceutical products","total","0.8"
"2000-Q4","manufacturing","petroleum, chemical and pharmaceutical products","professional, managers, executive and technicians","1.2"
"2000-Q4","manufacturing","petroleum, chemical and pharmaceutical products","clerical, sales and services workers","-"
"2000-Q4","manufacturing","petroleum, chemical and pharmaceutical products","production and transport operators, cleaners and labourers","0.7"
"2000-Q4","manufacturing","rubber and plastic products","total","1.6"
"2000-Q4","manufacturing","rubber and plastic products","professional, managers, executive and technicians","2.4"
"2000-Q4","manufacturing","rubber and plastic products","clerical, sales and services workers","-"
"2000-Q4","manufacturing","rubber and plastic products","production and transport operators, cleaners and labourers","1.5"
"2000-Q4","manufacturing","fabricated metal products","total","2.3"
"2000-Q4","manufacturing","fabricated metal products","professional, managers, executive and technicians","3.4"
"2000-Q4","manufacturing","fabricated metal products","clerical, sales and services workers","2.1"
"2000-Q4","manufacturing","fabricated metal products","production and transport operators, cleaners and labourers","2"
"2000-Q4","manufacturing","machinery and equipment","total","2.2"
"2000-Q4","manufacturing","machinery and equipment","professional, managers, executive and technicians","1.9"
"2000-Q4","manufacturing","machinery and equipment","clerical, sales and services workers","2.1"
"2000-Q4","manufacturing","machinery and equipment","production and transport operators, cleaners and labourers","2.4"
"2000-Q4","manufacturing","electrical products","total","1.5"
"2000-Q4","manufacturing","electrical products","professional, managers, executive and technicians","3"
"2000-Q4","manufacturing","electrical products","clerical, sales and services workers","-"
"2000-Q4","manufacturing","electrical products","production and transport operators, cleaners and labourers","0.9"
"2000-Q4","manufacturing","electronic products","total","2"
"2000-Q4","manufacturing","electronic products","professional, managers, executive and technicians","2.6"
"2000-Q4","manufacturing","electronic products","clerical, sales and services workers","2.1"
"2000-Q4","manufacturing","electronic products","production and transport operators, cleaners and labourers","1.5"
"2000-Q4","manufacturing","medical and precision instruments","total","3.3"
"2000-Q4","manufacturing","medical and precision instruments","professional, managers, executive and technicians","5.2"
"2000-Q4","manufacturing","medical and precision instruments","clerical, sales and services workers","-"
"2000-Q4","manufacturing","medical and precision instruments","production and transport operators, cleaners and labourers","2.7"
"2000-Q4","manufacturing","transport equipment","total","2.4"
"2000-Q4","manufacturing","transport equipment","professional, managers, executive and technicians","3.1"
"2000-Q4","manufacturing","transport equipment","clerical, sales and services workers","3.2"
"2000-Q4","manufacturing","transport equipment","production and transport operators, cleaners and labourers","2.2"
"2000-Q4","manufacturing","other manufacturing industries","total","2.5"
"2000-Q4","manufacturing","other manufacturing industries","professional, managers, executive and technicians","2.3"
"2000-Q4","manufacturing","other manufacturing industries","clerical, sales and services workers","-"
"2000-Q4","manufacturing","other manufacturing industries","production and transport operators, cleaners and labourers","2.8"
"2000-Q4","construction","construction","total","0.6"
"2000-Q4","construction","construction","professional, managers, executive and technicians","0.8"
"2000-Q4","construction","construction","clerical, sales and services workers","0.6"
"2000-Q4","construction","construction","production and transport operators, cleaners and labourers","0.6"
"2000-Q4","services","wholesale and retail trade","total","2.1"
"2000-Q4","services","wholesale and retail trade","professional, managers, executive and technicians","2.2"
"2000-Q4","services","wholesale and retail trade","clerical, sales and services workers","2.7"
"2000-Q4","services","wholesale and retail trade","production and transport operators, cleaners and labourers","1.1"
"2000-Q4","services","transport and storage","total","2.7"
"2000-Q4","services","transport and storage","professional, managers, executive and technicians","2.4"
"2000-Q4","services","transport and storage","clerical, sales and services workers","2.7"
"2000-Q4","services","transport and storage","production and transport operators, cleaners and labourers","3"
"2000-Q4","services","hotels and restaurants","total","3.1"
"2000-Q4","services","hotels and restaurants","professional, managers, executive and technicians","2.2"
"2000-Q4","services","hotels and restaurants","clerical, sales and services workers","2.9"
"2000-Q4","services","hotels and restaurants","production and transport operators, cleaners and labourers","5.2"
"2000-Q4","services","information and communications","total","3.8"
"2000-Q4","services","information and communications","professional, managers, executive and technicians","4"
"2000-Q4","services","information and communications","clerical, sales and services workers","3.3"
"2000-Q4","services","information and communications","production and transport operators, cleaners and labourers","-"
"2000-Q4","services","financial services","total","3"
"2000-Q4","services","financial services","professional, managers, executive and technicians","3.3"
"2000-Q4","services","financial services","clerical, sales and services workers","2.8"
"2000-Q4","services","financial services","production and transport operators, cleaners and labourers","-"
"2000-Q4","services","real estate and leasing services","total","2.6"
"2000-Q4","services","real estate and leasing services","professional, managers, executive and technicians","2.4"
"2000-Q4","services","real estate and leasing services","clerical, sales and services workers","3.4"
"2000-Q4","services","real estate and leasing services","production and transport operators, cleaners and labourers","2.3"
"2000-Q4","services","professional services","total","1.9"
"2000-Q4","services","professional services","professional, managers, executive and technicians","2.1"
"2000-Q4","services","professional services","clerical, sales and services workers","1.6"
"2000-Q4","services","professional services","production and transport operators, cleaners and labourers","1.3"
"2000-Q4","services","administrative and support services","total","3.7"
"2000-Q4","services","administrative and support services","professional, managers, executive and technicians","2.3"
"2000-Q4","services","administrative and support services","clerical, sales and services workers","4.6"
"2000-Q4","services","administrative and support services","production and transport operators, cleaners and labourers","2.9"
"2000-Q4","services","community, social and personal services","total","2.8"
"2000-Q4","services","community, social and personal services","professional, managers, executive and technicians","2.7"
"2000-Q4","services","community, social and personal services","clerical, sales and services workers","3.3"
"2000-Q4","services","community, social and personal services","production and transport operators, cleaners and labourers","2.1"
"2000-Q4","others","others","total","2.5"
"2000-Q4","others","others","professional, managers, executive and technicians","5.7"
"2000-Q4","others","others","clerical, sales and services workers","-"
"2000-Q4","others","others","production and transport operators, cleaners and labourers","-"
"2001-Q1","total","total","total","1.9"
"2001-Q1","total","total","professional, managers, executive and technicians","2.3"
"2001-Q1","total","total","clerical, sales and services workers","2.5"
"2001-Q1","total","total","production and transport operators, cleaners and labourers","1.3"
"2001-Q1","manufacturing","food, beverages and tobacco","total","1.4"
"2001-Q1","manufacturing","food, beverages and tobacco","professional, managers, executive and technicians","-"
"2001-Q1","manufacturing","food, beverages and tobacco","clerical, sales and services workers","-"
"2001-Q1","manufacturing","food, beverages and tobacco","production and transport operators, cleaners and labourers","1.6"
"2001-Q1","manufacturing","paper products and printing","total","1.7"
"2001-Q1","manufacturing","paper products and printing","professional, managers, executive and technicians","-"
"2001-Q1","manufacturing","paper products and printing","clerical, sales and services workers","-"
"2001-Q1","manufacturing","paper products and printing","production and transport operators, cleaners and labourers","1.8"
"2001-Q1","manufacturing","petroleum, chemical and pharmaceutical products","total","0.9"
"2001-Q1","manufacturing","petroleum, chemical and pharmaceutical products","professional, managers, executive and technicians","1.1"
"2001-Q1","manufacturing","petroleum, chemical and pharmaceutical products","clerical, sales and services workers","-"
"2001-Q1","manufacturing","petroleum, chemical and pharmaceutical products","production and transport operators, cleaners and labourers","0.9"
"2001-Q1","manufacturing","rubber and plastic products","total","0.9"
"2001-Q1","manufacturing","rubber and plastic products","professional, managers, executive and technicians","-"
"2001-Q1","manufacturing","rubber and plastic products","clerical, sales and services workers","-"
"2001-Q1","manufacturing","rubber and plastic products","production and transport operators, cleaners and labourers","0.7"
"2001-Q1","manufacturing","fabricated metal products","total","1.4"
"2001-Q1","manufacturing","fabricated metal products","professional, managers, executive and technicians","2.3"
"2001-Q1","manufacturing","fabricated metal products","clerical, sales and services workers","-"
"2001-Q1","manufacturing","fabricated metal products","production and transport operators, cleaners and labourers","1.1"
"2001-Q1","manufacturing","machinery and equipment","total","1.1"
"2001-Q1","manufacturing","machinery and equipment","professional, managers, executive and technicians","1.2"
"2001-Q1","manufacturing","machinery and equipment","clerical, sales and services workers","2.1"
"2001-Q1","manufacturing","machinery and equipment","production and transport operators, cleaners and labourers","0.9"
"2001-Q1","manufacturing","electrical products","total","1.3"
"2001-Q1","manufacturing","electrical products","professional, managers, executive and technicians","-"
"2001-Q1","manufacturing","electrical products","clerical, sales and services workers","-"
"2001-Q1","manufacturing","electrical products","production and transport operators, cleaners and labourers","1.2"
"2001-Q1","manufacturing","electronic products","total","1.2"
"2001-Q1","manufacturing","electronic products","professional, managers, executive and technicians","2"
"2001-Q1","manufacturing","electronic products","clerical, sales and services workers","1.2"
"2001-Q1","manufacturing","electronic products","production and transport operators, cleaners and labourers","0.7"
"2001-Q1","manufacturing","medical and precision instruments","total","1.9"
"2001-Q1","manufacturing","medical and precision instruments","professional, managers, executive and technicians","2"
"2001-Q1","manufacturing","medical and precision instruments","clerical, sales and services workers","-"
"2001-Q1","manufacturing","medical and precision instruments","production and transport operators, cleaners and labourers","1.9"
"2001-Q1","manufacturing","transport equipment","total","2.6"
"2001-Q1","manufacturing","transport equipment","professional, managers, executive and technicians","2.8"
"2001-Q1","manufacturing","transport equipment","clerical, sales and services workers","3.3"
"2001-Q1","manufacturing","transport equipment","production and transport operators, cleaners and labourers","2.5"
"2001-Q1","manufacturing","other manufacturing industries","total","2"
"2001-Q1","manufacturing","other manufacturing industries","professional, managers, executive and technicians","2"
"2001-Q1","manufacturing","other manufacturing industries","clerical, sales and services workers","-"
"2001-Q1","manufacturing","other manufacturing industries","production and transport operators, cleaners and labourers","2.1"
"2001-Q1","construction","construction","total","0.7"
"2001-Q1","construction","construction","professional, managers, executive and technicians","0.7"
"2001-Q1","construction","construction","clerical, sales and services workers","0.8"
"2001-Q1","construction","construction","production and transport operators, cleaners and labourers","0.6"
"2001-Q1","services","wholesale and retail trade","total","1.9"
"2001-Q1","services","wholesale and retail trade","professional, managers, executive and technicians","1.8"
"2001-Q1","services","wholesale and retail trade","clerical, sales and services workers","2.6"
"2001-Q1","services","wholesale and retail trade","production and transport operators, cleaners and labourers","0.7"
"2001-Q1","services","transport and storage","total","2.8"
"2001-Q1","services","transport and storage","professional, managers, executive and technicians","2.6"
"2001-Q1","services","transport and storage","clerical, sales and services workers","2.6"
"2001-Q1","services","transport and storage","production and transport operators, cleaners and labourers","3.1"
"2001-Q1","services","hotels and restaurants","total","3"
"2001-Q1","services","hotels and restaurants","professional, managers, executive and technicians","3.3"
"2001-Q1","services","hotels and restaurants","clerical, sales and services workers","2.9"
"2001-Q1","services","hotels and restaurants","production and transport operators, cleaners and labourers","3"
"2001-Q1","services","information and communications","total","2.8"
"2001-Q1","services","information and communications","professional, managers, executive and technicians","3"
"2001-Q1","services","information and communications","clerical, sales and services workers","2.4"
"2001-Q1","services","information and communications","production and transport operators, cleaners and labourers","-"
"2001-Q1","services","financial services","total","3.5"
"2001-Q1","services","financial services","professional, managers, executive and technicians","4"
"2001-Q1","services","financial services","clerical, sales and services workers","2.7"
"2001-Q1","services","financial services","production and transport operators, cleaners and labourers","1.9"
"2001-Q1","services","real estate and leasing services","total","1.7"
"2001-Q1","services","real estate and leasing services","professional, managers, executive and technicians","1.8"
"2001-Q1","services","real estate and leasing services","clerical, sales and services workers","1.6"
"2001-Q1","services","real estate and leasing services","production and transport operators, cleaners and labourers","1.7"
"2001-Q1","services","professional services","total","1.5"
"2001-Q1","services","professional services","professional, managers, executive and technicians","1.7"
"2001-Q1","services","professional services","clerical, sales and services workers","1.4"
"2001-Q1","services","professional services","production and transport operators, cleaners and labourers","0.9"
"2001-Q1","services","administrative and support services","total","4.1"
"2001-Q1","services","administrative and support services","professional, managers, executive and technicians","2.5"
"2001-Q1","services","administrative and support services","clerical, sales and services workers","4.2"
"2001-Q1","services","administrative and support services","production and transport operators, cleaners and labourers","4.7"
"2001-Q1","services","community, social and personal services","total","2.5"
"2001-Q1","services","community, social and personal services","professional, managers, executive and technicians","2.4"
"2001-Q1","services","community, social and personal services","clerical, sales and services workers","2.8"
"2001-Q1","services","community, social and personal services","production and transport operators, cleaners and labourers","2"
"2001-Q1","others","others","total","2.8"
"2001-Q1","others","others","professional, managers, executive and technicians","6.2"
"2001-Q1","others","others","clerical, sales and services workers","5.5"
"2001-Q1","others","others","production and transport operators, cleaners and labourers","-"
"2001-Q2","total","total","total","1.7"
"2001-Q2","total","total","professional, managers, executive and technicians","1.9"
"2001-Q2","total","total","clerical, sales and services workers","2"
"2001-Q2","total","total","production and transport operators, cleaners and labourers","1.3"
"2001-Q2","manufacturing","food, beverages and tobacco","total","-"
"2001-Q2","manufacturing","food, beverages and tobacco","professional, managers, executive and technicians","-"
"2001-Q2","manufacturing","food, beverages and tobacco","clerical, sales and services workers","-"
"2001-Q2","manufacturing","food, beverages and tobacco","production and transport operators, cleaners and labourers","-"
"2001-Q2","manufacturing","paper products and printing","total","1"
"2001-Q2","manufacturing","paper products and printing","professional, managers, executive and technicians","-"
"2001-Q2","manufacturing","paper products and printing","clerical, sales and services workers","-"
"2001-Q2","manufacturing","paper products and printing","production and transport operators, cleaners and labourers","1"
"2001-Q2","manufacturing","petroleum, chemical and pharmaceutical products","total","1.3"
"2001-Q2","manufacturing","petroleum, chemical and pharmaceutical products","professional, managers, executive and technicians","1.7"
"2001-Q2","manufacturing","petroleum, chemical and pharmaceutical products","clerical, sales and services workers","-"
"2001-Q2","manufacturing","petroleum, chemical and pharmaceutical products","production and transport operators, cleaners and labourers","1"
"2001-Q2","manufacturing","rubber and plastic products","total","0.5"
"2001-Q2","manufacturing","rubber and plastic products","professional, managers, executive and technicians","-"
"2001-Q2","manufacturing","rubber and plastic products","clerical, sales and services workers","-"
"2001-Q2","manufacturing","rubber and plastic products","production and transport operators, cleaners and labourers","-"
"2001-Q2","manufacturing","fabricated metal products","total","0.8"
"2001-Q2","manufacturing","fabricated metal products","professional, managers, executive and technicians","1.2"
"2001-Q2","manufacturing","fabricated metal products","clerical, sales and services workers","-"
"2001-Q2","manufacturing","fabricated metal products","production and transport operators, cleaners and labourers","0.8"
"2001-Q2","manufacturing","machinery and equipment","total","2"
"2001-Q2","manufacturing","machinery and equipment","professional, managers, executive and technicians","1.1"
"2001-Q2","manufacturing","machinery and equipment","clerical, sales and services workers","1.6"
"2001-Q2","manufacturing","machinery and equipment","production and transport operators, cleaners and labourers","2.5"
"2001-Q2","manufacturing","electrical products","total","1.2"
"2001-Q2","manufacturing","electrical products","professional, managers, executive and technicians","-"
"2001-Q2","manufacturing","electrical products","clerical, sales and services workers","-"
"2001-Q2","manufacturing","electrical products","production and transport operators, cleaners and labourers","-"
"2001-Q2","manufacturing","electronic products","total","0.6"
"2001-Q2","manufacturing","electronic products","professional, managers, executive and technicians","1.2"
"2001-Q2","manufacturing","electronic products","clerical, sales and services workers","-"
"2001-Q2","manufacturing","electronic products","production and transport operators, cleaners and labourers","0.3"
"2001-Q2","manufacturing","medical and precision instruments","total","1.9"
"2001-Q2","manufacturing","medical and precision instruments","professional, managers, executive and technicians","2.6"
"2001-Q2","manufacturing","medical and precision instruments","clerical, sales and services workers","-"
"2001-Q2","manufacturing","medical and precision instruments","production and transport operators, cleaners and labourers","1.6"
"2001-Q2","manufacturing","transport equipment","total","3"
"2001-Q2","manufacturing","transport equipment","professional, managers, executive and technicians","5.1"
"2001-Q2","manufacturing","transport equipment","clerical, sales and services workers","3.4"
"2001-Q2","manufacturing","transport equipment","production and transport operators, cleaners and labourers","2.5"
"2001-Q2","manufacturing","other manufacturing industries","total","1.6"
"2001-Q2","manufacturing","other manufacturing industries","professional, managers, executive and technicians","-"
"2001-Q2","manufacturing","other manufacturing industries","clerical, sales and services workers","-"
"2001-Q2","manufacturing","other manufacturing industries","production and transport operators, cleaners and labourers","1.8"
"2001-Q2","construction","construction","total","0.5"
"2001-Q2","construction","construction","professional, managers, executive and technicians","0.6"
"2001-Q2","construction","construction","clerical, sales and services workers","-"
"2001-Q2","construction","construction","production and transport operators, cleaners and labourers","0.5"
"2001-Q2","services","wholesale and retail trade","total","1.3"
"2001-Q2","services","wholesale and retail trade","professional, managers, executive and technicians","0.9"
"2001-Q2","services","wholesale and retail trade","clerical, sales and services workers","1.9"
"2001-Q2","services","wholesale and retail trade","production and transport operators, cleaners and labourers","0.7"
"2001-Q2","services","transport and storage","total","3"
"2001-Q2","services","transport and storage","professional, managers, executive and technicians","3.6"
"2001-Q2","services","transport and storage","clerical, sales and services workers","2.2"
"2001-Q2","services","transport and storage","production and transport operators, cleaners and labourers","3.3"
"2001-Q2","services","hotels and restaurants","total","3"
"2001-Q2","services","hotels and restaurants","professional, managers, executive and technicians","3.3"
"2001-Q2","services","hotels and restaurants","clerical, sales and services workers","2.9"
"2001-Q2","services","hotels and restaurants","production and transport operators, cleaners and labourers","3.4"
"2001-Q2","services","information and communications","total","2"
"2001-Q2","services","information and communications","professional, managers, executive and technicians","2.1"
"2001-Q2","services","information and communications","clerical, sales and services workers","1.8"
"2001-Q2","services","information and communications","production and transport operators, cleaners and labourers","-"
"2001-Q2","services","financial services","total","3"
"2001-Q2","services","financial services","professional, managers, executive and technicians","3.4"
"2001-Q2","services","financial services","clerical, sales and services workers","2.4"
"2001-Q2","services","financial services","production and transport operators, cleaners and labourers","-"
"2001-Q2","services","real estate and leasing services","total","1.6"
"2001-Q2","services","real estate and leasing services","professional, managers, executive and technicians","1.5"
"2001-Q2","services","real estate and leasing services","clerical, sales and services workers","1.3"
"2001-Q2","services","real estate and leasing services","production and transport operators, cleaners and labourers","1.8"
"2001-Q2","services","professional services","total","1.2"
"2001-Q2","services","professional services","professional, managers, executive and technicians","1.4"
"2001-Q2","services","professional services","clerical, sales and services workers","0.9"
"2001-Q2","services","professional services","production and transport operators, cleaners and labourers","0.9"
"2001-Q2","services","administrative and support services","total","3.9"
"2001-Q2","services","administrative and support services","professional, managers, executive and technicians","-"
"2001-Q2","services","administrative and support services","clerical, sales and services workers","2.9"
"2001-Q2","services","administrative and support services","production and transport operators, cleaners and labourers","7.3"
"2001-Q2","services","community, social and personal services","total","1.8"
"2001-Q2","services","community, social and personal services","professional, managers, executive and technicians","1.7"
"2001-Q2","services","community, social and personal services","clerical, sales and services workers","2.1"
"2001-Q2","services","community, social and personal services","production and transport operators, cleaners and labourers","1.6"
"2001-Q2","others","others","total","2.7"
"2001-Q2","others","others","professional, managers, executive and technicians","6.3"
"2001-Q2","others","others","clerical, sales and services workers","7"
"2001-Q2","others","others","production and transport operators, cleaners and labourers","-"
"2001-Q3","total","total","total","1.3"
"2001-Q3","total","total","professional, managers, executive and technicians","1.5"
"2001-Q3","total","total","clerical, sales and services workers","1.5"
"2001-Q3","total","total","production and transport operators, cleaners and labourers","1.1"
"2001-Q3","manufacturing","food, beverages and tobacco","total","1.4"
"2001-Q3","manufacturing","food, beverages and tobacco","professional, managers, executive and technicians","-"
"2001-Q3","manufacturing","food, beverages and tobacco","clerical, sales and services workers","2.2"
"2001-Q3","manufacturing","food, beverages and tobacco","production and transport operators, cleaners and labourers","1.1"
"2001-Q3","manufacturing","paper products and printing","total","1.1"
"2001-Q3","manufacturing","paper products and printing","professional, managers, executive and technicians","-"
"2001-Q3","manufacturing","paper products and printing","clerical, sales and services workers","-"
"2001-Q3","manufacturing","paper products and printing","production and transport operators, cleaners and labourers","1.2"
"2001-Q3","manufacturing","petroleum, chemical and pharmaceutical products","total","1"
"2001-Q3","manufacturing","petroleum, chemical and pharmaceutical products","professional, managers, executive and technicians","1.4"
"2001-Q3","manufacturing","petroleum, chemical and pharmaceutical products","clerical, sales and services workers","-"
"2001-Q3","manufacturing","petroleum, chemical and pharmaceutical products","production and transport operators, cleaners and labourers","0.8"
"2001-Q3","manufacturing","rubber and plastic products","total","0.8"
"2001-Q3","manufacturing","rubber and plastic products","professional, managers, executive and technicians","-"
"2001-Q3","manufacturing","rubber and plastic products","clerical, sales and services workers","-"
"2001-Q3","manufacturing","rubber and plastic products","production and transport operators, cleaners and labourers","0.6"
"2001-Q3","manufacturing","fabricated metal products","total","0.8"
"2001-Q3","manufacturing","fabricated metal products","professional, managers, executive and technicians","0.9"
"2001-Q3","manufacturing","fabricated metal products","clerical, sales and services workers","-"
"2001-Q3","manufacturing","fabricated metal products","production and transport operators, cleaners and labourers","0.7"
"2001-Q3","manufacturing","machinery and equipment","total","0.9"
"2001-Q3","manufacturing","machinery and equipment","professional, managers, executive and technicians","1.2"
"2001-Q3","manufacturing","machinery and equipment","clerical, sales and services workers","-"
"2001-Q3","manufacturing","machinery and equipment","production and transport operators, cleaners and labourers","0.9"
"2001-Q3","manufacturing","electrical products","total","-"
"2001-Q3","manufacturing","electrical products","professional, managers, executive and technicians","-"
"2001-Q3","manufacturing","electrical products","clerical, sales and services workers","-"
"2001-Q3","manufacturing","electrical products","production and transport operators, cleaners and labourers","-"
"2001-Q3","manufacturing","electronic products","total","0.3"
"2001-Q3","manufacturing","electronic products","professional, managers, executive and technicians","0.7"
"2001-Q3","manufacturing","electronic products","clerical, sales and services workers","-"
"2001-Q3","manufacturing","electronic products","production and transport operators, cleaners and labourers","-"
"2001-Q3","manufacturing","medical and precision instruments","total","0.7"
"2001-Q3","manufacturing","medical and precision instruments","professional, managers, executive and technicians","-"
"2001-Q3","manufacturing","medical and precision instruments","clerical, sales and services workers","-"
"2001-Q3","manufacturing","medical and precision instruments","production and transport operators, cleaners and labourers","-"
"2001-Q3","manufacturing","transport equipment","total","3.2"
"2001-Q3","manufacturing","transport equipment","professional, managers, executive and technicians","3.2"
"2001-Q3","manufacturing","transport equipment","clerical, sales and services workers","-"
"2001-Q3","manufacturing","transport equipment","production and transport operators, cleaners and labourers","3.3"
"2001-Q3","manufacturing","other manufacturing industries","total","1.3"
"2001-Q3","manufacturing","other manufacturing industries","professional, managers, executive and technicians","-"
"2001-Q3","manufacturing","other manufacturing industries","clerical, sales and services workers","-"
"2001-Q3","manufacturing","other manufacturing industries","production and transport operators, cleaners and labourers","1.5"
"2001-Q3","construction","construction","total","0.5"
"2001-Q3","construction","construction","professional, managers, executive and technicians","0.9"
"2001-Q3","construction","construction","clerical, sales and services workers","-"
"2001-Q3","construction","construction","production and transport operators, cleaners and labourers","0.4"
"2001-Q3","services","wholesale and retail trade","total","1.3"
"2001-Q3","services","wholesale and retail trade","professional, managers, executive and technicians","0.9"
"2001-Q3","services","wholesale and retail trade","clerical, sales and services workers","1.8"
"2001-Q3","services","wholesale and retail trade","production and transport operators, cleaners and labourers","0.7"
"2001-Q3","services","transport and storage","total","2.3"
"2001-Q3","services","transport and storage","professional, managers, executive and technicians","2.8"
"2001-Q3","services","transport and storage","clerical, sales and services workers","1.7"
"2001-Q3","services","transport and storage","production and transport operators, cleaners and labourers","2.6"
"2001-Q3","services","hotels and restaurants","total","2.1"
"2001-Q3","services","hotels and restaurants","professional, managers, executive and technicians","1.1"
"2001-Q3","services","hotels and restaurants","clerical, sales and services workers","2.3"
"2001-Q3","services","hotels and restaurants","production and transport operators, cleaners and labourers","2.3"
"2001-Q3","services","information and communications","total","1.1"
"2001-Q3","services","information and communications","professional, managers, executive and technicians","1.1"
"2001-Q3","services","information and communications","clerical, sales and services workers","1"
"2001-Q3","services","information and communications","production and transport operators, cleaners and labourers","-"
"2001-Q3","services","financial services","total","1.3"
"2001-Q3","services","financial services","professional, managers, executive and technicians","1.5"
"2001-Q3","services","financial services","clerical, sales and services workers","0.9"
"2001-Q3","services","financial services","production and transport operators, cleaners and labourers","1.7"
"2001-Q3","services","real estate and leasing services","total","1.7"
"2001-Q3","services","real estate and leasing services","professional, managers, executive and technicians","1.1"
"2001-Q3","services","real estate and leasing services","clerical, sales and services workers","1.2"
"2001-Q3","services","real estate and leasing services","production and transport operators, cleaners and labourers","2.2"
"2001-Q3","services","professional services","total","1.1"
"2001-Q3","services","professional services","professional, managers, executive and technicians","1.4"
"2001-Q3","services","professional services","clerical, sales and services workers","0.7"
"2001-Q3","services","professional services","production and transport operators, cleaners and labourers","-"
"2001-Q3","services","administrative and support services","total","2.1"
"2001-Q3","services","administrative and support services","professional, managers, executive and technicians","-"
"2001-Q3","services","administrative and support services","clerical, sales and services workers","2.6"
"2001-Q3","services","administrative and support services","production and transport operators, cleaners and labourers","1.9"
"2001-Q3","services","community, social and personal services","total","2.3"
"2001-Q3","services","community, social and personal services","professional, managers, executive and technicians","2.5"
"2001-Q3","services","community, social and personal services","clerical, sales and services workers","1.9"
"2001-Q3","services","community, social and personal services","production and transport operators, cleaners and labourers","2.5"
"2001-Q3","others","others","total","2"
"2001-Q3","others","others","professional, managers, executive and technicians","4.5"
"2001-Q3","others","others","clerical, sales and services workers","-"
"2001-Q3","others","others","production and transport operators, cleaners and labourers","1"
"2001-Q4","total","total","total","1.2"
"2001-Q4","total","total","professional, managers, executive and technicians","1.3"
"2001-Q4","total","total","clerical, sales and services workers","1.3"
"2001-Q4","total","total","production and transport operators, cleaners and labourers","1.1"
"2001-Q4","manufacturing","food, beverages and tobacco","total","0.6"
"2001-Q4","manufacturing","food, beverages and tobacco","professional, managers, executive and technicians","-"
"2001-Q4","manufacturing","food, beverages and tobacco","clerical, sales and services workers","-"
"2001-Q4","manufacturing","food, beverages and tobacco","production and transport operators, cleaners and labourers","-"
"2001-Q4","manufacturing","paper products and printing","total","0.4"
"2001-Q4","manufacturing","paper products and printing","professional, managers, executive and technicians","-"
"2001-Q4","manufacturing","paper products and printing","clerical, sales and services workers","-"
"2001-Q4","manufacturing","paper products and printing","production and transport operators, cleaners and labourers","-"
"2001-Q4","manufacturing","petroleum, chemical and pharmaceutical products","total","0.6"
"2001-Q4","manufacturing","petroleum, chemical and pharmaceutical products","professional, managers, executive and technicians","1.1"
"2001-Q4","manufacturing","petroleum, chemical and pharmaceutical products","clerical, sales and services workers","-"
"2001-Q4","manufacturing","petroleum, chemical and pharmaceutical products","production and transport operators, cleaners and labourers","-"
"2001-Q4","manufacturing","rubber and plastic products","total","0.9"
"2001-Q4","manufacturing","rubber and plastic products","professional, managers, executive and technicians","-"
"2001-Q4","manufacturing","rubber and plastic products","clerical, sales and services workers","-"
"2001-Q4","manufacturing","rubber and plastic products","production and transport operators, cleaners and labourers","0.9"
"2001-Q4","manufacturing","fabricated metal products","total","0.9"
"2001-Q4","manufacturing","fabricated metal products","professional, managers, executive and technicians","0.9"
"2001-Q4","manufacturing","fabricated metal products","clerical, sales and services workers","-"
"2001-Q4","manufacturing","fabricated metal products","production and transport operators, cleaners and labourers","0.8"
"2001-Q4","manufacturing","machinery and equipment","total","0.8"
"2001-Q4","manufacturing","machinery and equipment","professional, managers, executive and technicians","0.7"
"2001-Q4","manufacturing","machinery and equipment","clerical, sales and services workers","-"
"2001-Q4","manufacturing","machinery and equipment","production and transport operators, cleaners and labourers","0.8"
"2001-Q4","manufacturing","electrical products","total","-"
"2001-Q4","manufacturing","electrical products","professional, managers, executive and technicians","-"
"2001-Q4","manufacturing","electrical products","clerical, sales and services workers","-"
"2001-Q4","manufacturing","electrical products","production and transport operators, cleaners and labourers","-"
"2001-Q4","manufacturing","electronic products","total","0.7"
"2001-Q4","manufacturing","electronic products","professional, managers, executive and technicians","0.9"
"2001-Q4","manufacturing","electronic products","clerical, sales and services workers","-"
"2001-Q4","manufacturing","electronic products","production and transport operators, cleaners and labourers","0.7"
"2001-Q4","manufacturing","medical and precision instruments","total","1.5"
"2001-Q4","manufacturing","medical and precision instruments","professional, managers, executive and technicians","1.9"
"2001-Q4","manufacturing","medical and precision instruments","clerical, sales and services workers","-"
"2001-Q4","manufacturing","medical and precision instruments","production and transport operators, cleaners and labourers","1.4"
"2001-Q4","manufacturing","transport equipment","total","2.7"
"2001-Q4","manufacturing","transport equipment","professional, managers, executive and technicians","3.3"
"2001-Q4","manufacturing","transport equipment","clerical, sales and services workers","1.9"
"2001-Q4","manufacturing","transport equipment","production and transport operators, cleaners and labourers","2.6"
"2001-Q4","manufacturing","other manufacturing industries","total","0.3"
"2001-Q4","manufacturing","other manufacturing industries","professional, managers, executive and technicians","-"
"2001-Q4","manufacturing","other manufacturing industries","clerical, sales and services workers","-"
"2001-Q4","manufacturing","other manufacturing industries","production and transport operators, cleaners and labourers","0.3"
"2001-Q4","construction","construction","total","0.7"
"2001-Q4","construction","construction","professional, managers, executive and technicians","0.5"
"2001-Q4","construction","construction","clerical, sales and services workers","-"
"2001-Q4","construction","construction","production and transport operators, cleaners and labourers","0.7"
"2001-Q4","services","wholesale and retail trade","total","0.7"
"2001-Q4","services","wholesale and retail trade","professional, managers, executive and technicians","0.5"
"2001-Q4","services","wholesale and retail trade","clerical, sales and services workers","0.9"
"2001-Q4","services","wholesale and retail trade","production and transport operators, cleaners and labourers","0.6"
"2001-Q4","services","transport and storage","total","2.5"
"2001-Q4","services","transport and storage","professional, managers, executive and technicians","2.5"
"2001-Q4","services","transport and storage","clerical, sales and services workers","2.1"
"2001-Q4","services","transport and storage","production and transport operators, cleaners and labourers","2.7"
"2001-Q4","services","hotels and restaurants","total","1.8"
"2001-Q4","services","hotels and restaurants","professional, managers, executive and technicians","1.5"
"2001-Q4","services","hotels and restaurants","clerical, sales and services workers","2.2"
"2001-Q4","services","hotels and restaurants","production and transport operators, cleaners and labourers","0.7"
"2001-Q4","services","information and communications","total","1.6"
"2001-Q4","services","information and communications","professional, managers, executive and technicians","1.4"
"2001-Q4","services","information and communications","clerical, sales and services workers","1.9"
"2001-Q4","services","information and communications","production and transport operators, cleaners and labourers","-"
"2001-Q4","services","financial services","total","1.3"
"2001-Q4","services","financial services","professional, managers, executive and technicians","1.6"
"2001-Q4","services","financial services","clerical, sales and services workers","0.9"
"2001-Q4","services","financial services","production and transport operators, cleaners and labourers","-"
"2001-Q4","services","real estate and leasing services","total","1.7"
"2001-Q4","services","real estate and leasing services","professional, managers, executive and technicians","1.4"
"2001-Q4","services","real estate and leasing services","clerical, sales and services workers","1.1"
"2001-Q4","services","real estate and leasing services","production and transport operators, cleaners and labourers","2.1"
"2001-Q4","services","professional services","total","0.7"
"2001-Q4","services","professional services","professional, managers, executive and technicians","0.8"
"2001-Q4","services","professional services","clerical, sales and services workers","0.9"
"2001-Q4","services","professional services","production and transport operators, cleaners and labourers","-"
"2001-Q4","services","administrative and support services","total","1.6"
"2001-Q4","services","administrative and support services","professional, managers, executive and technicians","-"
"2001-Q4","services","administrative and support services","clerical, sales and services workers","1.5"
"2001-Q4","services","administrative and support services","production and transport operators, cleaners and labourers","1.9"
"2001-Q4","services","community, social and personal services","total","1.8"
"2001-Q4","services","community, social and personal services","professional, managers, executive and technicians","2"
"2001-Q4","services","community, social and personal services","clerical, sales and services workers","1.6"
"2001-Q4","services","community, social and personal services","production and transport operators, cleaners and labourers","1.5"
"2001-Q4","others","others","total","2.7"
"2001-Q4","others","others","professional, managers, executive and technicians","4.9"
"2001-Q4","others","others","clerical, sales and services workers","-"
"2001-Q4","others","others","production and transport operators, cleaners and labourers","2.1"
"2002-Q1","total","total","total","1.4"
"2002-Q1","total","total","professional, managers, executive and technicians","1.4"
"2002-Q1","total","total","clerical, sales and services workers","1.4"
"2002-Q1","total","total","production and transport operators, cleaners and labourers","1.4"
"2002-Q1","manufacturing","food, beverages and tobacco","total","1.6"
"2002-Q1","manufacturing","food, beverages and tobacco","professional, managers, executive and technicians","-"
"2002-Q1","manufacturing","food, beverages and tobacco","clerical, sales and services workers","-"
"2002-Q1","manufacturing","food, beverages and tobacco","production and transport operators, cleaners and labourers","2.6"
"2002-Q1","manufacturing","paper products and printing","total","0.5"
"2002-Q1","manufacturing","paper products and printing","professional, managers, executive and technicians","-"
"2002-Q1","manufacturing","paper products and printing","clerical, sales and services workers","-"
"2002-Q1","manufacturing","paper products and printing","production and transport operators, cleaners and labourers","0.5"
"2002-Q1","manufacturing","petroleum, chemical and pharmaceutical products","total","1.3"
"2002-Q1","manufacturing","petroleum, chemical and pharmaceutical products","professional, managers, executive and technicians","1.9"
"2002-Q1","manufacturing","petroleum, chemical and pharmaceutical products","clerical, sales and services workers","-"
"2002-Q1","manufacturing","petroleum, chemical and pharmaceutical products","production and transport operators, cleaners and labourers","0.9"
"2002-Q1","manufacturing","rubber and plastic products","total","2.3"
"2002-Q1","manufacturing","rubber and plastic products","professional, managers, executive and technicians","3"
"2002-Q1","manufacturing","rubber and plastic products","clerical, sales and services workers","-"
"2002-Q1","manufacturing","rubber and plastic products","production and transport operators, cleaners and labourers","2.2"
"2002-Q1","manufacturing","fabricated metal products","total","1.7"
"2002-Q1","manufacturing","fabricated metal products","professional, managers, executive and technicians","1.2"
"2002-Q1","manufacturing","fabricated metal products","clerical, sales and services workers","-"
"2002-Q1","manufacturing","fabricated metal products","production and transport operators, cleaners and labourers","1.9"
"2002-Q1","manufacturing","machinery and equipment","total","1.3"
"2002-Q1","manufacturing","machinery and equipment","professional, managers, executive and technicians","0.8"
"2002-Q1","manufacturing","machinery and equipment","clerical, sales and services workers","-"
"2002-Q1","manufacturing","machinery and equipment","production and transport operators, cleaners and labourers","1.7"
"2002-Q1","manufacturing","electrical products","total","1.5"
"2002-Q1","manufacturing","electrical products","professional, managers, executive and technicians","2.4"
"2002-Q1","manufacturing","electrical products","clerical, sales and services workers","-"
"2002-Q1","manufacturing","electrical products","production and transport operators, cleaners and labourers","1.3"
"2002-Q1","manufacturing","electronic products","total","1.1"
"2002-Q1","manufacturing","electronic products","professional, managers, executive and technicians","1.5"
"2002-Q1","manufacturing","electronic products","clerical, sales and services workers","-"
"2002-Q1","manufacturing","electronic products","production and transport operators, cleaners and labourers","0.8"
"2002-Q1","manufacturing","medical and precision instruments","total","1.1"
"2002-Q1","manufacturing","medical and precision instruments","professional, managers, executive and technicians","2.1"
"2002-Q1","manufacturing","medical and precision instruments","clerical, sales and services workers","-"
"2002-Q1","manufacturing","medical and precision instruments","production and transport operators, cleaners and labourers","-"
"2002-Q1","manufacturing","transport equipment","total","2.4"
"2002-Q1","manufacturing","transport equipment","professional, managers, executive and technicians","3.8"
"2002-Q1","manufacturing","transport equipment","clerical, sales and services workers","2.2"
"2002-Q1","manufacturing","transport equipment","production and transport operators, cleaners and labourers","2"
"2002-Q1","manufacturing","other manufacturing industries","total","1.1"
"2002-Q1","manufacturing","other manufacturing industries","professional, managers, executive and technicians","-"
"2002-Q1","manufacturing","other manufacturing industries","clerical, sales and services workers","-"
"2002-Q1","manufacturing","other manufacturing industries","production and transport operators, cleaners and labourers","1.3"
"2002-Q1","construction","construction","total","0.5"
"2002-Q1","construction","construction","professional, managers, executive and technicians","0.6"
"2002-Q1","construction","construction","clerical, sales and services workers","-"
"2002-Q1","construction","construction","production and transport operators, cleaners and labourers","0.5"
"2002-Q1","services","wholesale and retail trade","total","1"
"2002-Q1","services","wholesale and retail trade","professional, managers, executive and technicians","0.8"
"2002-Q1","services","wholesale and retail trade","clerical, sales and services workers","1.2"
"2002-Q1","services","wholesale and retail trade","production and transport operators, cleaners and labourers","0.7"
"2002-Q1","services","transport and storage","total","2.1"
"2002-Q1","services","transport and storage","professional, managers, executive and technicians","1.3"
"2002-Q1","services","transport and storage","clerical, sales and services workers","1.1"
"2002-Q1","services","transport and storage","production and transport operators, cleaners and labourers","3.6"
"2002-Q1","services","hotels and restaurants","total","2.3"
"2002-Q1","services","hotels and restaurants","professional, managers, executive and technicians","1.3"
"2002-Q1","services","hotels and restaurants","clerical, sales and services workers","2.7"
"2002-Q1","services","hotels and restaurants","production and transport operators, cleaners and labourers","1.7"
"2002-Q1","services","information and communications","total","2.3"
"2002-Q1","services","information and communications","professional, managers, executive and technicians","2.4"
"2002-Q1","services","information and communications","clerical, sales and services workers","1.8"
"2002-Q1","services","information and communications","production and transport operators, cleaners and labourers","-"
"2002-Q1","services","financial services","total","0.8"
"2002-Q1","services","financial services","professional, managers, executive and technicians","0.8"
"2002-Q1","services","financial services","clerical, sales and services workers","0.8"
"2002-Q1","services","financial services","production and transport operators, cleaners and labourers","-"
"2002-Q1","services","real estate and leasing services","total","1.9"
"2002-Q1","services","real estate and leasing services","professional, managers, executive and technicians","1.1"
"2002-Q1","services","real estate and leasing services","clerical, sales and services workers","3.9"
"2002-Q1","services","real estate and leasing services","production and transport operators, cleaners and labourers","1.6"
"2002-Q1","services","professional services","total","1.2"
"2002-Q1","services","professional services","professional, managers, executive and technicians","1.6"
"2002-Q1","services","professional services","clerical, sales and services workers","0.6"
"2002-Q1","services","professional services","production and transport operators, cleaners and labourers","-"
"2002-Q1","services","administrative and support services","total","1.4"
"2002-Q1","services","administrative and support services","professional, managers, executive and technicians","1.9"
"2002-Q1","services","administrative and support services","clerical, sales and services workers","1.4"
"2002-Q1","services","administrative and support services","production and transport operators, cleaners and labourers","1.1"
"2002-Q1","services","community, social and personal services","total","1.6"
"2002-Q1","services","community, social and personal services","professional, managers, executive and technicians","1.6"
"2002-Q1","services","community, social and personal services","clerical, sales and services workers","1.9"
"2002-Q1","services","community, social and personal services","production and transport operators, cleaners and labourers","1.3"
"2002-Q1","others","others","total","2.7"
"2002-Q1","others","others","professional, managers, executive and technicians","5.4"
"2002-Q1","others","others","clerical, sales and services workers","-"
"2002-Q1","others","others","production and transport operators, cleaners and labourers","1.6"
"2002-Q2","total","total","total","1.6"
"2002-Q2","total","total","professional, managers, executive and technicians","1.5"
"2002-Q2","total","total","clerical, sales and services workers","1.6"
"2002-Q2","total","total","production and transport operators, cleaners and labourers","1.7"
"2002-Q2","manufacturing","food, beverages and tobacco","total","1.6"
"2002-Q2","manufacturing","food, beverages and tobacco","professional, managers, executive and technicians","2.2"
"2002-Q2","manufacturing","food, beverages and tobacco","clerical, sales and services workers","-"
"2002-Q2","manufacturing","food, beverages and tobacco","production and transport operators, cleaners and labourers","1.8"
"2002-Q2","manufacturing","paper products and printing","total","0.4"
"2002-Q2","manufacturing","paper products and printing","professional, managers, executive and technicians","-"
"2002-Q2","manufacturing","paper products and printing","clerical, sales and services workers","-"
"2002-Q2","manufacturing","paper products and printing","production and transport operators, cleaners and labourers","-"
"2002-Q2","manufacturing","petroleum, chemical and pharmaceutical products","total","1.3"
"2002-Q2","manufacturing","petroleum, chemical and pharmaceutical products","professional, managers, executive and technicians","2.1"
"2002-Q2","manufacturing","petroleum, chemical and pharmaceutical products","clerical, sales and services workers","-"
"2002-Q2","manufacturing","petroleum, chemical and pharmaceutical products","production and transport operators, cleaners and labourers","0.8"
"2002-Q2","manufacturing","rubber and plastic products","total","2.2"
"2002-Q2","manufacturing","rubber and plastic products","professional, managers, executive and technicians","3.7"
"2002-Q2","manufacturing","rubber and plastic products","clerical, sales and services workers","-"
"2002-Q2","manufacturing","rubber and plastic products","production and transport operators, cleaners and labourers","1.9"
"2002-Q2","manufacturing","fabricated metal products","total","2.6"
"2002-Q2","manufacturing","fabricated metal products","professional, managers, executive and technicians","1.6"
"2002-Q2","manufacturing","fabricated metal products","clerical, sales and services workers","-"
"2002-Q2","manufacturing","fabricated metal products","production and transport operators, cleaners and labourers","3"
"2002-Q2","manufacturing","machinery and equipment","total","0.9"
"2002-Q2","manufacturing","machinery and equipment","professional, managers, executive and technicians","0.5"
"2002-Q2","manufacturing","machinery and equipment","clerical, sales and services workers","-"
"2002-Q2","manufacturing","machinery and equipment","production and transport operators, cleaners and labourers","1"
"2002-Q2","manufacturing","electrical products","total","0.8"
"2002-Q2","manufacturing","electrical products","professional, managers, executive and technicians","-"
"2002-Q2","manufacturing","electrical products","clerical, sales and services workers","-"
"2002-Q2","manufacturing","electrical products","production and transport operators, cleaners and labourers","-"
"2002-Q2","manufacturing","electronic products","total","1.3"
"2002-Q2","manufacturing","electronic products","professional, managers, executive and technicians","1.6"
"2002-Q2","manufacturing","electronic products","clerical, sales and services workers","-"
"2002-Q2","manufacturing","electronic products","production and transport operators, cleaners and labourers","1.1"
"2002-Q2","manufacturing","medical and precision instruments","total","1.3"
"2002-Q2","manufacturing","medical and precision instruments","professional, managers, executive and technicians","1.9"
"2002-Q2","manufacturing","medical and precision instruments","clerical, sales and services workers","-"
"2002-Q2","manufacturing","medical and precision instruments","production and transport operators, cleaners and labourers","-"
"2002-Q2","manufacturing","transport equipment","total","3.5"
"2002-Q2","manufacturing","transport equipment","professional, managers, executive and technicians","4.9"
"2002-Q2","manufacturing","transport equipment","clerical, sales and services workers","2.9"
"2002-Q2","manufacturing","transport equipment","production and transport operators, cleaners and labourers","3.2"
"2002-Q2","manufacturing","other manufacturing industries","total","0.9"
"2002-Q2","manufacturing","other manufacturing industries","professional, managers, executive and technicians","-"
"2002-Q2","manufacturing","other manufacturing industries","clerical, sales and services workers","-"
"2002-Q2","manufacturing","other manufacturing industries","production and transport operators, cleaners and labourers","0.9"
"2002-Q2","construction","construction","total","0.7"
"2002-Q2","construction","construction","professional, managers, executive and technicians","0.9"
"2002-Q2","construction","construction","clerical, sales and services workers","1"
"2002-Q2","construction","construction","production and transport operators, cleaners and labourers","0.6"
"2002-Q2","services","wholesale and retail trade","total","1.4"
"2002-Q2","services","wholesale and retail trade","professional, managers, executive and technicians","1.1"
"2002-Q2","services","wholesale and retail trade","clerical, sales and services workers","1.6"
"2002-Q2","services","wholesale and retail trade","production and transport operators, cleaners and labourers","1.7"
"2002-Q2","services","transport and storage","total","2.9"
"2002-Q2","services","transport and storage","professional, managers, executive and technicians","2.4"
"2002-Q2","services","transport and storage","clerical, sales and services workers","3"
"2002-Q2","services","transport and storage","production and transport operators, cleaners and labourers","3.2"
"2002-Q2","services","hotels and restaurants","total","1.9"
"2002-Q2","services","hotels and restaurants","professional, managers, executive and technicians","1.6"
"2002-Q2","services","hotels and restaurants","clerical, sales and services workers","2.1"
"2002-Q2","services","hotels and restaurants","production and transport operators, cleaners and labourers","1.4"
"2002-Q2","services","information and communications","total","1.4"
"2002-Q2","services","information and communications","professional, managers, executive and technicians","1.5"
"2002-Q2","services","information and communications","clerical, sales and services workers","1"
"2002-Q2","services","information and communications","production and transport operators, cleaners and labourers","-"
"2002-Q2","services","financial services","total","0.8"
"2002-Q2","services","financial services","professional, managers, executive and technicians","1"
"2002-Q2","services","financial services","clerical, sales and services workers","0.5"
"2002-Q2","services","financial services","production and transport operators, cleaners and labourers","-"
"2002-Q2","services","real estate and leasing services","total","1.9"
"2002-Q2","services","real estate and leasing services","professional, managers, executive and technicians","0.9"
"2002-Q2","services","real estate and leasing services","clerical, sales and services workers","2.2"
"2002-Q2","services","real estate and leasing services","production and transport operators, cleaners and labourers","2.3"
"2002-Q2","services","professional services","total","0.9"
"2002-Q2","services","professional services","professional, managers, executive and technicians","1.3"
"2002-Q2","services","professional services","clerical, sales and services workers","0.5"
"2002-Q2","services","professional services","production and transport operators, cleaners and labourers","-"
"2002-Q2","services","administrative and support services","total","1.4"
"2002-Q2","services","administrative and support services","professional, managers, executive and technicians","-"
"2002-Q2","services","administrative and support services","clerical, sales and services workers","1.7"
"2002-Q2","services","administrative and support services","production and transport operators, cleaners and labourers","-"
"2002-Q2","services","community, social and personal services","total","1.6"
"2002-Q2","services","community, social and personal services","professional, managers, executive and technicians","1.6"
"2002-Q2","services","community, social and personal services","clerical, sales and services workers","1.6"
"2002-Q2","services","community, social and personal services","production and transport operators, cleaners and labourers","1.5"
"2002-Q2","others","others","total","6.3"
"2002-Q2","others","others","professional, managers, executive and technicians","4.2"
"2002-Q2","others","others","clerical, sales and services workers","-"
"2002-Q2","others","others","production and transport operators, cleaners and labourers","8.3"
"2002-Q3","total","total","total","1.6"
"2002-Q3","total","total","professional, managers, executive and technicians","1.4"
"2002-Q3","total","total","clerical, sales and services workers","1.9"
"2002-Q3","total","total","production and transport operators, cleaners and labourers","1.6"
"2002-Q3","manufacturing","food, beverages and tobacco","total","2"
"2002-Q3","manufacturing","food, beverages and tobacco","professional, managers, executive and technicians","-"
"2002-Q3","manufacturing","food, beverages and tobacco","clerical, sales and services workers","2.3"
"2002-Q3","manufacturing","food, beverages and tobacco","production and transport operators, cleaners and labourers","1.9"
"2002-Q3","manufacturing","paper products and printing","total","1.1"
"2002-Q3","manufacturing","paper products and printing","professional, managers, executive and technicians","-"
"2002-Q3","manufacturing","paper products and printing","clerical, sales and services workers","-"
"2002-Q3","manufacturing","paper products and printing","production and transport operators, cleaners and labourers","1.1"
"2002-Q3","manufacturing","petroleum, chemical and pharmaceutical products","total","1.2"
"2002-Q3","manufacturing","petroleum, chemical and pharmaceutical products","professional, managers, executive and technicians","1.6"
"2002-Q3","manufacturing","petroleum, chemical and pharmaceutical products","clerical, sales and services workers","-"
"2002-Q3","manufacturing","petroleum, chemical and pharmaceutical products","production and transport operators, cleaners and labourers","0.9"
"2002-Q3","manufacturing","rubber and plastic products","total","2.4"
"2002-Q3","manufacturing","rubber and plastic products","professional, managers, executive and technicians","1.7"
"2002-Q3","manufacturing","rubber and plastic products","clerical, sales and services workers","-"
"2002-Q3","manufacturing","rubber and plastic products","production and transport operators, cleaners and labourers","2.7"
"2002-Q3","manufacturing","fabricated metal products","total","1.9"
"2002-Q3","manufacturing","fabricated metal products","professional, managers, executive and technicians","1.9"
"2002-Q3","manufacturing","fabricated metal products","clerical, sales and services workers","-"
"2002-Q3","manufacturing","fabricated metal products","production and transport operators, cleaners and labourers","2"
"2002-Q3","manufacturing","machinery and equipment","total","1.2"
"2002-Q3","manufacturing","machinery and equipment","professional, managers, executive and technicians","1.4"
"2002-Q3","manufacturing","machinery and equipment","clerical, sales and services workers","-"
"2002-Q3","manufacturing","machinery and equipment","production and transport operators, cleaners and labourers","1.3"
"2002-Q3","manufacturing","electrical products","total","1"
"2002-Q3","manufacturing","electrical products","professional, managers, executive and technicians","-"
"2002-Q3","manufacturing","electrical products","clerical, sales and services workers","-"
"2002-Q3","manufacturing","electrical products","production and transport operators, cleaners and labourers","-"
"2002-Q3","manufacturing","electronic products","total","1.8"
"2002-Q3","manufacturing","electronic products","professional, managers, executive and technicians","1.5"
"2002-Q3","manufacturing","electronic products","clerical, sales and services workers","-"
"2002-Q3","manufacturing","electronic products","production and transport operators, cleaners and labourers","2.2"
"2002-Q3","manufacturing","medical and precision instruments","total","1.2"
"2002-Q3","manufacturing","medical and precision instruments","professional, managers, executive and technicians","1.6"
"2002-Q3","manufacturing","medical and precision instruments","clerical, sales and services workers","-"
"2002-Q3","manufacturing","medical and precision instruments","production and transport operators, cleaners and labourers","1.1"
"2002-Q3","manufacturing","transport equipment","total","2.4"
"2002-Q3","manufacturing","transport equipment","professional, managers, executive and technicians","3.4"
"2002-Q3","manufacturing","transport equipment","clerical, sales and services workers","1.5"
"2002-Q3","manufacturing","transport equipment","production and transport operators, cleaners and labourers","2.2"
"2002-Q3","manufacturing","other manufacturing industries","total","2.1"
"2002-Q3","manufacturing","other manufacturing industries","professional, managers, executive and technicians","-"
"2002-Q3","manufacturing","other manufacturing industries","clerical, sales and services workers","-"
"2002-Q3","manufacturing","other manufacturing industries","production and transport operators, cleaners and labourers","2.6"
"2002-Q3","construction","construction","total","0.4"
"2002-Q3","construction","construction","professional, managers, executive and technicians","0.6"
"2002-Q3","construction","construction","clerical, sales and services workers","-"
"2002-Q3","construction","construction","production and transport operators, cleaners and labourers","0.4"
"2002-Q3","services","wholesale and retail trade","total","1.3"
"2002-Q3","services","wholesale and retail trade","professional, managers, executive and technicians","0.9"
"2002-Q3","services","wholesale and retail trade","clerical, sales and services workers","1.8"
"2002-Q3","services","wholesale and retail trade","production and transport operators, cleaners and labourers","0.8"
"2002-Q3","services","transport and storage","total","2.7"
"2002-Q3","services","transport and storage","professional, managers, executive and technicians","1.9"
"2002-Q3","services","transport and storage","clerical, sales and services workers","2.5"
"2002-Q3","services","transport and storage","production and transport operators, cleaners and labourers","3.3"
"2002-Q3","services","hotels and restaurants","total","2.8"
"2002-Q3","services","hotels and restaurants","professional, managers, executive and technicians","1.3"
"2002-Q3","services","hotels and restaurants","clerical, sales and services workers","3.3"
"2002-Q3","services","hotels and restaurants","production and transport operators, cleaners and labourers","2.5"
"2002-Q3","services","information and communications","total","1.3"
"2002-Q3","services","information and communications","professional, managers, executive and technicians","1.2"
"2002-Q3","services","information and communications","clerical, sales and services workers","1.5"
"2002-Q3","services","information and communications","production and transport operators, cleaners and labourers","-"
"2002-Q3","services","financial services","total","0.9"
"2002-Q3","services","financial services","professional, managers, executive and technicians","0.9"
"2002-Q3","services","financial services","clerical, sales and services workers","1"
"2002-Q3","services","financial services","production and transport operators, cleaners and labourers","-"
"2002-Q3","services","real estate and leasing services","total","1.6"
"2002-Q3","services","real estate and leasing services","professional, managers, executive and technicians","0.9"
"2002-Q3","services","real estate and leasing services","clerical, sales and services workers","2.3"
"2002-Q3","services","real estate and leasing services","production and transport operators, cleaners and labourers","1.7"
"2002-Q3","services","professional services","total","1.1"
"2002-Q3","services","professional services","professional, managers, executive and technicians","1.2"
"2002-Q3","services","professional services","clerical, sales and services workers","1"
"2002-Q3","services","professional services","production and transport operators, cleaners and labourers","-"
"2002-Q3","services","administrative and support services","total","2.5"
"2002-Q3","services","administrative and support services","professional, managers, executive and technicians","-"
"2002-Q3","services","administrative and support services","clerical, sales and services workers","3.1"
"2002-Q3","services","administrative and support services","production and transport operators, cleaners and labourers","2.3"
"2002-Q3","services","community, social and personal services","total","2"
"2002-Q3","services","community, social and personal services","professional, managers, executive and technicians","2.2"
"2002-Q3","services","community, social and personal services","clerical, sales and services workers","2.1"
"2002-Q3","services","community, social and personal services","production and transport operators, cleaners and labourers","1.3"
"2002-Q3","others","others","total","2.4"
"2002-Q3","others","others","professional, managers, executive and technicians","4"
"2002-Q3","others","others","clerical, sales and services workers","-"
"2002-Q3","others","others","production and transport operators, cleaners and labourers","1.9"
"2002-Q4","total","total","total","1.2"
"2002-Q4","total","total","professional, managers, executive and technicians","1.1"
"2002-Q4","total","total","clerical, sales and services workers","1.2"
"2002-Q4","total","total","production and transport operators, cleaners and labourers","1.3"
"2002-Q4","manufacturing","food, beverages and tobacco","total","1.5"
"2002-Q4","manufacturing","food, beverages and tobacco","professional, managers, executive and technicians","-"
"2002-Q4","manufacturing","food, beverages and tobacco","clerical, sales and services workers","1.4"
"2002-Q4","manufacturing","food, beverages and tobacco","production and transport operators, cleaners and labourers","1.7"
"2002-Q4","manufacturing","paper products and printing","total","1"
"2002-Q4","manufacturing","paper products and printing","professional, managers, executive and technicians","-"
"2002-Q4","manufacturing","paper products and printing","clerical, sales and services workers","-"
"2002-Q4","manufacturing","paper products and printing","production and transport operators, cleaners and labourers","0.8"
"2002-Q4","manufacturing","petroleum, chemical and pharmaceutical products","total","0.7"
"2002-Q4","manufacturing","petroleum, chemical and pharmaceutical products","professional, managers, executive and technicians","0.8"
"2002-Q4","manufacturing","petroleum, chemical and pharmaceutical products","clerical, sales and services workers","-"
"2002-Q4","manufacturing","petroleum, chemical and pharmaceutical products","production and transport operators, cleaners and labourers","0.6"
"2002-Q4","manufacturing","rubber and plastic products","total","1.4"
"2002-Q4","manufacturing","rubber and plastic products","professional, managers, executive and technicians","-"
"2002-Q4","manufacturing","rubber and plastic products","clerical, sales and services workers","-"
"2002-Q4","manufacturing","rubber and plastic products","production and transport operators, cleaners and labourers","1.5"
"2002-Q4","manufacturing","fabricated metal products","total","1.2"
"2002-Q4","manufacturing","fabricated metal products","professional, managers, executive and technicians","1.4"
"2002-Q4","manufacturing","fabricated metal products","clerical, sales and services workers","-"
"2002-Q4","manufacturing","fabricated metal products","production and transport operators, cleaners and labourers","1.1"
"2002-Q4","manufacturing","machinery and equipment","total","1.2"
"2002-Q4","manufacturing","machinery and equipment","professional, managers, executive and technicians","1.3"
"2002-Q4","manufacturing","machinery and equipment","clerical, sales and services workers","-"
"2002-Q4","manufacturing","machinery and equipment","production and transport operators, cleaners and labourers","1.2"
"2002-Q4","manufacturing","electrical products","total","1"
"2002-Q4","manufacturing","electrical products","professional, managers, executive and technicians","-"
"2002-Q4","manufacturing","electrical products","clerical, sales and services workers","-"
"2002-Q4","manufacturing","electrical products","production and transport operators, cleaners and labourers","1.2"
"2002-Q4","manufacturing","electronic products","total","1.2"
"2002-Q4","manufacturing","electronic products","professional, managers, executive and technicians","1"
"2002-Q4","manufacturing","electronic products","clerical, sales and services workers","-"
"2002-Q4","manufacturing","electronic products","production and transport operators, cleaners and labourers","1.5"
"2002-Q4","manufacturing","medical and precision instruments","total","1"
"2002-Q4","manufacturing","medical and precision instruments","professional, managers, executive and technicians","-"
"2002-Q4","manufacturing","medical and precision instruments","clerical, sales and services workers","-"
"2002-Q4","manufacturing","medical and precision instruments","production and transport operators, cleaners and labourers","1.1"
"2002-Q4","manufacturing","transport equipment","total","1.8"
"2002-Q4","manufacturing","transport equipment","professional, managers, executive and technicians","2.6"
"2002-Q4","manufacturing","transport equipment","clerical, sales and services workers","1.2"
"2002-Q4","manufacturing","transport equipment","production and transport operators, cleaners and labourers","1.7"
"2002-Q4","manufacturing","other manufacturing industries","total","2.9"
"2002-Q4","manufacturing","other manufacturing industries","professional, managers, executive and technicians","-"
"2002-Q4","manufacturing","other manufacturing industries","clerical, sales and services workers","-"
"2002-Q4","manufacturing","other manufacturing industries","production and transport operators, cleaners and labourers","3.7"
"2002-Q4","construction","construction","total","0.5"
"2002-Q4","construction","construction","professional, managers, executive and technicians","0.6"
"2002-Q4","construction","construction","clerical, sales and services workers","-"
"2002-Q4","construction","construction","production and transport operators, cleaners and labourers","0.5"
"2002-Q4","services","wholesale and retail trade","total","0.8"
"2002-Q4","services","wholesale and retail trade","professional, managers, executive and technicians","0.8"
"2002-Q4","services","wholesale and retail trade","clerical, sales and services workers","0.8"
"2002-Q4","services","wholesale and retail trade","production and transport operators, cleaners and labourers","0.7"
"2002-Q4","services","transport and storage","total","2.6"
"2002-Q4","services","transport and storage","professional, managers, executive and technicians","1.9"
"2002-Q4","services","transport and storage","clerical, sales and services workers","2.3"
"2002-Q4","services","transport and storage","production and transport operators, cleaners and labourers","3.3"
"2002-Q4","services","hotels and restaurants","total","1.6"
"2002-Q4","services","hotels and restaurants","professional, managers, executive and technicians","1.6"
"2002-Q4","services","hotels and restaurants","clerical, sales and services workers","1.8"
"2002-Q4","services","hotels and restaurants","production and transport operators, cleaners and labourers","1.1"
"2002-Q4","services","information and communications","total","0.8"
"2002-Q4","services","information and communications","professional, managers, executive and technicians","0.7"
"2002-Q4","services","information and communications","clerical, sales and services workers","1.5"
"2002-Q4","services","information and communications","production and transport operators, cleaners and labourers","-"
"2002-Q4","services","financial services","total","0.8"
"2002-Q4","services","financial services","professional, managers, executive and technicians","0.9"
"2002-Q4","services","financial services","clerical, sales and services workers","0.5"
"2002-Q4","services","financial services","production and transport operators, cleaners and labourers","-"
"2002-Q4","services","real estate and leasing services","total","0.9"
"2002-Q4","services","real estate and leasing services","professional, managers, executive and technicians","-"
"2002-Q4","services","real estate and leasing services","clerical, sales and services workers","0.9"
"2002-Q4","services","real estate and leasing services","production and transport operators, cleaners and labourers","1.1"
"2002-Q4","services","professional services","total","0.7"
"2002-Q4","services","professional services","professional, managers, executive and technicians","0.6"
"2002-Q4","services","professional services","clerical, sales and services workers","0.9"
"2002-Q4","services","professional services","production and transport operators, cleaners and labourers","-"
"2002-Q4","services","administrative and support services","total","1.4"
"2002-Q4","services","administrative and support services","professional, managers, executive and technicians","1.8"
"2002-Q4","services","administrative and support services","clerical, sales and services workers","1.3"
"2002-Q4","services","administrative and support services","production and transport operators, cleaners and labourers","1.2"
"2002-Q4","services","community, social and personal services","total","1.6"
"2002-Q4","services","community, social and personal services","professional, managers, executive and technicians","1.6"
"2002-Q4","services","community, social and personal services","clerical, sales and services workers","1.5"
"2002-Q4","services","community, social and personal services","production and transport operators, cleaners and labourers","2"
"2002-Q4","others","others","total","2.1"
"2002-Q4","others","others","professional, managers, executive and technicians","5"
"2002-Q4","others","others","clerical, sales and services workers","-"
"2002-Q4","others","others","production and transport operators, cleaners and labourers","-"
"2003-Q1","total","total","total","1.2"
"2003-Q1","total","total","professional, managers, executive and technicians","1.1"
"2003-Q1","total","total","clerical, sales and services workers","1.1"
"2003-Q1","total","total","production and transport operators, cleaners and labourers","1.3"
"2003-Q1","manufacturing","food, beverages and tobacco","total","0.7"
"2003-Q1","manufacturing","food, beverages and tobacco","professional, managers, executive and technicians","-"
"2003-Q1","manufacturing","food, beverages and tobacco","clerical, sales and services workers","-"
"2003-Q1","manufacturing","food, beverages and tobacco","production and transport operators, cleaners and labourers","0.6"
"2003-Q1","manufacturing","paper products and printing","total","0.6"
"2003-Q1","manufacturing","paper products and printing","professional, managers, executive and technicians","-"
"2003-Q1","manufacturing","paper products and printing","clerical, sales and services workers","-"
"2003-Q1","manufacturing","paper products and printing","production and transport operators, cleaners and labourers","0.7"
"2003-Q1","manufacturing","petroleum, chemical and pharmaceutical products","total","0.8"
"2003-Q1","manufacturing","petroleum, chemical and pharmaceutical products","professional, managers, executive and technicians","0.8"
"2003-Q1","manufacturing","petroleum, chemical and pharmaceutical products","clerical, sales and services workers","-"
"2003-Q1","manufacturing","petroleum, chemical and pharmaceutical products","production and transport operators, cleaners and labourers","1"
"2003-Q1","manufacturing","rubber and plastic products","total","1.7"
"2003-Q1","manufacturing","rubber and plastic products","professional, managers, executive and technicians","1.8"
"2003-Q1","manufacturing","rubber and plastic products","clerical, sales and services workers","-"
"2003-Q1","manufacturing","rubber and plastic products","production and transport operators, cleaners and labourers","1.9"
"2003-Q1","manufacturing","fabricated metal products","total","1.6"
"2003-Q1","manufacturing","fabricated metal products","professional, managers, executive and technicians","2.2"
"2003-Q1","manufacturing","fabricated metal products","clerical, sales and services workers","-"
"2003-Q1","manufacturing","fabricated metal products","production and transport operators, cleaners and labourers","1.5"
"2003-Q1","manufacturing","machinery and equipment","total","0.6"
"2003-Q1","manufacturing","machinery and equipment","professional, managers, executive and technicians","0.7"
"2003-Q1","manufacturing","machinery and equipment","clerical, sales and services workers","-"
"2003-Q1","manufacturing","machinery and equipment","production and transport operators, cleaners and labourers","0.5"
"2003-Q1","manufacturing","electrical products","total","-"
"2003-Q1","manufacturing","electrical products","professional, managers, executive and technicians","-"
"2003-Q1","manufacturing","electrical products","clerical, sales and services workers","-"
"2003-Q1","manufacturing","electrical products","production and transport operators, cleaners and labourers","-"
"2003-Q1","manufacturing","electronic products","total","1"
"2003-Q1","manufacturing","electronic products","professional, managers, executive and technicians","1.1"
"2003-Q1","manufacturing","electronic products","clerical, sales and services workers","-"
"2003-Q1","manufacturing","electronic products","production and transport operators, cleaners and labourers","0.9"
"2003-Q1","manufacturing","medical and precision instruments","total","0.9"
"2003-Q1","manufacturing","medical and precision instruments","professional, managers, executive and technicians","-"
"2003-Q1","manufacturing","medical and precision instruments","clerical, sales and services workers","-"
"2003-Q1","manufacturing","medical and precision instruments","production and transport operators, cleaners and labourers","-"
"2003-Q1","manufacturing","transport equipment","total","2.3"
"2003-Q1","manufacturing","transport equipment","professional, managers, executive and technicians","2.5"
"2003-Q1","manufacturing","transport equipment","clerical, sales and services workers","1.5"
"2003-Q1","manufacturing","transport equipment","production and transport operators, cleaners and labourers","2.3"
"2003-Q1","manufacturing","other manufacturing industries","total","2.1"
"2003-Q1","manufacturing","other manufacturing industries","professional, managers, executive and technicians","-"
"2003-Q1","manufacturing","other manufacturing industries","clerical, sales and services workers","-"
"2003-Q1","manufacturing","other manufacturing industries","production and transport operators, cleaners and labourers","2.7"
"2003-Q1","construction","construction","total","0.4"
"2003-Q1","construction","construction","professional, managers, executive and technicians","0.4"
"2003-Q1","construction","construction","clerical, sales and services workers","-"
"2003-Q1","construction","construction","production and transport operators, cleaners and labourers","0.4"
"2003-Q1","services","wholesale and retail trade","total","1"
"2003-Q1","services","wholesale and retail trade","professional, managers, executive and technicians","0.8"
"2003-Q1","services","wholesale and retail trade","clerical, sales and services workers","0.9"
"2003-Q1","services","wholesale and retail trade","production and transport operators, cleaners and labourers","1.7"
"2003-Q1","services","transport and storage","total","2.3"
"2003-Q1","services","transport and storage","professional, managers, executive and technicians","1.7"
"2003-Q1","services","transport and storage","clerical, sales and services workers","2"
"2003-Q1","services","transport and storage","production and transport operators, cleaners and labourers","3"
"2003-Q1","services","hotels and restaurants","total","0.9"
"2003-Q1","services","hotels and restaurants","professional, managers, executive and technicians","0.6"
"2003-Q1","services","hotels and restaurants","clerical, sales and services workers","0.9"
"2003-Q1","services","hotels and restaurants","production and transport operators, cleaners and labourers","0.9"
"2003-Q1","services","information and communications","total","1.5"
"2003-Q1","services","information and communications","professional, managers, executive and technicians","1.3"
"2003-Q1","services","information and communications","clerical, sales and services workers","2.8"
"2003-Q1","services","information and communications","production and transport operators, cleaners and labourers","-"
"2003-Q1","services","financial services","total","1"
"2003-Q1","services","financial services","professional, managers, executive and technicians","1.1"
"2003-Q1","services","financial services","clerical, sales and services workers","0.7"
"2003-Q1","services","financial services","production and transport operators, cleaners and labourers","-"
"2003-Q1","services","real estate and leasing services","total","0.7"
"2003-Q1","services","real estate and leasing services","professional, managers, executive and technicians","-"
"2003-Q1","services","real estate and leasing services","clerical, sales and services workers","-"
"2003-Q1","services","real estate and leasing services","production and transport operators, cleaners and labourers","0.8"
"2003-Q1","services","professional services","total","0.7"
"2003-Q1","services","professional services","professional, managers, executive and technicians","0.6"
"2003-Q1","services","professional services","clerical, sales and services workers","0.9"
"2003-Q1","services","professional services","production and transport operators, cleaners and labourers","-"
"2003-Q1","services","administrative and support services","total","1"
"2003-Q1","services","administrative and support services","professional, managers, executive and technicians","1"
"2003-Q1","services","administrative and support services","clerical, sales and services workers","1"
"2003-Q1","services","administrative and support services","production and transport operators, cleaners and labourers","0.9"
"2003-Q1","services","community, social and personal services","total","1.5"
"2003-Q1","services","community, social and personal services","professional, managers, executive and technicians","1.3"
"2003-Q1","services","community, social and personal services","clerical, sales and services workers","1.8"
"2003-Q1","services","community, social and personal services","production and transport operators, cleaners and labourers","1.8"
"2003-Q1","others","others","total","1.8"
"2003-Q1","others","others","professional, managers, executive and technicians","4.9"
"2003-Q1","others","others","clerical, sales and services workers","-"
"2003-Q1","others","others","production and transport operators, cleaners and labourers","-"
"2003-Q2","total","total","total","1.2"
"2003-Q2","total","total","professional, managers, executive and technicians","1.2"
"2003-Q2","total","total","clerical, sales and services workers","1.1"
"2003-Q2","total","total","production and transport operators, cleaners and labourers","1.2"
"2003-Q2","manufacturing","food, beverages and tobacco","total","1"
"2003-Q2","manufacturing","food, beverages and tobacco","professional, managers, executive and technicians","-"
"2003-Q2","manufacturing","food, beverages and tobacco","clerical, sales and services workers","-"
"2003-Q2","manufacturing","food, beverages and tobacco","production and transport operators, cleaners and labourers","1.1"
"2003-Q2","manufacturing","paper products and printing","total","0.9"
"2003-Q2","manufacturing","paper products and printing","professional, managers, executive and technicians","-"
"2003-Q2","manufacturing","paper products and printing","clerical, sales and services workers","-"
"2003-Q2","manufacturing","paper products and printing","production and transport operators, cleaners and labourers","1.2"
"2003-Q2","manufacturing","petroleum, chemical and pharmaceutical products","total","0.7"
"2003-Q2","manufacturing","petroleum, chemical and pharmaceutical products","professional, managers, executive and technicians","0.8"
"2003-Q2","manufacturing","petroleum, chemical and pharmaceutical products","clerical, sales and services workers","-"
"2003-Q2","manufacturing","petroleum, chemical and pharmaceutical products","production and transport operators, cleaners and labourers","0.9"
"2003-Q2","manufacturing","rubber and plastic products","total","1.6"
"2003-Q2","manufacturing","rubber and plastic products","professional, managers, executive and technicians","-"
"2003-Q2","manufacturing","rubber and plastic products","clerical, sales and services workers","-"
"2003-Q2","manufacturing","rubber and plastic products","production and transport operators, cleaners and labourers","1.7"
"2003-Q2","manufacturing","fabricated metal products","total","1"
"2003-Q2","manufacturing","fabricated metal products","professional, managers, executive and technicians","1.1"
"2003-Q2","manufacturing","fabricated metal products","clerical, sales and services workers","-"
"2003-Q2","manufacturing","fabricated metal products","production and transport operators, cleaners and labourers","1"
"2003-Q2","manufacturing","machinery and equipment","total","1.2"
"2003-Q2","manufacturing","machinery and equipment","professional, managers, executive and technicians","1.7"
"2003-Q2","manufacturing","machinery and equipment","clerical, sales and services workers","-"
"2003-Q2","manufacturing","machinery and equipment","production and transport operators, cleaners and labourers","1"
"2003-Q2","manufacturing","electrical products","total","-"
"2003-Q2","manufacturing","electrical products","professional, managers, executive and technicians","-"
"2003-Q2","manufacturing","electrical products","clerical, sales and services workers","-"
"2003-Q2","manufacturing","electrical products","production and transport operators, cleaners and labourers","-"
"2003-Q2","manufacturing","electronic products","total","1.1"
"2003-Q2","manufacturing","electronic products","professional, managers, executive and technicians","1.3"
"2003-Q2","manufacturing","electronic products","clerical, sales and services workers","-"
"2003-Q2","manufacturing","electronic products","production and transport operators, cleaners and labourers","1"
"2003-Q2","manufacturing","medical and precision instruments","total","1"
"2003-Q2","manufacturing","medical and precision instruments","professional, managers, executive and technicians","-"
"2003-Q2","manufacturing","medical and precision instruments","clerical, sales and services workers","-"
"2003-Q2","manufacturing","medical and precision instruments","production and transport operators, cleaners and labourers","-"
"2003-Q2","manufacturing","transport equipment","total","2.4"
"2003-Q2","manufacturing","transport equipment","professional, managers, executive and technicians","3"
"2003-Q2","manufacturing","transport equipment","clerical, sales and services workers","2.4"
"2003-Q2","manufacturing","transport equipment","production and transport operators, cleaners and labourers","2.3"
"2003-Q2","manufacturing","other manufacturing industries","total","2.2"
"2003-Q2","manufacturing","other manufacturing industries","professional, managers, executive and technicians","-"
"2003-Q2","manufacturing","other manufacturing industries","clerical, sales and services workers","-"
"2003-Q2","manufacturing","other manufacturing industries","production and transport operators, cleaners and labourers","2.8"
"2003-Q2","construction","construction","total","0.6"
"2003-Q2","construction","construction","professional, managers, executive and technicians","0.7"
"2003-Q2","construction","construction","clerical, sales and services workers","-"
"2003-Q2","construction","construction","production and transport operators, cleaners and labourers","0.6"
"2003-Q2","services","wholesale and retail trade","total","1"
"2003-Q2","services","wholesale and retail trade","professional, managers, executive and technicians","0.8"
"2003-Q2","services","wholesale and retail trade","clerical, sales and services workers","1.2"
"2003-Q2","services","wholesale and retail trade","production and transport operators, cleaners and labourers","0.8"
"2003-Q2","services","transport and storage","total","1.7"
"2003-Q2","services","transport and storage","professional, managers, executive and technicians","0.5"
"2003-Q2","services","transport and storage","clerical, sales and services workers","1.3"
"2003-Q2","services","transport and storage","production and transport operators, cleaners and labourers","2.8"
"2003-Q2","services","hotels and restaurants","total","1.2"
"2003-Q2","services","hotels and restaurants","professional, managers, executive and technicians","1"
"2003-Q2","services","hotels and restaurants","clerical, sales and services workers","1.5"
"2003-Q2","services","hotels and restaurants","production and transport operators, cleaners and labourers","0.8"
"2003-Q2","services","information and communications","total","1.6"
"2003-Q2","services","information and communications","professional, managers, executive and technicians","1.9"
"2003-Q2","services","information and communications","clerical, sales and services workers","-"
"2003-Q2","services","information and communications","production and transport operators, cleaners and labourers","-"
"2003-Q2","services","financial services","total","1.1"
"2003-Q2","services","financial services","professional, managers, executive and technicians","1.3"
"2003-Q2","services","financial services","clerical, sales and services workers","0.7"
"2003-Q2","services","financial services","production and transport operators, cleaners and labourers","-"
"2003-Q2","services","real estate and leasing services","total","0.6"
"2003-Q2","services","real estate and leasing services","professional, managers, executive and technicians","1"
"2003-Q2","services","real estate and leasing services","clerical, sales and services workers","-"
"2003-Q2","services","real estate and leasing services","production and transport operators, cleaners and labourers","0.5"
"2003-Q2","services","professional services","total","0.6"
"2003-Q2","services","professional services","professional, managers, executive and technicians","0.6"
"2003-Q2","services","professional services","clerical, sales and services workers","0.6"
"2003-Q2","services","professional services","production and transport operators, cleaners and labourers","-"
"2003-Q2","services","administrative and support services","total","0.7"
"2003-Q2","services","administrative and support services","professional, managers, executive and technicians","1.4"
"2003-Q2","services","administrative and support services","clerical, sales and services workers","0.4"
"2003-Q2","services","administrative and support services","production and transport operators, cleaners and labourers","0.8"
"2003-Q2","services","community, social and personal services","total","1.4"
"2003-Q2","services","community, social and personal services","professional, managers, executive and technicians","1.2"
"2003-Q2","services","community, social and personal services","clerical, sales and services workers","1.8"
"2003-Q2","services","community, social and personal services","production and transport operators, cleaners and labourers","1.2"
"2003-Q2","others","others","total","2.4"
"2003-Q2","others","others","professional, managers, executive and technicians","5.6"
"2003-Q2","others","others","clerical, sales and services workers","-"
"2003-Q2","others","others","production and transport operators, cleaners and labourers","1.2"
"2003-Q3","total","total","total","1.3"
"2003-Q3","total","total","professional, managers, executive and technicians","1"
"2003-Q3","total","total","clerical, sales and services workers","1.5"
"2003-Q3","total","total","production and transport operators, cleaners and labourers","1.3"
"2003-Q3","manufacturing","food, beverages and tobacco","total","1.1"
"2003-Q3","manufacturing","food, beverages and tobacco","professional, managers, executive and technicians","-"
"2003-Q3","manufacturing","food, beverages and tobacco","clerical, sales and services workers","-"
"2003-Q3","manufacturing","food, beverages and tobacco","production and transport operators, cleaners and labourers","1.2"
"2003-Q3","manufacturing","paper products and printing","total","0.7"
"2003-Q3","manufacturing","paper products and printing","professional, managers, executive and technicians","-"
"2003-Q3","manufacturing","paper products and printing","clerical, sales and services workers","-"
"2003-Q3","manufacturing","paper products and printing","production and transport operators, cleaners and labourers","0.9"
"2003-Q3","manufacturing","petroleum, chemical and pharmaceutical products","total","0.6"
"2003-Q3","manufacturing","petroleum, chemical and pharmaceutical products","professional, managers, executive and technicians","0.5"
"2003-Q3","manufacturing","petroleum, chemical and pharmaceutical products","clerical, sales and services workers","-"
"2003-Q3","manufacturing","petroleum, chemical and pharmaceutical products","production and transport operators, cleaners and labourers","0.7"
"2003-Q3","manufacturing","rubber and plastic products","total","2.3"
"2003-Q3","manufacturing","rubber and plastic products","professional, managers, executive and technicians","2.2"
"2003-Q3","manufacturing","rubber and plastic products","clerical, sales and services workers","-"
"2003-Q3","manufacturing","rubber and plastic products","production and transport operators, cleaners and labourers","2.4"
"2003-Q3","manufacturing","fabricated metal products","total","1.4"
"2003-Q3","manufacturing","fabricated metal products","professional, managers, executive and technicians","1"
"2003-Q3","manufacturing","fabricated metal products","clerical, sales and services workers","-"
"2003-Q3","manufacturing","fabricated metal products","production and transport operators, cleaners and labourers","1.7"
"2003-Q3","manufacturing","machinery and equipment","total","0.9"
"2003-Q3","manufacturing","machinery and equipment","professional, managers, executive and technicians","1.1"
"2003-Q3","manufacturing","machinery and equipment","clerical, sales and services workers","-"
"2003-Q3","manufacturing","machinery and equipment","production and transport operators, cleaners and labourers","0.9"
"2003-Q3","manufacturing","electrical products","total","-"
"2003-Q3","manufacturing","electrical products","professional, managers, executive and technicians","-"
"2003-Q3","manufacturing","electrical products","clerical, sales and services workers","-"
"2003-Q3","manufacturing","electrical products","production and transport operators, cleaners and labourers","-"
"2003-Q3","manufacturing","electronic products","total","1.3"
"2003-Q3","manufacturing","electronic products","professional, managers, executive and technicians","1.5"
"2003-Q3","manufacturing","electronic products","clerical, sales and services workers","-"
"2003-Q3","manufacturing","electronic products","production and transport operators, cleaners and labourers","1.2"
"2003-Q3","manufacturing","medical and precision instruments","total","1.8"
"2003-Q3","manufacturing","medical and precision instruments","professional, managers, executive and technicians","1.6"
"2003-Q3","manufacturing","medical and precision instruments","clerical, sales and services workers","-"
"2003-Q3","manufacturing","medical and precision instruments","production and transport operators, cleaners and labourers","2.1"
"2003-Q3","manufacturing","transport equipment","total","1.8"
"2003-Q3","manufacturing","transport equipment","professional, managers, executive and technicians","1.5"
"2003-Q3","manufacturing","transport equipment","clerical, sales and services workers","-"
"2003-Q3","manufacturing","transport equipment","production and transport operators, cleaners and labourers","2.1"
"2003-Q3","manufacturing","other manufacturing industries","total","2.3"
"2003-Q3","manufacturing","other manufacturing industries","professional, managers, executive and technicians","-"
"2003-Q3","manufacturing","other manufacturing industries","clerical, sales and services workers","-"
"2003-Q3","manufacturing","other manufacturing industries","production and transport operators, cleaners and labourers","3"
"2003-Q3","construction","construction","total","0.4"
"2003-Q3","construction","construction","professional, managers, executive and technicians","0.6"
"2003-Q3","construction","construction","clerical, sales and services workers","-"
"2003-Q3","construction","construction","production and transport operators, cleaners and labourers","0.4"
"2003-Q3","services","wholesale and retail trade","total","0.9"
"2003-Q3","services","wholesale and retail trade","professional, managers, executive and technicians","0.6"
"2003-Q3","services","wholesale and retail trade","clerical, sales and services workers","1.4"
"2003-Q3","services","wholesale and retail trade","production and transport operators, cleaners and labourers","0.5"
"2003-Q3","services","transport and storage","total","1.4"
"2003-Q3","services","transport and storage","professional, managers, executive and technicians","0.4"
"2003-Q3","services","transport and storage","clerical, sales and services workers","0.8"
"2003-Q3","services","transport and storage","production and transport operators, cleaners and labourers","2.5"
"2003-Q3","services","hotels and restaurants","total","2.6"
"2003-Q3","services","hotels and restaurants","professional, managers, executive and technicians","1.1"
"2003-Q3","services","hotels and restaurants","clerical, sales and services workers","3.2"
"2003-Q3","services","hotels and restaurants","production and transport operators, cleaners and labourers","2.2"
"2003-Q3","services","information and communications","total","1.2"
"2003-Q3","services","information and communications","professional, managers, executive and technicians","1.2"
"2003-Q3","services","information and communications","clerical, sales and services workers","1.3"
"2003-Q3","services","information and communications","production and transport operators, cleaners and labourers","-"
"2003-Q3","services","financial services","total","0.8"
"2003-Q3","services","financial services","professional, managers, executive and technicians","1"
"2003-Q3","services","financial services","clerical, sales and services workers","0.5"
"2003-Q3","services","financial services","production and transport operators, cleaners and labourers","-"
"2003-Q3","services","real estate and leasing services","total","1"
"2003-Q3","services","real estate and leasing services","professional, managers, executive and technicians","0.8"
"2003-Q3","services","real estate and leasing services","clerical, sales and services workers","1.2"
"2003-Q3","services","real estate and leasing services","production and transport operators, cleaners and labourers","1"
"2003-Q3","services","professional services","total","0.9"
"2003-Q3","services","professional services","professional, managers, executive and technicians","0.9"
"2003-Q3","services","professional services","clerical, sales and services workers","0.8"
"2003-Q3","services","professional services","production and transport operators, cleaners and labourers","1.3"
"2003-Q3","services","administrative and support services","total","2.1"
"2003-Q3","services","administrative and support services","professional, managers, executive and technicians","2"
"2003-Q3","services","administrative and support services","clerical, sales and services workers","2.4"
"2003-Q3","services","administrative and support services","production and transport operators, cleaners and labourers","1.6"
"2003-Q3","services","community, social and personal services","total","1.5"
"2003-Q3","services","community, social and personal services","professional, managers, executive and technicians","1.1"
"2003-Q3","services","community, social and personal services","clerical, sales and services workers","2.3"
"2003-Q3","services","community, social and personal services","production and transport operators, cleaners and labourers","1.3"
"2003-Q3","others","others","total","2.7"
"2003-Q3","others","others","professional, managers, executive and technicians","4.1"
"2003-Q3","others","others","clerical, sales and services workers","-"
"2003-Q3","others","others","production and transport operators, cleaners and labourers","2.4"
"2003-Q4","total","total","total","1.3"
"2003-Q4","total","total","professional, managers, executive and technicians","1.2"
"2003-Q4","total","total","clerical, sales and services workers","1.6"
"2003-Q4","total","total","production and transport operators, cleaners and labourers","1.1"
"2003-Q4","manufacturing","food, beverages and tobacco","total","1.8"
"2003-Q4","manufacturing","food, beverages and tobacco","professional, managers, executive and technicians","-"
"2003-Q4","manufacturing","food, beverages and tobacco","clerical, sales and services workers","1.7"
"2003-Q4","manufacturing","food, beverages and tobacco","production and transport operators, cleaners and labourers","2.1"
"2003-Q4","manufacturing","paper products and printing","total","0.6"
"2003-Q4","manufacturing","paper products and printing","professional, managers, executive and technicians","-"
"2003-Q4","manufacturing","paper products and printing","clerical, sales and services workers","-"
"2003-Q4","manufacturing","paper products and printing","production and transport operators, cleaners and labourers","0.6"
"2003-Q4","manufacturing","petroleum, chemical and pharmaceutical products","total","0.8"
"2003-Q4","manufacturing","petroleum, chemical and pharmaceutical products","professional, managers, executive and technicians","0.6"
"2003-Q4","manufacturing","petroleum, chemical and pharmaceutical products","clerical, sales and services workers","-"
"2003-Q4","manufacturing","petroleum, chemical and pharmaceutical products","production and transport operators, cleaners and labourers","0.9"
"2003-Q4","manufacturing","rubber and plastic products","total","1.9"
"2003-Q4","manufacturing","rubber and plastic products","professional, managers, executive and technicians","3.1"
"2003-Q4","manufacturing","rubber and plastic products","clerical, sales and services workers","-"
"2003-Q4","manufacturing","rubber and plastic products","production and transport operators, cleaners and labourers","1.8"
"2003-Q4","manufacturing","fabricated metal products","total","1.1"
"2003-Q4","manufacturing","fabricated metal products","professional, managers, executive and technicians","1.1"
"2003-Q4","manufacturing","fabricated metal products","clerical, sales and services workers","-"
"2003-Q4","manufacturing","fabricated metal products","production and transport operators, cleaners and labourers","1.1"
"2003-Q4","manufacturing","machinery and equipment","total","1.5"
"2003-Q4","manufacturing","machinery and equipment","professional, managers, executive and technicians","2.3"
"2003-Q4","manufacturing","machinery and equipment","clerical, sales and services workers","1.5"
"2003-Q4","manufacturing","machinery and equipment","production and transport operators, cleaners and labourers","1.1"
"2003-Q4","manufacturing","electrical products","total","-"
"2003-Q4","manufacturing","electrical products","professional, managers, executive and technicians","-"
"2003-Q4","manufacturing","electrical products","clerical, sales and services workers","-"
"2003-Q4","manufacturing","electrical products","production and transport operators, cleaners and labourers","-"
"2003-Q4","manufacturing","electronic products","total","1.4"
"2003-Q4","manufacturing","electronic products","professional, managers, executive and technicians","1.7"
"2003-Q4","manufacturing","electronic products","clerical, sales and services workers","1.6"
"2003-Q4","manufacturing","electronic products","production and transport operators, cleaners and labourers","1.2"
"2003-Q4","manufacturing","medical and precision instruments","total","1.8"
"2003-Q4","manufacturing","medical and precision instruments","professional, managers, executive and technicians","1.6"
"2003-Q4","manufacturing","medical and precision instruments","clerical, sales and services workers","-"
"2003-Q4","manufacturing","medical and precision instruments","production and transport operators, cleaners and labourers","2"
"2003-Q4","manufacturing","transport equipment","total","0.7"
"2003-Q4","manufacturing","transport equipment","professional, managers, executive and technicians","0.7"
"2003-Q4","manufacturing","transport equipment","clerical, sales and services workers","-"
"2003-Q4","manufacturing","transport equipment","production and transport operators, cleaners and labourers","0.8"
"2003-Q4","manufacturing","other manufacturing industries","total","3.1"
"2003-Q4","manufacturing","other manufacturing industries","professional, managers, executive and technicians","-"
"2003-Q4","manufacturing","other manufacturing industries","clerical, sales and services workers","-"
"2003-Q4","manufacturing","other manufacturing industries","production and transport operators, cleaners and labourers","3.9"
"2003-Q4","construction","construction","total","0.3"
"2003-Q4","construction","construction","professional, managers, executive and technicians","1"
"2003-Q4","construction","construction","clerical, sales and services workers","0.5"
"2003-Q4","construction","construction","production and transport operators, cleaners and labourers","0.2"
"2003-Q4","services","wholesale and retail trade","total","0.6"
"2003-Q4","services","wholesale and retail trade","professional, managers, executive and technicians","0.8"
"2003-Q4","services","wholesale and retail trade","clerical, sales and services workers","0.6"
"2003-Q4","services","wholesale and retail trade","production and transport operators, cleaners and labourers","0.3"
"2003-Q4","services","transport and storage","total","2.7"
"2003-Q4","services","transport and storage","professional, managers, executive and technicians","1.2"
"2003-Q4","services","transport and storage","clerical, sales and services workers","3.8"
"2003-Q4","services","transport and storage","production and transport operators, cleaners and labourers","2.5"
"2003-Q4","services","hotels and restaurants","total","2.2"
"2003-Q4","services","hotels and restaurants","professional, managers, executive and technicians","2.1"
"2003-Q4","services","hotels and restaurants","clerical, sales and services workers","2.5"
"2003-Q4","services","hotels and restaurants","production and transport operators, cleaners and labourers","1.5"
"2003-Q4","services","information and communications","total","1.4"
"2003-Q4","services","information and communications","professional, managers, executive and technicians","1.6"
"2003-Q4","services","information and communications","clerical, sales and services workers","-"
"2003-Q4","services","information and communications","production and transport operators, cleaners and labourers","-"
"2003-Q4","services","financial services","total","0.8"
"2003-Q4","services","financial services","professional, managers, executive and technicians","0.9"
"2003-Q4","services","financial services","clerical, sales and services workers","0.7"
"2003-Q4","services","financial services","production and transport operators, cleaners and labourers","-"
"2003-Q4","services","real estate and leasing services","total","0.7"
"2003-Q4","services","real estate and leasing services","professional, managers, executive and technicians","0.9"
"2003-Q4","services","real estate and leasing services","clerical, sales and services workers","1.3"
"2003-Q4","services","real estate and leasing services","production and transport operators, cleaners and labourers","0.5"
"2003-Q4","services","professional services","total","1"
"2003-Q4","services","professional services","professional, managers, executive and technicians","0.7"
"2003-Q4","services","professional services","clerical, sales and services workers","0.7"
"2003-Q4","services","professional services","production and transport operators, cleaners and labourers","3.1"
"2003-Q4","services","administrative and support services","total","1.6"
"2003-Q4","services","administrative and support services","professional, managers, executive and technicians","1.3"
"2003-Q4","services","administrative and support services","clerical, sales and services workers","2.6"
"2003-Q4","services","administrative and support services","production and transport operators, cleaners and labourers","-"
"2003-Q4","services","community, social and personal services","total","1.6"
"2003-Q4","services","community, social and personal services","professional, managers, executive and technicians","1.5"
"2003-Q4","services","community, social and personal services","clerical, sales and services workers","1.8"
"2003-Q4","services","community, social and personal services","production and transport operators, cleaners and labourers","1.8"
"2003-Q4","others","others","total","2.3"
"2003-Q4","others","others","professional, managers, executive and technicians","4"
"2003-Q4","others","others","clerical, sales and services workers","-"
"2003-Q4","others","others","production and transport operators, cleaners and labourers","1.4"
"2004-Q1","total","total","total","1.5"
"2004-Q1","total","total","professional, managers, executive and technicians","1.4"
"2004-Q1","total","total","clerical, sales and services workers","1.7"
"2004-Q1","total","total","production and transport operators, cleaners and labourers","1.5"
"2004-Q1","manufacturing","food, beverages and tobacco","total","2"
"2004-Q1","manufacturing","food, beverages and tobacco","professional, managers, executive and technicians","-"
"2004-Q1","manufacturing","food, beverages and tobacco","clerical, sales and services workers","2.1"
"2004-Q1","manufacturing","food, beverages and tobacco","production and transport operators, cleaners and labourers","2"
"2004-Q1","manufacturing","paper products and printing","total","1.4"
"2004-Q1","manufacturing","paper products and printing","professional, managers, executive and technicians","-"
"2004-Q1","manufacturing","paper products and printing","clerical, sales and services workers","-"
"2004-Q1","manufacturing","paper products and printing","production and transport operators, cleaners and labourers","1.6"
"2004-Q1","manufacturing","petroleum, chemical and pharmaceutical products","total","1.4"
"2004-Q1","manufacturing","petroleum, chemical and pharmaceutical products","professional, managers, executive and technicians","1.6"
"2004-Q1","manufacturing","petroleum, chemical and pharmaceutical products","clerical, sales and services workers","-"
"2004-Q1","manufacturing","petroleum, chemical and pharmaceutical products","production and transport operators, cleaners and labourers","1.6"
"2004-Q1","manufacturing","rubber and plastic products","total","2.9"
"2004-Q1","manufacturing","rubber and plastic products","professional, managers, executive and technicians","2.6"
"2004-Q1","manufacturing","rubber and plastic products","clerical, sales and services workers","-"
"2004-Q1","manufacturing","rubber and plastic products","production and transport operators, cleaners and labourers","3.1"
"2004-Q1","manufacturing","fabricated metal products","total","1.4"
"2004-Q1","manufacturing","fabricated metal products","professional, managers, executive and technicians","1.1"
"2004-Q1","manufacturing","fabricated metal products","clerical, sales and services workers","-"
"2004-Q1","manufacturing","fabricated metal products","production and transport operators, cleaners and labourers","1.6"
"2004-Q1","manufacturing","machinery and equipment","total","2.5"
"2004-Q1","manufacturing","machinery and equipment","professional, managers, executive and technicians","3.1"
"2004-Q1","manufacturing","machinery and equipment","clerical, sales and services workers","1.6"
"2004-Q1","manufacturing","machinery and equipment","production and transport operators, cleaners and labourers","2.4"
"2004-Q1","manufacturing","electrical products","total","1.1"
"2004-Q1","manufacturing","electrical products","professional, managers, executive and technicians","-"
"2004-Q1","manufacturing","electrical products","clerical, sales and services workers","-"
"2004-Q1","manufacturing","electrical products","production and transport operators, cleaners and labourers","1.1"
"2004-Q1","manufacturing","electronic products","total","1.7"
"2004-Q1","manufacturing","electronic products","professional, managers, executive and technicians","1.8"
"2004-Q1","manufacturing","electronic products","clerical, sales and services workers","1.1"
"2004-Q1","manufacturing","electronic products","production and transport operators, cleaners and labourers","1.6"
"2004-Q1","manufacturing","medical and precision instruments","total","1.4"
"2004-Q1","manufacturing","medical and precision instruments","professional, managers, executive and technicians","-"
"2004-Q1","manufacturing","medical and precision instruments","clerical, sales and services workers","-"
"2004-Q1","manufacturing","medical and precision instruments","production and transport operators, cleaners and labourers","1.4"
"2004-Q1","manufacturing","transport equipment","total","2.6"
"2004-Q1","manufacturing","transport equipment","professional, managers, executive and technicians","2.4"
"2004-Q1","manufacturing","transport equipment","clerical, sales and services workers","1.7"
"2004-Q1","manufacturing","transport equipment","production and transport operators, cleaners and labourers","2.8"
"2004-Q1","manufacturing","other manufacturing industries","total","1.8"
"2004-Q1","manufacturing","other manufacturing industries","professional, managers, executive and technicians","-"
"2004-Q1","manufacturing","other manufacturing industries","clerical, sales and services workers","-"
"2004-Q1","manufacturing","other manufacturing industries","production and transport operators, cleaners and labourers","2.3"
"2004-Q1","construction","construction","total","0.3"
"2004-Q1","construction","construction","professional, managers, executive and technicians","0.7"
"2004-Q1","construction","construction","clerical, sales and services workers","-"
"2004-Q1","construction","construction","production and transport operators, cleaners and labourers","0.1"
"2004-Q1","services","wholesale and retail trade","total","1.1"
"2004-Q1","services","wholesale and retail trade","professional, managers, executive and technicians","0.9"
"2004-Q1","services","wholesale and retail trade","clerical, sales and services workers","1.4"
"2004-Q1","services","wholesale and retail trade","production and transport operators, cleaners and labourers","0.8"
"2004-Q1","services","transport and storage","total","2.2"
"2004-Q1","services","transport and storage","professional, managers, executive and technicians","1.1"
"2004-Q1","services","transport and storage","clerical, sales and services workers","2.5"
"2004-Q1","services","transport and storage","production and transport operators, cleaners and labourers","2.6"
"2004-Q1","services","hotels and restaurants","total","1.6"
"2004-Q1","services","hotels and restaurants","professional, managers, executive and technicians","1.3"
"2004-Q1","services","hotels and restaurants","clerical, sales and services workers","1.8"
"2004-Q1","services","hotels and restaurants","production and transport operators, cleaners and labourers","1.3"
"2004-Q1","services","information and communications","total","1.7"
"2004-Q1","services","information and communications","professional, managers, executive and technicians","1.9"
"2004-Q1","services","information and communications","clerical, sales and services workers","0.9"
"2004-Q1","services","information and communications","production and transport operators, cleaners and labourers","-"
"2004-Q1","services","financial services","total","0.9"
"2004-Q1","services","financial services","professional, managers, executive and technicians","1"
"2004-Q1","services","financial services","clerical, sales and services workers","0.5"
"2004-Q1","services","financial services","production and transport operators, cleaners and labourers","1.8"
"2004-Q1","services","real estate and leasing services","total","1.3"
"2004-Q1","services","real estate and leasing services","professional, managers, executive and technicians","1"
"2004-Q1","services","real estate and leasing services","clerical, sales and services workers","2.2"
"2004-Q1","services","real estate and leasing services","production and transport operators, cleaners and labourers","1.1"
"2004-Q1","services","professional services","total","1"
"2004-Q1","services","professional services","professional, managers, executive and technicians","1"
"2004-Q1","services","professional services","clerical, sales and services workers","1.1"
"2004-Q1","services","professional services","production and transport operators, cleaners and labourers","1.2"
"2004-Q1","services","administrative and support services","total","1.7"
"2004-Q1","services","administrative and support services","professional, managers, executive and technicians","2.7"
"2004-Q1","services","administrative and support services","clerical, sales and services workers","2.2"
"2004-Q1","services","administrative and support services","production and transport operators, cleaners and labourers","0.6"
"2004-Q1","services","community, social and personal services","total","1.8"
"2004-Q1","services","community, social and personal services","professional, managers, executive and technicians","1.1"
"2004-Q1","services","community, social and personal services","clerical, sales and services workers","2.8"
"2004-Q1","services","community, social and personal services","production and transport operators, cleaners and labourers","2.4"
"2004-Q1","others","others","total","2.6"
"2004-Q1","others","others","professional, managers, executive and technicians","4.5"
"2004-Q1","others","others","clerical, sales and services workers","-"
"2004-Q1","others","others","production and transport operators, cleaners and labourers","1.8"
"2004-Q2","total","total","total","1.5"
"2004-Q2","total","total","professional, managers, executive and technicians","1.5"
"2004-Q2","total","total","clerical, sales and services workers","1.5"
"2004-Q2","total","total","production and transport operators, cleaners and labourers","1.5"
"2004-Q2","manufacturing","food, beverages and tobacco","total","1.2"
"2004-Q2","manufacturing","food, beverages and tobacco","professional, managers, executive and technicians","-"
"2004-Q2","manufacturing","food, beverages and tobacco","clerical, sales and services workers","1.7"
"2004-Q2","manufacturing","food, beverages and tobacco","production and transport operators, cleaners and labourers","0.9"
"2004-Q2","manufacturing","paper products and printing","total","1.4"
"2004-Q2","manufacturing","paper products and printing","professional, managers, executive and technicians","-"
"2004-Q2","manufacturing","paper products and printing","clerical, sales and services workers","-"
"2004-Q2","manufacturing","paper products and printing","production and transport operators, cleaners and labourers","1.5"
"2004-Q2","manufacturing","petroleum, chemical and pharmaceutical products","total","0.7"
"2004-Q2","manufacturing","petroleum, chemical and pharmaceutical products","professional, managers, executive and technicians","0.8"
"2004-Q2","manufacturing","petroleum, chemical and pharmaceutical products","clerical, sales and services workers","-"
"2004-Q2","manufacturing","petroleum, chemical and pharmaceutical products","production and transport operators, cleaners and labourers","0.6"
"2004-Q2","manufacturing","rubber and plastic products","total","2.5"
"2004-Q2","manufacturing","rubber and plastic products","professional, managers, executive and technicians","3.1"
"2004-Q2","manufacturing","rubber and plastic products","clerical, sales and services workers","4.1"
"2004-Q2","manufacturing","rubber and plastic products","production and transport operators, cleaners and labourers","2.1"
"2004-Q2","manufacturing","fabricated metal products","total","1.2"
"2004-Q2","manufacturing","fabricated metal products","professional, managers, executive and technicians","1.2"
"2004-Q2","manufacturing","fabricated metal products","clerical, sales and services workers","-"
"2004-Q2","manufacturing","fabricated metal products","production and transport operators, cleaners and labourers","1.2"
"2004-Q2","manufacturing","machinery and equipment","total","1.5"
"2004-Q2","manufacturing","machinery and equipment","professional, managers, executive and technicians","1.5"
"2004-Q2","manufacturing","machinery and equipment","clerical, sales and services workers","1.9"
"2004-Q2","manufacturing","machinery and equipment","production and transport operators, cleaners and labourers","1.4"
"2004-Q2","manufacturing","electrical products","total","0.7"
"2004-Q2","manufacturing","electrical products","professional, managers, executive and technicians","-"
"2004-Q2","manufacturing","electrical products","clerical, sales and services workers","-"
"2004-Q2","manufacturing","electrical products","production and transport operators, cleaners and labourers","-"
"2004-Q2","manufacturing","electronic products","total","1.6"
"2004-Q2","manufacturing","electronic products","professional, managers, executive and technicians","1.9"
"2004-Q2","manufacturing","electronic products","clerical, sales and services workers","1.7"
"2004-Q2","manufacturing","electronic products","production and transport operators, cleaners and labourers","1.3"
"2004-Q2","manufacturing","medical and precision instruments","total","2.2"
"2004-Q2","manufacturing","medical and precision instruments","professional, managers, executive and technicians","2.4"
"2004-Q2","manufacturing","medical and precision instruments","clerical, sales and services workers","-"
"2004-Q2","manufacturing","medical and precision instruments","production and transport operators, cleaners and labourers","2.2"
"2004-Q2","manufacturing","transport equipment","total","1.5"
"2004-Q2","manufacturing","transport equipment","professional, managers, executive and technicians","1.3"
"2004-Q2","manufacturing","transport equipment","clerical, sales and services workers","-"
"2004-Q2","manufacturing","transport equipment","production and transport operators, cleaners and labourers","1.7"
"2004-Q2","manufacturing","other manufacturing industries","total","1.6"
"2004-Q2","manufacturing","other manufacturing industries","professional, managers, executive and technicians","-"
"2004-Q2","manufacturing","other manufacturing industries","clerical, sales and services workers","-"
"2004-Q2","manufacturing","other manufacturing industries","production and transport operators, cleaners and labourers","1.9"
"2004-Q2","construction","construction","total","0.6"
"2004-Q2","construction","construction","professional, managers, executive and technicians","1.1"
"2004-Q2","construction","construction","clerical, sales and services workers","0.8"
"2004-Q2","construction","construction","production and transport operators, cleaners and labourers","0.5"
"2004-Q2","services","wholesale and retail trade","total","0.9"
"2004-Q2","services","wholesale and retail trade","professional, managers, executive and technicians","1.1"
"2004-Q2","services","wholesale and retail trade","clerical, sales and services workers","0.8"
"2004-Q2","services","wholesale and retail trade","production and transport operators, cleaners and labourers","0.8"
"2004-Q2","services","transport and storage","total","2.5"
"2004-Q2","services","transport and storage","professional, managers, executive and technicians","2.2"
"2004-Q2","services","transport and storage","clerical, sales and services workers","2.1"
"2004-Q2","services","transport and storage","production and transport operators, cleaners and labourers","3.1"
"2004-Q2","services","hotels and restaurants","total","3.6"
"2004-Q2","services","hotels and restaurants","professional, managers, executive and technicians","2.1"
"2004-Q2","services","hotels and restaurants","clerical, sales and services workers","2.4"
"2004-Q2","services","hotels and restaurants","production and transport operators, cleaners and labourers","7.4"
"2004-Q2","services","information and communications","total","1.5"
"2004-Q2","services","information and communications","professional, managers, executive and technicians","1.8"
"2004-Q2","services","information and communications","clerical, sales and services workers","-"
"2004-Q2","services","information and communications","production and transport operators, cleaners and labourers","-"
"2004-Q2","services","financial services","total","1"
"2004-Q2","services","financial services","professional, managers, executive and technicians","1.2"
"2004-Q2","services","financial services","clerical, sales and services workers","0.5"
"2004-Q2","services","financial services","production and transport operators, cleaners and labourers","-"
"2004-Q2","services","real estate and leasing services","total","0.9"
"2004-Q2","services","real estate and leasing services","professional, managers, executive and technicians","-"
"2004-Q2","services","real estate and leasing services","clerical, sales and services workers","2.3"
"2004-Q2","services","real estate and leasing services","production and transport operators, cleaners and labourers","0.7"
"2004-Q2","services","professional services","total","1.1"
"2004-Q2","services","professional services","professional, managers, executive and technicians","1.3"
"2004-Q2","services","professional services","clerical, sales and services workers","1.3"
"2004-Q2","services","professional services","production and transport operators, cleaners and labourers","-"
"2004-Q2","services","administrative and support services","total","2"
"2004-Q2","services","administrative and support services","professional, managers, executive and technicians","3.5"
"2004-Q2","services","administrative and support services","clerical, sales and services workers","2.1"
"2004-Q2","services","administrative and support services","production and transport operators, cleaners and labourers","1"
"2004-Q2","services","community, social and personal services","total","1.5"
"2004-Q2","services","community, social and personal services","professional, managers, executive and technicians","1.4"
"2004-Q2","services","community, social and personal services","clerical, sales and services workers","2.1"
"2004-Q2","services","community, social and personal services","production and transport operators, cleaners and labourers","0.9"
"2004-Q2","others","others","total","2.7"
"2004-Q2","others","others","professional, managers, executive and technicians","5.3"
"2004-Q2","others","others","clerical, sales and services workers","-"
"2004-Q2","others","others","production and transport operators, cleaners and labourers","1.5"
"2004-Q3","total","total","total","1.7"
"2004-Q3","total","total","professional, managers, executive and technicians","1.6"
"2004-Q3","total","total","clerical, sales and services workers","2"
"2004-Q3","total","total","production and transport operators, cleaners and labourers","1.7"
"2004-Q3","manufacturing","food, beverages and tobacco","total","1.5"
"2004-Q3","manufacturing","food, beverages and tobacco","professional, managers, executive and technicians","-"
"2004-Q3","manufacturing","food, beverages and tobacco","clerical, sales and services workers","1.7"
"2004-Q3","manufacturing","food, beverages and tobacco","production and transport operators, cleaners and labourers","1.5"
"2004-Q3","manufacturing","paper products and printing","total","1"
"2004-Q3","manufacturing","paper products and printing","professional, managers, executive and technicians","-"
"2004-Q3","manufacturing","paper products and printing","clerical, sales and services workers","-"
"2004-Q3","manufacturing","paper products and printing","production and transport operators, cleaners and labourers","1.1"
"2004-Q3","manufacturing","petroleum, chemical and pharmaceutical products","total","1.2"
"2004-Q3","manufacturing","petroleum, chemical and pharmaceutical products","professional, managers, executive and technicians","1.5"
"2004-Q3","manufacturing","petroleum, chemical and pharmaceutical products","clerical, sales and services workers","-"
"2004-Q3","manufacturing","petroleum, chemical and pharmaceutical products","production and transport operators, cleaners and labourers","1.1"
"2004-Q3","manufacturing","rubber and plastic products","total","1.8"
"2004-Q3","manufacturing","rubber and plastic products","professional, managers, executive and technicians","2.2"
"2004-Q3","manufacturing","rubber and plastic products","clerical, sales and services workers","-"
"2004-Q3","manufacturing","rubber and plastic products","production and transport operators, cleaners and labourers","1.8"
"2004-Q3","manufacturing","fabricated metal products","total","1.3"
"2004-Q3","manufacturing","fabricated metal products","professional, managers, executive and technicians","1.1"
"2004-Q3","manufacturing","fabricated metal products","clerical, sales and services workers","-"
"2004-Q3","manufacturing","fabricated metal products","production and transport operators, cleaners and labourers","1.5"
"2004-Q3","manufacturing","machinery and equipment","total","1.9"
"2004-Q3","manufacturing","machinery and equipment","professional, managers, executive and technicians","1.9"
"2004-Q3","manufacturing","machinery and equipment","clerical, sales and services workers","-"
"2004-Q3","manufacturing","machinery and equipment","production and transport operators, cleaners and labourers","2.1"
"2004-Q3","manufacturing","electrical products","total","-"
"2004-Q3","manufacturing","electrical products","professional, managers, executive and technicians","-"
"2004-Q3","manufacturing","electrical products","clerical, sales and services workers","-"
"2004-Q3","manufacturing","electrical products","production and transport operators, cleaners and labourers","-"
"2004-Q3","manufacturing","electronic products","total","1.6"
"2004-Q3","manufacturing","electronic products","professional, managers, executive and technicians","1.7"
"2004-Q3","manufacturing","electronic products","clerical, sales and services workers","1.7"
"2004-Q3","manufacturing","electronic products","production and transport operators, cleaners and labourers","1.5"
"2004-Q3","manufacturing","medical and precision instruments","total","2.2"
"2004-Q3","manufacturing","medical and precision instruments","professional, managers, executive and technicians","3.7"
"2004-Q3","manufacturing","medical and precision instruments","clerical, sales and services workers","-"
"2004-Q3","manufacturing","medical and precision instruments","production and transport operators, cleaners and labourers","1.6"
"2004-Q3","manufacturing","transport equipment","total","2.1"
"2004-Q3","manufacturing","transport equipment","professional, managers, executive and technicians","2.5"
"2004-Q3","manufacturing","transport equipment","clerical, sales and services workers","1.9"
"2004-Q3","manufacturing","transport equipment","production and transport operators, cleaners and labourers","2"
"2004-Q3","manufacturing","other manufacturing industries","total","2.2"
"2004-Q3","manufacturing","other manufacturing industries","professional, managers, executive and technicians","-"
"2004-Q3","manufacturing","other manufacturing industries","clerical, sales and services workers","-"
"2004-Q3","manufacturing","other manufacturing industries","production and transport operators, cleaners and labourers","2.7"
"2004-Q3","construction","construction","total","0.8"
"2004-Q3","construction","construction","professional, managers, executive and technicians","1.1"
"2004-Q3","construction","construction","clerical, sales and services workers","-"
"2004-Q3","construction","construction","production and transport operators, cleaners and labourers","0.8"
"2004-Q3","services","wholesale and retail trade","total","1.5"
"2004-Q3","services","wholesale and retail trade","professional, managers, executive and technicians","1"
"2004-Q3","services","wholesale and retail trade","clerical, sales and services workers","2.1"
"2004-Q3","services","wholesale and retail trade","production and transport operators, cleaners and labourers","1.2"
"2004-Q3","services","transport and storage","total","2.3"
"2004-Q3","services","transport and storage","professional, managers, executive and technicians","2.1"
"2004-Q3","services","transport and storage","clerical, sales and services workers","1.4"
"2004-Q3","services","transport and storage","production and transport operators, cleaners and labourers","3.3"
"2004-Q3","services","hotels and restaurants","total","2.9"
"2004-Q3","services","hotels and restaurants","professional, managers, executive and technicians","1.4"
"2004-Q3","services","hotels and restaurants","clerical, sales and services workers","2.7"
"2004-Q3","services","hotels and restaurants","production and transport operators, cleaners and labourers","4.3"
"2004-Q3","services","information and communications","total","1.9"
"2004-Q3","services","information and communications","professional, managers, executive and technicians","1.8"
"2004-Q3","services","information and communications","clerical, sales and services workers","2.6"
"2004-Q3","services","information and communications","production and transport operators, cleaners and labourers","-"
"2004-Q3","services","financial services","total","1.7"
"2004-Q3","services","financial services","professional, managers, executive and technicians","1.7"
"2004-Q3","services","financial services","clerical, sales and services workers","1.8"
"2004-Q3","services","financial services","production and transport operators, cleaners and labourers","-"
"2004-Q3","services","real estate and leasing services","total","1.7"
"2004-Q3","services","real estate and leasing services","professional, managers, executive and technicians","1.9"
"2004-Q3","services","real estate and leasing services","clerical, sales and services workers","2.5"
"2004-Q3","services","real estate and leasing services","production and transport operators, cleaners and labourers","1.4"
"2004-Q3","services","professional services","total","1.7"
"2004-Q3","services","professional services","professional, managers, executive and technicians","2.1"
"2004-Q3","services","professional services","clerical, sales and services workers","0.7"
"2004-Q3","services","professional services","production and transport operators, cleaners and labourers","1.3"
"2004-Q3","services","administrative and support services","total","3"
"2004-Q3","services","administrative and support services","professional, managers, executive and technicians","2.1"
"2004-Q3","services","administrative and support services","clerical, sales and services workers","4.2"
"2004-Q3","services","administrative and support services","production and transport operators, cleaners and labourers","1.6"
"2004-Q3","services","community, social and personal services","total","1.8"
"2004-Q3","services","community, social and personal services","professional, managers, executive and technicians","1.4"
"2004-Q3","services","community, social and personal services","clerical, sales and services workers","2"
"2004-Q3","services","community, social and personal services","production and transport operators, cleaners and labourers","2.7"
"2004-Q3","others","others","total","2.1"
"2004-Q3","others","others","professional, managers, executive and technicians","3"
"2004-Q3","others","others","clerical, sales and services workers","-"
"2004-Q3","others","others","production and transport operators, cleaners and labourers","1.9"
"2004-Q4","total","total","total","1.5"
"2004-Q4","total","total","professional, managers, executive and technicians","1.5"
"2004-Q4","total","total","clerical, sales and services workers","1.7"
"2004-Q4","total","total","production and transport operators, cleaners and labourers","1.3"
"2004-Q4","manufacturing","food, beverages and tobacco","total","0.7"
"2004-Q4","manufacturing","food, beverages and tobacco","professional, managers, executive and technicians","-"
"2004-Q4","manufacturing","food, beverages and tobacco","clerical, sales and services workers","-"
"2004-Q4","manufacturing","food, beverages and tobacco","production and transport operators, cleaners and labourers","0.7"
"2004-Q4","manufacturing","paper products and printing","total","1.3"
"2004-Q4","manufacturing","paper products and printing","professional, managers, executive and technicians","-"
"2004-Q4","manufacturing","paper products and printing","clerical, sales and services workers","-"
"2004-Q4","manufacturing","paper products and printing","production and transport operators, cleaners and labourers","1.2"
"2004-Q4","manufacturing","petroleum, chemical and pharmaceutical products","total","1.1"
"2004-Q4","manufacturing","petroleum, chemical and pharmaceutical products","professional, managers, executive and technicians","1.1"
"2004-Q4","manufacturing","petroleum, chemical and pharmaceutical products","clerical, sales and services workers","-"
"2004-Q4","manufacturing","petroleum, chemical and pharmaceutical products","production and transport operators, cleaners and labourers","1.3"
"2004-Q4","manufacturing","rubber and plastic products","total","1.6"
"2004-Q4","manufacturing","rubber and plastic products","professional, managers, executive and technicians","2.5"
"2004-Q4","manufacturing","rubber and plastic products","clerical, sales and services workers","-"
"2004-Q4","manufacturing","rubber and plastic products","production and transport operators, cleaners and labourers","1.3"
"2004-Q4","manufacturing","fabricated metal products","total","1.7"
"2004-Q4","manufacturing","fabricated metal products","professional, managers, executive and technicians","-"
"2004-Q4","manufacturing","fabricated metal products","clerical, sales and services workers","2.9"
"2004-Q4","manufacturing","fabricated metal products","production and transport operators, cleaners and labourers","1.9"
"2004-Q4","manufacturing","machinery and equipment","total","1.9"
"2004-Q4","manufacturing","machinery and equipment","professional, managers, executive and technicians","2"
"2004-Q4","manufacturing","machinery and equipment","clerical, sales and services workers","-"
"2004-Q4","manufacturing","machinery and equipment","production and transport operators, cleaners and labourers","2"
"2004-Q4","manufacturing","electrical products","total","-"
"2004-Q4","manufacturing","electrical products","professional, managers, executive and technicians","-"
"2004-Q4","manufacturing","electrical products","clerical, sales and services workers","-"
"2004-Q4","manufacturing","electrical products","production and transport operators, cleaners and labourers","-"
"2004-Q4","manufacturing","electronic products","total","1.9"
"2004-Q4","manufacturing","electronic products","professional, managers, executive and technicians","1.9"
"2004-Q4","manufacturing","electronic products","clerical, sales and services workers","2.2"
"2004-Q4","manufacturing","electronic products","production and transport operators, cleaners and labourers","1.8"
"2004-Q4","manufacturing","medical and precision instruments","total","2.1"
"2004-Q4","manufacturing","medical and precision instruments","professional, managers, executive and technicians","2.6"
"2004-Q4","manufacturing","medical and precision instruments","clerical, sales and services workers","-"
"2004-Q4","manufacturing","medical and precision instruments","production and transport operators, cleaners and labourers","1.7"
"2004-Q4","manufacturing","transport equipment","total","1.4"
"2004-Q4","manufacturing","transport equipment","professional, managers, executive and technicians","2.2"
"2004-Q4","manufacturing","transport equipment","clerical, sales and services workers","-"
"2004-Q4","manufacturing","transport equipment","production and transport operators, cleaners and labourers","1.2"
"2004-Q4","manufacturing","other manufacturing industries","total","0.6"
"2004-Q4","manufacturing","other manufacturing industries","professional, managers, executive and technicians","-"
"2004-Q4","manufacturing","other manufacturing industries","clerical, sales and services workers","-"
"2004-Q4","manufacturing","other manufacturing industries","production and transport operators, cleaners and labourers","0.7"
"2004-Q4","construction","construction","total","0.3"
"2004-Q4","construction","construction","professional, managers, executive and technicians","0.5"
"2004-Q4","construction","construction","clerical, sales and services workers","-"
"2004-Q4","construction","construction","production and transport operators, cleaners and labourers","0.3"
"2004-Q4","services","wholesale and retail trade","total","1.1"
"2004-Q4","services","wholesale and retail trade","professional, managers, executive and technicians","0.9"
"2004-Q4","services","wholesale and retail trade","clerical, sales and services workers","1.4"
"2004-Q4","services","wholesale and retail trade","production and transport operators, cleaners and labourers","0.7"
"2004-Q4","services","transport and storage","total","2"
"2004-Q4","services","transport and storage","professional, managers, executive and technicians","1.6"
"2004-Q4","services","transport and storage","clerical, sales and services workers","1.8"
"2004-Q4","services","transport and storage","production and transport operators, cleaners and labourers","2.4"
"2004-Q4","services","hotels and restaurants","total","2"
"2004-Q4","services","hotels and restaurants","professional, managers, executive and technicians","1.5"
"2004-Q4","services","hotels and restaurants","clerical, sales and services workers","1.9"
"2004-Q4","services","hotels and restaurants","production and transport operators, cleaners and labourers","2.7"
"2004-Q4","services","information and communications","total","1.9"
"2004-Q4","services","information and communications","professional, managers, executive and technicians","1.9"
"2004-Q4","services","information and communications","clerical, sales and services workers","1.3"
"2004-Q4","services","information and communications","production and transport operators, cleaners and labourers","3.5"
"2004-Q4","services","financial services","total","1.4"
"2004-Q4","services","financial services","professional, managers, executive and technicians","1.5"
"2004-Q4","services","financial services","clerical, sales and services workers","1.1"
"2004-Q4","services","financial services","production and transport operators, cleaners and labourers","-"
"2004-Q4","services","real estate and leasing services","total","1.6"
"2004-Q4","services","real estate and leasing services","professional, managers, executive and technicians","0.7"
"2004-Q4","services","real estate and leasing services","clerical, sales and services workers","1.2"
"2004-Q4","services","real estate and leasing services","production and transport operators, cleaners and labourers","2.1"
"2004-Q4","services","professional services","total","2.4"
"2004-Q4","services","professional services","professional, managers, executive and technicians","2.2"
"2004-Q4","services","professional services","clerical, sales and services workers","4.2"
"2004-Q4","services","professional services","production and transport operators, cleaners and labourers","-"
"2004-Q4","services","administrative and support services","total","2.4"
"2004-Q4","services","administrative and support services","professional, managers, executive and technicians","1.7"
"2004-Q4","services","administrative and support services","clerical, sales and services workers","3.6"
"2004-Q4","services","administrative and support services","production and transport operators, cleaners and labourers","0.9"
"2004-Q4","services","community, social and personal services","total","1.6"
"2004-Q4","services","community, social and personal services","professional, managers, executive and technicians","1.3"
"2004-Q4","services","community, social and personal services","clerical, sales and services workers","1.8"
"2004-Q4","services","community, social and personal services","production and transport operators, cleaners and labourers","2"
"2004-Q4","others","others","total","2.2"
"2004-Q4","others","others","professional, managers, executive and technicians","3.2"
"2004-Q4","others","others","clerical, sales and services workers","-"
"2004-Q4","others","others","production and transport operators, cleaners and labourers","1.9"
"2005-Q1","total","total","total","1.6"
"2005-Q1","total","total","professional, managers, executive and technicians","1.6"
"2005-Q1","total","total","clerical, sales and services workers","2.1"
"2005-Q1","total","total","production and transport operators, cleaners and labourers","1.3"
"2005-Q1","manufacturing","food, beverages and tobacco","total","1"
"2005-Q1","manufacturing","food, beverages and tobacco","professional, managers, executive and technicians","-"
"2005-Q1","manufacturing","food, beverages and tobacco","clerical, sales and services workers","1.5"
"2005-Q1","manufacturing","food, beverages and tobacco","production and transport operators, cleaners and labourers","0.8"
"2005-Q1","manufacturing","paper products and printing","total","1.5"
"2005-Q1","manufacturing","paper products and printing","professional, managers, executive and technicians","-"
"2005-Q1","manufacturing","paper products and printing","clerical, sales and services workers","-"
"2005-Q1","manufacturing","paper products and printing","production and transport operators, cleaners and labourers","1.4"
"2005-Q1","manufacturing","petroleum, chemical and pharmaceutical products","total","1.1"
"2005-Q1","manufacturing","petroleum, chemical and pharmaceutical products","professional, managers, executive and technicians","1.1"
"2005-Q1","manufacturing","petroleum, chemical and pharmaceutical products","clerical, sales and services workers","-"
"2005-Q1","manufacturing","petroleum, chemical and pharmaceutical products","production and transport operators, cleaners and labourers","1.2"
"2005-Q1","manufacturing","rubber and plastic products","total","1.7"
"2005-Q1","manufacturing","rubber and plastic products","professional, managers, executive and technicians","2.9"
"2005-Q1","manufacturing","rubber and plastic products","clerical, sales and services workers","-"
"2005-Q1","manufacturing","rubber and plastic products","production and transport operators, cleaners and labourers","1.6"
"2005-Q1","manufacturing","fabricated metal products","total","1.4"
"2005-Q1","manufacturing","fabricated metal products","professional, managers, executive and technicians","1.7"
"2005-Q1","manufacturing","fabricated metal products","clerical, sales and services workers","-"
"2005-Q1","manufacturing","fabricated metal products","production and transport operators, cleaners and labourers","1.3"
"2005-Q1","manufacturing","machinery and equipment","total","2.2"
"2005-Q1","manufacturing","machinery and equipment","professional, managers, executive and technicians","2.6"
"2005-Q1","manufacturing","machinery and equipment","clerical, sales and services workers","3"
"2005-Q1","manufacturing","machinery and equipment","production and transport operators, cleaners and labourers","2"
"2005-Q1","manufacturing","electrical products","total","0.9"
"2005-Q1","manufacturing","electrical products","professional, managers, executive and technicians","-"
"2005-Q1","manufacturing","electrical products","clerical, sales and services workers","-"
"2005-Q1","manufacturing","electrical products","production and transport operators, cleaners and labourers","-"
"2005-Q1","manufacturing","electronic products","total","1.9"
"2005-Q1","manufacturing","electronic products","professional, managers, executive and technicians","2.6"
"2005-Q1","manufacturing","electronic products","clerical, sales and services workers","3"
"2005-Q1","manufacturing","electronic products","production and transport operators, cleaners and labourers","1.4"
"2005-Q1","manufacturing","medical and precision instruments","total","1.9"
"2005-Q1","manufacturing","medical and precision instruments","professional, managers, executive and technicians","2.2"
"2005-Q1","manufacturing","medical and precision instruments","clerical, sales and services workers","-"
"2005-Q1","manufacturing","medical and precision instruments","production and transport operators, cleaners and labourers","2"
"2005-Q1","manufacturing","transport equipment","total","1.8"
"2005-Q1","manufacturing","transport equipment","professional, managers, executive and technicians","3.5"
"2005-Q1","manufacturing","transport equipment","clerical, sales and services workers","1.6"
"2005-Q1","manufacturing","transport equipment","production and transport operators, cleaners and labourers","1.3"
"2005-Q1","manufacturing","other manufacturing industries","total","0.6"
"2005-Q1","manufacturing","other manufacturing industries","professional, managers, executive and technicians","-"
"2005-Q1","manufacturing","other manufacturing industries","clerical, sales and services workers","-"
"2005-Q1","manufacturing","other manufacturing industries","production and transport operators, cleaners and labourers","0.8"
"2005-Q1","construction","construction","total","0.4"
"2005-Q1","construction","construction","professional, managers, executive and technicians","1.1"
"2005-Q1","construction","construction","clerical, sales and services workers","-"
"2005-Q1","construction","construction","production and transport operators, cleaners and labourers","0.2"
"2005-Q1","services","wholesale and retail trade","total","1.3"
"2005-Q1","services","wholesale and retail trade","professional, managers, executive and technicians","1"
"2005-Q1","services","wholesale and retail trade","clerical, sales and services workers","1.7"
"2005-Q1","services","wholesale and retail trade","production and transport operators, cleaners and labourers","1.1"
"2005-Q1","services","transport and storage","total","2.1"
"2005-Q1","services","transport and storage","professional, managers, executive and technicians","1.8"
"2005-Q1","services","transport and storage","clerical, sales and services workers","1.9"
"2005-Q1","services","transport and storage","production and transport operators, cleaners and labourers","2.6"
"2005-Q1","services","hotels and restaurants","total","2.7"
"2005-Q1","services","hotels and restaurants","professional, managers, executive and technicians","1.6"
"2005-Q1","services","hotels and restaurants","clerical, sales and services workers","2.4"
"2005-Q1","services","hotels and restaurants","production and transport operators, cleaners and labourers","3.9"
"2005-Q1","services","information and communications","total","1.7"
"2005-Q1","services","information and communications","professional, managers, executive and technicians","1.9"
"2005-Q1","services","information and communications","clerical, sales and services workers","0.9"
"2005-Q1","services","information and communications","production and transport operators, cleaners and labourers","-"
"2005-Q1","services","financial services","total","1.2"
"2005-Q1","services","financial services","professional, managers, executive and technicians","1.4"
"2005-Q1","services","financial services","clerical, sales and services workers","0.9"
"2005-Q1","services","financial services","production and transport operators, cleaners and labourers","-"
"2005-Q1","services","real estate and leasing services","total","0.9"
"2005-Q1","services","real estate and leasing services","professional, managers, executive and technicians","1.1"
"2005-Q1","services","real estate and leasing services","clerical, sales and services workers","-"
"2005-Q1","services","real estate and leasing services","production and transport operators, cleaners and labourers","0.8"
"2005-Q1","services","professional services","total","2.1"
"2005-Q1","services","professional services","professional, managers, executive and technicians","2"
"2005-Q1","services","professional services","clerical, sales and services workers","3.2"
"2005-Q1","services","professional services","production and transport operators, cleaners and labourers","0.9"
"2005-Q1","services","administrative and support services","total","4.4"
"2005-Q1","services","administrative and support services","professional, managers, executive and technicians","-"
"2005-Q1","services","administrative and support services","clerical, sales and services workers","8.2"
"2005-Q1","services","administrative and support services","production and transport operators, cleaners and labourers","0.8"
"2005-Q1","services","community, social and personal services","total","1.6"
"2005-Q1","services","community, social and personal services","professional, managers, executive and technicians","1.2"
"2005-Q1","services","community, social and personal services","clerical, sales and services workers","1.7"
"2005-Q1","services","community, social and personal services","production and transport operators, cleaners and labourers","3.2"
"2005-Q1","others","others","total","1.8"
"2005-Q1","others","others","professional, managers, executive and technicians","-"
"2005-Q1","others","others","clerical, sales and services workers","-"
"2005-Q1","others","others","production and transport operators, cleaners and labourers","2.3"
"2005-Q2","total","total","total","1.8"
"2005-Q2","total","total","professional, managers, executive and technicians","1.8"
"2005-Q2","total","total","clerical, sales and services workers","2"
"2005-Q2","total","total","production and transport operators, cleaners and labourers","1.6"
"2005-Q2","manufacturing","food, beverages and tobacco","total","0.9"
"2005-Q2","manufacturing","food, beverages and tobacco","professional, managers, executive and technicians","-"
"2005-Q2","manufacturing","food, beverages and tobacco","clerical, sales and services workers","-"
"2005-Q2","manufacturing","food, beverages and tobacco","production and transport operators, cleaners and labourers","0.6"
"2005-Q2","manufacturing","paper products and printing","total","1.7"
"2005-Q2","manufacturing","paper products and printing","professional, managers, executive and technicians","-"
"2005-Q2","manufacturing","paper products and printing","clerical, sales and services workers","-"
"2005-Q2","manufacturing","paper products and printing","production and transport operators, cleaners and labourers","1.7"
"2005-Q2","manufacturing","petroleum, chemical and pharmaceutical products","total","0.7"
"2005-Q2","manufacturing","petroleum, chemical and pharmaceutical products","professional, managers, executive and technicians","-"
"2005-Q2","manufacturing","petroleum, chemical and pharmaceutical products","clerical, sales and services workers","-"
"2005-Q2","manufacturing","petroleum, chemical and pharmaceutical products","production and transport operators, cleaners and labourers","1.1"
"2005-Q2","manufacturing","rubber and plastic products","total","2.4"
"2005-Q2","manufacturing","rubber and plastic products","professional, managers, executive and technicians","3.6"
"2005-Q2","manufacturing","rubber and plastic products","clerical, sales and services workers","3.2"
"2005-Q2","manufacturing","rubber and plastic products","production and transport operators, cleaners and labourers","1.9"
"2005-Q2","manufacturing","fabricated metal products","total","1"
"2005-Q2","manufacturing","fabricated metal products","professional, managers, executive and technicians","1.2"
"2005-Q2","manufacturing","fabricated metal products","clerical, sales and services workers","-"
"2005-Q2","manufacturing","fabricated metal products","production and transport operators, cleaners and labourers","0.8"
"2005-Q2","manufacturing","machinery and equipment","total","1.6"
"2005-Q2","manufacturing","machinery and equipment","professional, managers, executive and technicians","1.6"
"2005-Q2","manufacturing","machinery and equipment","clerical, sales and services workers","-"
"2005-Q2","manufacturing","machinery and equipment","production and transport operators, cleaners and labourers","1.7"
"2005-Q2","manufacturing","electrical products","total","1.1"
"2005-Q2","manufacturing","electrical products","professional, managers, executive and technicians","-"
"2005-Q2","manufacturing","electrical products","clerical, sales and services workers","-"
"2005-Q2","manufacturing","electrical products","production and transport operators, cleaners and labourers","1.2"
"2005-Q2","manufacturing","electronic products","total","2.4"
"2005-Q2","manufacturing","electronic products","professional, managers, executive and technicians","3"
"2005-Q2","manufacturing","electronic products","clerical, sales and services workers","2.2"
"2005-Q2","manufacturing","electronic products","production and transport operators, cleaners and labourers","1.8"
"2005-Q2","manufacturing","medical and precision instruments","total","2.9"
"2005-Q2","manufacturing","medical and precision instruments","professional, managers, executive and technicians","3.5"
"2005-Q2","manufacturing","medical and precision instruments","clerical, sales and services workers","-"
"2005-Q2","manufacturing","medical and precision instruments","production and transport operators, cleaners and labourers","2.6"
"2005-Q2","manufacturing","transport equipment","total","2.9"
"2005-Q2","manufacturing","transport equipment","professional, managers, executive and technicians","3.8"
"2005-Q2","manufacturing","transport equipment","clerical, sales and services workers","1.4"
"2005-Q2","manufacturing","transport equipment","production and transport operators, cleaners and labourers","2.9"
"2005-Q2","manufacturing","other manufacturing industries","total","0.9"
"2005-Q2","manufacturing","other manufacturing industries","professional, managers, executive and technicians","-"
"2005-Q2","manufacturing","other manufacturing industries","clerical, sales and services workers","-"
"2005-Q2","manufacturing","other manufacturing industries","production and transport operators, cleaners and labourers","1.1"
"2005-Q2","construction","construction","total","0.5"
"2005-Q2","construction","construction","professional, managers, executive and technicians","1.2"
"2005-Q2","construction","construction","clerical, sales and services workers","-"
"2005-Q2","construction","construction","production and transport operators, cleaners and labourers","0.4"
"2005-Q2","services","wholesale and retail trade","total","1.4"
"2005-Q2","services","wholesale and retail trade","professional, managers, executive and technicians","1.1"
"2005-Q2","services","wholesale and retail trade","clerical, sales and services workers","1.9"
"2005-Q2","services","wholesale and retail trade","production and transport operators, cleaners and labourers","0.5"
"2005-Q2","services","transport and storage","total","2.4"
"2005-Q2","services","transport and storage","professional, managers, executive and technicians","2.7"
"2005-Q2","services","transport and storage","clerical, sales and services workers","1.7"
"2005-Q2","services","transport and storage","production and transport operators, cleaners and labourers","2.8"
"2005-Q2","services","hotels and restaurants","total","2.4"
"2005-Q2","services","hotels and restaurants","professional, managers, executive and technicians","1.6"
"2005-Q2","services","hotels and restaurants","clerical, sales and services workers","2"
"2005-Q2","services","hotels and restaurants","production and transport operators, cleaners and labourers","4"
"2005-Q2","services","information and communications","total","1.5"
"2005-Q2","services","information and communications","professional, managers, executive and technicians","1.6"
"2005-Q2","services","information and communications","clerical, sales and services workers","1.3"
"2005-Q2","services","information and communications","production and transport operators, cleaners and labourers","-"
"2005-Q2","services","financial services","total","1.1"
"2005-Q2","services","financial services","professional, managers, executive and technicians","1.2"
"2005-Q2","services","financial services","clerical, sales and services workers","0.9"
"2005-Q2","services","financial services","production and transport operators, cleaners and labourers","-"
"2005-Q2","services","real estate and leasing services","total","1.6"
"2005-Q2","services","real estate and leasing services","professional, managers, executive and technicians","2.2"
"2005-Q2","services","real estate and leasing services","clerical, sales and services workers","2.5"
"2005-Q2","services","real estate and leasing services","production and transport operators, cleaners and labourers","1"
"2005-Q2","services","professional services","total","1.9"
"2005-Q2","services","professional services","professional, managers, executive and technicians","2"
"2005-Q2","services","professional services","clerical, sales and services workers","2.2"
"2005-Q2","services","professional services","production and transport operators, cleaners and labourers","-"
"2005-Q2","services","administrative and support services","total","2.8"
"2005-Q2","services","administrative and support services","professional, managers, executive and technicians","1.3"
"2005-Q2","services","administrative and support services","clerical, sales and services workers","3.9"
"2005-Q2","services","administrative and support services","production and transport operators, cleaners and labourers","1.6"
"2005-Q2","services","community, social and personal services","total","2.4"
"2005-Q2","services","community, social and personal services","professional, managers, executive and technicians","1.6"
"2005-Q2","services","community, social and personal services","clerical, sales and services workers","3.4"
"2005-Q2","services","community, social and personal services","production and transport operators, cleaners and labourers","3.4"
"2005-Q2","others","others","total","2.2"
"2005-Q2","others","others","professional, managers, executive and technicians","2.7"
"2005-Q2","others","others","clerical, sales and services workers","-"
"2005-Q2","others","others","production and transport operators, cleaners and labourers","2.2"
"2005-Q3","total","total","total","1.7"
"2005-Q3","total","total","professional, managers, executive and technicians","1.8"
"2005-Q3","total","total","clerical, sales and services workers","2.1"
"2005-Q3","total","total","production and transport operators, cleaners and labourers","1.5"
"2005-Q3","manufacturing","food, beverages and tobacco","total","1.5"
"2005-Q3","manufacturing","food, beverages and tobacco","professional, managers, executive and technicians","2.1"
"2005-Q3","manufacturing","food, beverages and tobacco","clerical, sales and services workers","1.7"
"2005-Q3","manufacturing","food, beverages and tobacco","production and transport operators, cleaners and labourers","1.1"
"2005-Q3","manufacturing","paper products and printing","total","1.4"
"2005-Q3","manufacturing","paper products and printing","professional, managers, executive and technicians","-"
"2005-Q3","manufacturing","paper products and printing","clerical, sales and services workers","-"
"2005-Q3","manufacturing","paper products and printing","production and transport operators, cleaners and labourers","1.5"
"2005-Q3","manufacturing","petroleum, chemical and pharmaceutical products","total","0.9"
"2005-Q3","manufacturing","petroleum, chemical and pharmaceutical products","professional, managers, executive and technicians","0.9"
"2005-Q3","manufacturing","petroleum, chemical and pharmaceutical products","clerical, sales and services workers","-"
"2005-Q3","manufacturing","petroleum, chemical and pharmaceutical products","production and transport operators, cleaners and labourers","1"
"2005-Q3","manufacturing","rubber and plastic products","total","1.4"
"2005-Q3","manufacturing","rubber and plastic products","professional, managers, executive and technicians","1.7"
"2005-Q3","manufacturing","rubber and plastic products","clerical, sales and services workers","-"
"2005-Q3","manufacturing","rubber and plastic products","production and transport operators, cleaners and labourers","1.4"
"2005-Q3","manufacturing","fabricated metal products","total","1.6"
"2005-Q3","manufacturing","fabricated metal products","professional, managers, executive and technicians","1.7"
"2005-Q3","manufacturing","fabricated metal products","clerical, sales and services workers","-"
"2005-Q3","manufacturing","fabricated metal products","production and transport operators, cleaners and labourers","1.7"
"2005-Q3","manufacturing","machinery and equipment","total","1.7"
"2005-Q3","manufacturing","machinery and equipment","professional, managers, executive and technicians","2.4"
"2005-Q3","manufacturing","machinery and equipment","clerical, sales and services workers","-"
"2005-Q3","manufacturing","machinery and equipment","production and transport operators, cleaners and labourers","1.5"
"2005-Q3","manufacturing","electrical products","total","0.9"
"2005-Q3","manufacturing","electrical products","professional, managers, executive and technicians","-"
"2005-Q3","manufacturing","electrical products","clerical, sales and services workers","-"
"2005-Q3","manufacturing","electrical products","production and transport operators, cleaners and labourers","-"
"2005-Q3","manufacturing","electronic products","total","1.9"
"2005-Q3","manufacturing","electronic products","professional, managers, executive and technicians","2.8"
"2005-Q3","manufacturing","electronic products","clerical, sales and services workers","1.1"
"2005-Q3","manufacturing","electronic products","production and transport operators, cleaners and labourers","1.2"
"2005-Q3","manufacturing","medical and precision instruments","total","1.6"
"2005-Q3","manufacturing","medical and precision instruments","professional, managers, executive and technicians","2.1"
"2005-Q3","manufacturing","medical and precision instruments","clerical, sales and services workers","-"
"2005-Q3","manufacturing","medical and precision instruments","production and transport operators, cleaners and labourers","1.5"
"2005-Q3","manufacturing","transport equipment","total","2.1"
"2005-Q3","manufacturing","transport equipment","professional, managers, executive and technicians","3.3"
"2005-Q3","manufacturing","transport equipment","clerical, sales and services workers","1.2"
"2005-Q3","manufacturing","transport equipment","production and transport operators, cleaners and labourers","1.8"
"2005-Q3","manufacturing","other manufacturing industries","total","1.9"
"2005-Q3","manufacturing","other manufacturing industries","professional, managers, executive and technicians","-"
"2005-Q3","manufacturing","other manufacturing industries","clerical, sales and services workers","-"
"2005-Q3","manufacturing","other manufacturing industries","production and transport operators, cleaners and labourers","2.4"
"2005-Q3","construction","construction","total","0.6"
"2005-Q3","construction","construction","professional, managers, executive and technicians","1.3"
"2005-Q3","construction","construction","clerical, sales and services workers","-"
"2005-Q3","construction","construction","production and transport operators, cleaners and labourers","0.5"
"2005-Q3","services","wholesale and retail trade","total","1.6"
"2005-Q3","services","wholesale and retail trade","professional, managers, executive and technicians","1.5"
"2005-Q3","services","wholesale and retail trade","clerical, sales and services workers","2"
"2005-Q3","services","wholesale and retail trade","production and transport operators, cleaners and labourers","0.9"
"2005-Q3","services","transport and storage","total","2.2"
"2005-Q3","services","transport and storage","professional, managers, executive and technicians","1.7"
"2005-Q3","services","transport and storage","clerical, sales and services workers","1.6"
"2005-Q3","services","transport and storage","production and transport operators, cleaners and labourers","3"
"2005-Q3","services","hotels and restaurants","total","2.9"
"2005-Q3","services","hotels and restaurants","professional, managers, executive and technicians","1"
"2005-Q3","services","hotels and restaurants","clerical, sales and services workers","2.8"
"2005-Q3","services","hotels and restaurants","production and transport operators, cleaners and labourers","4.2"
"2005-Q3","services","information and communications","total","2"
"2005-Q3","services","information and communications","professional, managers, executive and technicians","2.1"
"2005-Q3","services","information and communications","clerical, sales and services workers","1.6"
"2005-Q3","services","information and communications","production and transport operators, cleaners and labourers","-"
"2005-Q3","services","financial services","total","1.5"
"2005-Q3","services","financial services","professional, managers, executive and technicians","1.4"
"2005-Q3","services","financial services","clerical, sales and services workers","2.1"
"2005-Q3","services","financial services","production and transport operators, cleaners and labourers","0.9"
"2005-Q3","services","real estate and leasing services","total","1.5"
"2005-Q3","services","real estate and leasing services","professional, managers, executive and technicians","1.2"
"2005-Q3","services","real estate and leasing services","clerical, sales and services workers","1.9"
"2005-Q3","services","real estate and leasing services","production and transport operators, cleaners and labourers","1.4"
"2005-Q3","services","professional services","total","1.8"
"2005-Q3","services","professional services","professional, managers, executive and technicians","2.1"
"2005-Q3","services","professional services","clerical, sales and services workers","1.2"
"2005-Q3","services","professional services","production and transport operators, cleaners and labourers","1.1"
"2005-Q3","services","administrative and support services","total","3.5"
"2005-Q3","services","administrative and support services","professional, managers, executive and technicians","1.9"
"2005-Q3","services","administrative and support services","clerical, sales and services workers","4.6"
"2005-Q3","services","administrative and support services","production and transport operators, cleaners and labourers","2.3"
"2005-Q3","services","community, social and personal services","total","1.7"
"2005-Q3","services","community, social and personal services","professional, managers, executive and technicians","1.6"
"2005-Q3","services","community, social and personal services","clerical, sales and services workers","2"
"2005-Q3","services","community, social and personal services","production and transport operators, cleaners and labourers","1.8"
"2005-Q3","others","others","total","2.6"
"2005-Q3","others","others","professional, managers, executive and technicians","2.7"
"2005-Q3","others","others","clerical, sales and services workers","-"
"2005-Q3","others","others","production and transport operators, cleaners and labourers","2.7"
"2005-Q4","total","total","total","1.7"
"2005-Q4","total","total","professional, managers, executive and technicians","2"
"2005-Q4","total","total","clerical, sales and services workers","2"
"2005-Q4","total","total","production and transport operators, cleaners and labourers","1.4"
"2005-Q4","manufacturing","food, beverages and tobacco","total","1.2"
"2005-Q4","manufacturing","food, beverages and tobacco","professional, managers, executive and technicians","1.9"
"2005-Q4","manufacturing","food, beverages and tobacco","clerical, sales and services workers","-"
"2005-Q4","manufacturing","food, beverages and tobacco","production and transport operators, cleaners and labourers","1.1"
"2005-Q4","manufacturing","paper products and printing","total","0.9"
"2005-Q4","manufacturing","paper products and printing","professional, managers, executive and technicians","-"
"2005-Q4","manufacturing","paper products and printing","clerical, sales and services workers","-"
"2005-Q4","manufacturing","paper products and printing","production and transport operators, cleaners and labourers","1"
"2005-Q4","manufacturing","petroleum, chemical and pharmaceutical products","total","1"
"2005-Q4","manufacturing","petroleum, chemical and pharmaceutical products","professional, managers, executive and technicians","1.2"
"2005-Q4","manufacturing","petroleum, chemical and pharmaceutical products","clerical, sales and services workers","-"
"2005-Q4","manufacturing","petroleum, chemical and pharmaceutical products","production and transport operators, cleaners and labourers","0.7"
"2005-Q4","manufacturing","rubber and plastic products","total","0.8"
"2005-Q4","manufacturing","rubber and plastic products","professional, managers, executive and technicians","-"
"2005-Q4","manufacturing","rubber and plastic products","clerical, sales and services workers","-"
"2005-Q4","manufacturing","rubber and plastic products","production and transport operators, cleaners and labourers","0.6"
"2005-Q4","manufacturing","fabricated metal products","total","1.7"
"2005-Q4","manufacturing","fabricated metal products","professional, managers, executive and technicians","1.6"
"2005-Q4","manufacturing","fabricated metal products","clerical, sales and services workers","3.1"
"2005-Q4","manufacturing","fabricated metal products","production and transport operators, cleaners and labourers","1.6"
"2005-Q4","manufacturing","machinery and equipment","total","2"
"2005-Q4","manufacturing","machinery and equipment","professional, managers, executive and technicians","2.8"
"2005-Q4","manufacturing","machinery and equipment","clerical, sales and services workers","2.6"
"2005-Q4","manufacturing","machinery and equipment","production and transport operators, cleaners and labourers","1.4"
"2005-Q4","manufacturing","electrical products","total","1.1"
"2005-Q4","manufacturing","electrical products","professional, managers, executive and technicians","-"
"2005-Q4","manufacturing","electrical products","clerical, sales and services workers","-"
"2005-Q4","manufacturing","electrical products","production and transport operators, cleaners and labourers","1.2"
"2005-Q4","manufacturing","electronic products","total","2.7"
"2005-Q4","manufacturing","electronic products","professional, managers, executive and technicians","3.9"
"2005-Q4","manufacturing","electronic products","clerical, sales and services workers","2.8"
"2005-Q4","manufacturing","electronic products","production and transport operators, cleaners and labourers","1.6"
"2005-Q4","manufacturing","medical and precision instruments","total","0.9"
"2005-Q4","manufacturing","medical and precision instruments","professional, managers, executive and technicians","-"
"2005-Q4","manufacturing","medical and precision instruments","clerical, sales and services workers","-"
"2005-Q4","manufacturing","medical and precision instruments","production and transport operators, cleaners and labourers","-"
"2005-Q4","manufacturing","transport equipment","total","2"
"2005-Q4","manufacturing","transport equipment","professional, managers, executive and technicians","2.8"
"2005-Q4","manufacturing","transport equipment","clerical, sales and services workers","1.6"
"2005-Q4","manufacturing","transport equipment","production and transport operators, cleaners and labourers","1.8"
"2005-Q4","manufacturing","other manufacturing industries","total","1.1"
"2005-Q4","manufacturing","other manufacturing industries","professional, managers, executive and technicians","-"
"2005-Q4","manufacturing","other manufacturing industries","clerical, sales and services workers","-"
"2005-Q4","manufacturing","other manufacturing industries","production and transport operators, cleaners and labourers","1"
"2005-Q4","construction","construction","total","0.8"
"2005-Q4","construction","construction","professional, managers, executive and technicians","1.5"
"2005-Q4","construction","construction","clerical, sales and services workers","0.7"
"2005-Q4","construction","construction","production and transport operators, cleaners and labourers","0.6"
"2005-Q4","services","wholesale and retail trade","total","1.2"
"2005-Q4","services","wholesale and retail trade","professional, managers, executive and technicians","1.3"
"2005-Q4","services","wholesale and retail trade","clerical, sales and services workers","1.4"
"2005-Q4","services","wholesale and retail trade","production and transport operators, cleaners and labourers","0.6"
"2005-Q4","services","transport and storage","total","2.2"
"2005-Q4","services","transport and storage","professional, managers, executive and technicians","2.7"
"2005-Q4","services","transport and storage","clerical, sales and services workers","1.8"
"2005-Q4","services","transport and storage","production and transport operators, cleaners and labourers","2.3"
"2005-Q4","services","hotels and restaurants","total","2.3"
"2005-Q4","services","hotels and restaurants","professional, managers, executive and technicians","2"
"2005-Q4","services","hotels and restaurants","clerical, sales and services workers","2"
"2005-Q4","services","hotels and restaurants","production and transport operators, cleaners and labourers","3.6"
"2005-Q4","services","information and communications","total","1.9"
"2005-Q4","services","information and communications","professional, managers, executive and technicians","1.8"
"2005-Q4","services","information and communications","clerical, sales and services workers","2.3"
"2005-Q4","services","information and communications","production and transport operators, cleaners and labourers","-"
"2005-Q4","services","financial services","total","2"
"2005-Q4","services","financial services","professional, managers, executive and technicians","2"
"2005-Q4","services","financial services","clerical, sales and services workers","2.3"
"2005-Q4","services","financial services","production and transport operators, cleaners and labourers","1.9"
"2005-Q4","services","real estate and leasing services","total","1.1"
"2005-Q4","services","real estate and leasing services","professional, managers, executive and technicians","1"
"2005-Q4","services","real estate and leasing services","clerical, sales and services workers","1.9"
"2005-Q4","services","real estate and leasing services","production and transport operators, cleaners and labourers","0.8"
"2005-Q4","services","professional services","total","2.2"
"2005-Q4","services","professional services","professional, managers, executive and technicians","2.3"
"2005-Q4","services","professional services","clerical, sales and services workers","1"
"2005-Q4","services","professional services","production and transport operators, cleaners and labourers","3.7"
"2005-Q4","services","administrative and support services","total","3.8"
"2005-Q4","services","administrative and support services","professional, managers, executive and technicians","1"
"2005-Q4","services","administrative and support services","clerical, sales and services workers","5.5"
"2005-Q4","services","administrative and support services","production and transport operators, cleaners and labourers","2.4"
"2005-Q4","services","community, social and personal services","total","1.2"
"2005-Q4","services","community, social and personal services","professional, managers, executive and technicians","1.1"
"2005-Q4","services","community, social and personal services","clerical, sales and services workers","1.4"
"2005-Q4","services","community, social and personal services","production and transport operators, cleaners and labourers","0.7"
"2005-Q4","others","others","total","1.5"
"2005-Q4","others","others","professional, managers, executive and technicians","2.6"
"2005-Q4","others","others","clerical, sales and services workers","-"
"2005-Q4","others","others","production and transport operators, cleaners and labourers","0.8"
"2006-Q1","total","total","total","2"
"2006-Q1","total","total","professional, managers, executive and technicians","2.3"
"2006-Q1","total","total","clerical, sales and services workers","2.3"
"2006-Q1","total","total","production and transport operators, cleaners and labourers","1.5"
"2006-Q1","manufacturing","food, beverages and tobacco","total","1.5"
"2006-Q1","manufacturing","food, beverages and tobacco","professional, managers, executive and technicians","-"
"2006-Q1","manufacturing","food, beverages and tobacco","clerical, sales and services workers","1.8"
"2006-Q1","manufacturing","food, beverages and tobacco","production and transport operators, cleaners and labourers","1.5"
"2006-Q1","manufacturing","paper,rubber,plastic products and printing","total","1.5"
"2006-Q1","manufacturing","paper,rubber,plastic products and printing","professional, managers, executive and technicians","1.9"
"2006-Q1","manufacturing","paper,rubber,plastic products and printing","clerical, sales and services workers","2.1"
"2006-Q1","manufacturing","paper,rubber,plastic products and printing","production and transport operators, cleaners and labourers","1.3"
"2006-Q1","manufacturing","petroleum, chemical and pharmaceutical products","total","1.2"
"2006-Q1","manufacturing","petroleum, chemical and pharmaceutical products","professional, managers, executive and technicians","1.1"
"2006-Q1","manufacturing","petroleum, chemical and pharmaceutical products","clerical, sales and services workers","-"
"2006-Q1","manufacturing","petroleum, chemical and pharmaceutical products","production and transport operators, cleaners and labourers","1.6"
"2006-Q1","manufacturing","fabricated metal products, machinery and equipment","total","2"
"2006-Q1","manufacturing","fabricated metal products, machinery and equipment","professional, managers, executive and technicians","2.7"
"2006-Q1","manufacturing","fabricated metal products, machinery and equipment","clerical, sales and services workers","2.6"
"2006-Q1","manufacturing","fabricated metal products, machinery and equipment","production and transport operators, cleaners and labourers","1.6"
"2006-Q1","manufacturing","electronic, computer and optical products","total","2.5"
"2006-Q1","manufacturing","electronic, computer and optical products","professional, managers, executive and technicians","3.2"
"2006-Q1","manufacturing","electronic, computer and optical products","clerical, sales and services workers","5.9"
"2006-Q1","manufacturing","electronic, computer and optical products","production and transport operators, cleaners and labourers","1.7"
"2006-Q1","manufacturing","transport equipment","total","2.1"
"2006-Q1","manufacturing","transport equipment","professional, managers, executive and technicians","3.2"
"2006-Q1","manufacturing","transport equipment","clerical, sales and services workers","-"
"2006-Q1","manufacturing","transport equipment","production and transport operators, cleaners and labourers","2"
"2006-Q1","manufacturing","other manufacturing industries","total","1.9"
"2006-Q1","manufacturing","other manufacturing industries","professional, managers, executive and technicians","1.7"
"2006-Q1","manufacturing","other manufacturing industries","clerical, sales and services workers","-"
"2006-Q1","manufacturing","other manufacturing industries","production and transport operators, cleaners and labourers","2.2"
"2006-Q1","construction","construction","total","0.6"
"2006-Q1","construction","construction","professional, managers, executive and technicians","1.6"
"2006-Q1","construction","construction","clerical, sales and services workers","0.6"
"2006-Q1","construction","construction","production and transport operators, cleaners and labourers","0.3"
"2006-Q1","services","wholesale and retail trade","total","1.7"
"2006-Q1","services","wholesale and retail trade","professional, managers, executive and technicians","1.6"
"2006-Q1","services","wholesale and retail trade","clerical, sales and services workers","2.1"
"2006-Q1","services","wholesale and retail trade","production and transport operators, cleaners and labourers","0.8"
"2006-Q1","services","transportation and storage","total","2.2"
"2006-Q1","services","transportation and storage","professional, managers, executive and technicians","2.4"
"2006-Q1","services","transportation and storage","clerical, sales and services workers","2"
"2006-Q1","services","transportation and storage","production and transport operators, cleaners and labourers","2.2"
"2006-Q1","services","accommodation and food services","total","2.5"
"2006-Q1","services","accommodation and food services","professional, managers, executive and technicians","2.1"
"2006-Q1","services","accommodation and food services","clerical, sales and services workers","2.4"
"2006-Q1","services","accommodation and food services","production and transport operators, cleaners and labourers","3"
"2006-Q1","services","information and communications","total","2.3"
"2006-Q1","services","information and communications","professional, managers, executive and technicians","2.5"
"2006-Q1","services","information and communications","clerical, sales and services workers","1.3"
"2006-Q1","services","information and communications","production and transport operators, cleaners and labourers","-"
"2006-Q1","services","financial and insurance services","total","1.7"
"2006-Q1","services","financial and insurance services","professional, managers, executive and technicians","2"
"2006-Q1","services","financial and insurance services","clerical, sales and services workers","1.2"
"2006-Q1","services","financial and insurance services","production and transport operators, cleaners and labourers","1.4"
"2006-Q1","services","real estate services","total","1.2"
"2006-Q1","services","real estate services","professional, managers, executive and technicians","1.6"
"2006-Q1","services","real estate services","clerical, sales and services workers","1.5"
"2006-Q1","services","real estate services","production and transport operators, cleaners and labourers","0.9"
"2006-Q1","services","professional services","total","2.7"
"2006-Q1","services","professional services","professional, managers, executive and technicians","2.9"
"2006-Q1","services","professional services","clerical, sales and services workers","2.4"
"2006-Q1","services","professional services","production and transport operators, cleaners and labourers","2.5"
"2006-Q1","services","administrative and support services","total","3.8"
"2006-Q1","services","administrative and support services","professional, managers, executive and technicians","-"
"2006-Q1","services","administrative and support services","clerical, sales and services workers","4.7"
"2006-Q1","services","administrative and support services","production and transport operators, cleaners and labourers","3.7"
"2006-Q1","services","community, social and personal services","total","2.6"
"2006-Q1","services","community, social and personal services","professional, managers, executive and technicians","2.6"
"2006-Q1","services","community, social and personal services","clerical, sales and services workers","2.6"
"2006-Q1","services","community, social and personal services","production and transport operators, cleaners and labourers","2.2"
"2006-Q1","others","others","total","2.3"
"2006-Q1","others","others","professional, managers, executive and technicians","3"
"2006-Q1","others","others","clerical, sales and services workers","5.2"
"2006-Q1","others","others","production and transport operators, cleaners and labourers","-"
"2006-Q2","total","total","total","2.5"
"2006-Q2","total","total","professional, managers, executive and technicians","2.9"
"2006-Q2","total","total","clerical, sales and services workers","2.7"
"2006-Q2","total","total","production and transport operators, cleaners and labourers","2.1"
"2006-Q2","manufacturing","food, beverages and tobacco","total","1.8"
"2006-Q2","manufacturing","food, beverages and tobacco","professional, managers, executive and technicians","2.4"
"2006-Q2","manufacturing","food, beverages and tobacco","clerical, sales and services workers","2.6"
"2006-Q2","manufacturing","food, beverages and tobacco","production and transport operators, cleaners and labourers","1.2"
"2006-Q2","manufacturing","paper,rubber,plastic products and printing","total","1.6"
"2006-Q2","manufacturing","paper,rubber,plastic products and printing","professional, managers, executive and technicians","2.9"
"2006-Q2","manufacturing","paper,rubber,plastic products and printing","clerical, sales and services workers","1.7"
"2006-Q2","manufacturing","paper,rubber,plastic products and printing","production and transport operators, cleaners and labourers","1.2"
"2006-Q2","manufacturing","petroleum, chemical and pharmaceutical products","total","2.1"
"2006-Q2","manufacturing","petroleum, chemical and pharmaceutical products","professional, managers, executive and technicians","2.1"
"2006-Q2","manufacturing","petroleum, chemical and pharmaceutical products","clerical, sales and services workers","-"
"2006-Q2","manufacturing","petroleum, chemical and pharmaceutical products","production and transport operators, cleaners and labourers","2.4"
"2006-Q2","manufacturing","fabricated metal products, machinery and equipment","total","2.7"
"2006-Q2","manufacturing","fabricated metal products, machinery and equipment","professional, managers, executive and technicians","3.2"
"2006-Q2","manufacturing","fabricated metal products, machinery and equipment","clerical, sales and services workers","2.8"
"2006-Q2","manufacturing","fabricated metal products, machinery and equipment","production and transport operators, cleaners and labourers","2.5"
"2006-Q2","manufacturing","electronic, computer and optical products","total","3"
"2006-Q2","manufacturing","electronic, computer and optical products","professional, managers, executive and technicians","3.3"
"2006-Q2","manufacturing","electronic, computer and optical products","clerical, sales and services workers","3.9"
"2006-Q2","manufacturing","electronic, computer and optical products","production and transport operators, cleaners and labourers","2.6"
"2006-Q2","manufacturing","transport equipment","total","2.8"
"2006-Q2","manufacturing","transport equipment","professional, managers, executive and technicians","3.9"
"2006-Q2","manufacturing","transport equipment","clerical, sales and services workers","1.5"
"2006-Q2","manufacturing","transport equipment","production and transport operators, cleaners and labourers","2.6"
"2006-Q2","manufacturing","other manufacturing industries","total","2.3"
"2006-Q2","manufacturing","other manufacturing industries","professional, managers, executive and technicians","2.1"
"2006-Q2","manufacturing","other manufacturing industries","clerical, sales and services workers","2.1"
"2006-Q2","manufacturing","other manufacturing industries","production and transport operators, cleaners and labourers","2.4"
"2006-Q2","construction","construction","total","1.6"
"2006-Q2","construction","construction","professional, managers, executive and technicians","3.5"
"2006-Q2","construction","construction","clerical, sales and services workers","1.4"
"2006-Q2","construction","construction","production and transport operators, cleaners and labourers","1.3"
"2006-Q2","services","wholesale and retail trade","total","1.9"
"2006-Q2","services","wholesale and retail trade","professional, managers, executive and technicians","1.7"
"2006-Q2","services","wholesale and retail trade","clerical, sales and services workers","2.3"
"2006-Q2","services","wholesale and retail trade","production and transport operators, cleaners and labourers","1.1"
"2006-Q2","services","transportation and storage","total","2.8"
"2006-Q2","services","transportation and storage","professional, managers, executive and technicians","3.2"
"2006-Q2","services","transportation and storage","clerical, sales and services workers","2.5"
"2006-Q2","services","transportation and storage","production and transport operators, cleaners and labourers","2.8"
"2006-Q2","services","accommodation and food services","total","3.2"
"2006-Q2","services","accommodation and food services","professional, managers, executive and technicians","4.1"
"2006-Q2","services","accommodation and food services","clerical, sales and services workers","3.3"
"2006-Q2","services","accommodation and food services","production and transport operators, cleaners and labourers","2.4"
"2006-Q2","services","information and communications","total","2.4"
"2006-Q2","services","information and communications","professional, managers, executive and technicians","2.6"
"2006-Q2","services","information and communications","clerical, sales and services workers","1.7"
"2006-Q2","services","information and communications","production and transport operators, cleaners and labourers","-"
"2006-Q2","services","financial and insurance services","total","2"
"2006-Q2","services","financial and insurance services","professional, managers, executive and technicians","2"
"2006-Q2","services","financial and insurance services","clerical, sales and services workers","1.4"
"2006-Q2","services","financial and insurance services","production and transport operators, cleaners and labourers","3.3"
"2006-Q2","services","real estate services","total","1.7"
"2006-Q2","services","real estate services","professional, managers, executive and technicians","1.8"
"2006-Q2","services","real estate services","clerical, sales and services workers","2.1"
"2006-Q2","services","real estate services","production and transport operators, cleaners and labourers","1.5"
"2006-Q2","services","professional services","total","3.1"
"2006-Q2","services","professional services","professional, managers, executive and technicians","3.1"
"2006-Q2","services","professional services","clerical, sales and services workers","2.6"
"2006-Q2","services","professional services","production and transport operators, cleaners and labourers","3.5"
"2006-Q2","services","administrative and support services","total","3.6"
"2006-Q2","services","administrative and support services","professional, managers, executive and technicians","4.5"
"2006-Q2","services","administrative and support services","clerical, sales and services workers","3.6"
"2006-Q2","services","administrative and support services","production and transport operators, cleaners and labourers","3.2"
"2006-Q2","services","community, social and personal services","total","3.1"
"2006-Q2","services","community, social and personal services","professional, managers, executive and technicians","3.1"
"2006-Q2","services","community, social and personal services","clerical, sales and services workers","3.5"
"2006-Q2","services","community, social and personal services","production and transport operators, cleaners and labourers","1.3"
"2006-Q2","others","others","total","3.3"
"2006-Q2","others","others","professional, managers, executive and technicians","4.6"
"2006-Q2","others","others","clerical, sales and services workers","-"
"2006-Q2","others","others","production and transport operators, cleaners and labourers","1.2"
"2006-Q3","total","total","total","2.3"
"2006-Q3","total","total","professional, managers, executive and technicians","2.5"
"2006-Q3","total","total","clerical, sales and services workers","2.6"
"2006-Q3","total","total","production and transport operators, cleaners and labourers","2"
"2006-Q3","manufacturing","food, beverages and tobacco","total","1.8"
"2006-Q3","manufacturing","food, beverages and tobacco","professional, managers, executive and technicians","2.1"
"2006-Q3","manufacturing","food, beverages and tobacco","clerical, sales and services workers","2.2"
"2006-Q3","manufacturing","food, beverages and tobacco","production and transport operators, cleaners and labourers","1.5"
"2006-Q3","manufacturing","paper,rubber,plastic products and printing","total","1.7"
"2006-Q3","manufacturing","paper,rubber,plastic products and printing","professional, managers, executive and technicians","1.9"
"2006-Q3","manufacturing","paper,rubber,plastic products and printing","clerical, sales and services workers","-"
"2006-Q3","manufacturing","paper,rubber,plastic products and printing","production and transport operators, cleaners and labourers","1.8"
"2006-Q3","manufacturing","petroleum, chemical and pharmaceutical products","total","1.4"
"2006-Q3","manufacturing","petroleum, chemical and pharmaceutical products","professional, managers, executive and technicians","2.1"
"2006-Q3","manufacturing","petroleum, chemical and pharmaceutical products","clerical, sales and services workers","-"
"2006-Q3","manufacturing","petroleum, chemical and pharmaceutical products","production and transport operators, cleaners and labourers","0.9"
"2006-Q3","manufacturing","fabricated metal products, machinery and equipment","total","2.4"
"2006-Q3","manufacturing","fabricated metal products, machinery and equipment","professional, managers, executive and technicians","2.6"
"2006-Q3","manufacturing","fabricated metal products, machinery and equipment","clerical, sales and services workers","1.4"
"2006-Q3","manufacturing","fabricated metal products, machinery and equipment","production and transport operators, cleaners and labourers","2.5"
"2006-Q3","manufacturing","electronic, computer and optical products","total","2.6"
"2006-Q3","manufacturing","electronic, computer and optical products","professional, managers, executive and technicians","3.1"
"2006-Q3","manufacturing","electronic, computer and optical products","clerical, sales and services workers","-"
"2006-Q3","manufacturing","electronic, computer and optical products","production and transport operators, cleaners and labourers","2.2"
"2006-Q3","manufacturing","transport equipment","total","2.3"
"2006-Q3","manufacturing","transport equipment","professional, managers, executive and technicians","3.2"
"2006-Q3","manufacturing","transport equipment","clerical, sales and services workers","1.1"
"2006-Q3","manufacturing","transport equipment","production and transport operators, cleaners and labourers","2.2"
"2006-Q3","manufacturing","other manufacturing industries","total","1.7"
"2006-Q3","manufacturing","other manufacturing industries","professional, managers, executive and technicians","1.9"
"2006-Q3","manufacturing","other manufacturing industries","clerical, sales and services workers","-"
"2006-Q3","manufacturing","other manufacturing industries","production and transport operators, cleaners and labourers","1.8"
"2006-Q3","construction","construction","total","1"
"2006-Q3","construction","construction","professional, managers, executive and technicians","2"
"2006-Q3","construction","construction","clerical, sales and services workers","0.6"
"2006-Q3","construction","construction","production and transport operators, cleaners and labourers","0.8"
"2006-Q3","services","wholesale and retail trade","total","1.9"
"2006-Q3","services","wholesale and retail trade","professional, managers, executive and technicians","1.8"
"2006-Q3","services","wholesale and retail trade","clerical, sales and services workers","2.2"
"2006-Q3","services","wholesale and retail trade","production and transport operators, cleaners and labourers","1.3"
"2006-Q3","services","transportation and storage","total","2.8"
"2006-Q3","services","transportation and storage","professional, managers, executive and technicians","2.4"
"2006-Q3","services","transportation and storage","clerical, sales and services workers","2.2"
"2006-Q3","services","transportation and storage","production and transport operators, cleaners and labourers","3.7"
"2006-Q3","services","accommodation and food services","total","3.7"
"2006-Q3","services","accommodation and food services","professional, managers, executive and technicians","1.8"
"2006-Q3","services","accommodation and food services","clerical, sales and services workers","4.4"
"2006-Q3","services","accommodation and food services","production and transport operators, cleaners and labourers","3.2"
"2006-Q3","services","information and communications","total","2.4"
"2006-Q3","services","information and communications","professional, managers, executive and technicians","2.4"
"2006-Q3","services","information and communications","clerical, sales and services workers","2.1"
"2006-Q3","services","information and communications","production and transport operators, cleaners and labourers","-"
"2006-Q3","services","financial and insurance services","total","1.5"
"2006-Q3","services","financial and insurance services","professional, managers, executive and technicians","1.5"
"2006-Q3","services","financial and insurance services","clerical, sales and services workers","1"
"2006-Q3","services","financial and insurance services","production and transport operators, cleaners and labourers","3.4"
"2006-Q3","services","real estate services","total","1.5"
"2006-Q3","services","real estate services","professional, managers, executive and technicians","1.4"
"2006-Q3","services","real estate services","clerical, sales and services workers","2.3"
"2006-Q3","services","real estate services","production and transport operators, cleaners and labourers","1.3"
"2006-Q3","services","professional services","total","2.2"
"2006-Q3","services","professional services","professional, managers, executive and technicians","2.7"
"2006-Q3","services","professional services","clerical, sales and services workers","1.4"
"2006-Q3","services","professional services","production and transport operators, cleaners and labourers","0.9"
"2006-Q3","services","administrative and support services","total","3.8"
"2006-Q3","services","administrative and support services","professional, managers, executive and technicians","2.5"
"2006-Q3","services","administrative and support services","clerical, sales and services workers","4.8"
"2006-Q3","services","administrative and support services","production and transport operators, cleaners and labourers","3.2"
"2006-Q3","services","community, social and personal services","total","3.2"
"2006-Q3","services","community, social and personal services","professional, managers, executive and technicians","3.3"
"2006-Q3","services","community, social and personal services","clerical, sales and services workers","3.1"
"2006-Q3","services","community, social and personal services","production and transport operators, cleaners and labourers","2.4"
"2006-Q3","others","others","total","1.9"
"2006-Q3","others","others","professional, managers, executive and technicians","2.3"
"2006-Q3","others","others","clerical, sales and services workers","-"
"2006-Q3","others","others","production and transport operators, cleaners and labourers","1.3"
"2006-Q4","total","total","total","2.4"
"2006-Q4","total","total","professional, managers, executive and technicians","2.8"
"2006-Q4","total","total","clerical, sales and services workers","2.7"
"2006-Q4","total","total","production and transport operators, cleaners and labourers","1.9"
"2006-Q4","manufacturing","food, beverages and tobacco","total","2.3"
"2006-Q4","manufacturing","food, beverages and tobacco","professional, managers, executive and technicians","3.2"
"2006-Q4","manufacturing","food, beverages and tobacco","clerical, sales and services workers","2.1"
"2006-Q4","manufacturing","food, beverages and tobacco","production and transport operators, cleaners and labourers","2.2"
"2006-Q4","manufacturing","paper,rubber,plastic products and printing","total","1.5"
"2006-Q4","manufacturing","paper,rubber,plastic products and printing","professional, managers, executive and technicians","3.2"
"2006-Q4","manufacturing","paper,rubber,plastic products and printing","clerical, sales and services workers","2.1"
"2006-Q4","manufacturing","paper,rubber,plastic products and printing","production and transport operators, cleaners and labourers","0.9"
"2006-Q4","manufacturing","petroleum, chemical and pharmaceutical products","total","1.3"
"2006-Q4","manufacturing","petroleum, chemical and pharmaceutical products","professional, managers, executive and technicians","1.8"
"2006-Q4","manufacturing","petroleum, chemical and pharmaceutical products","clerical, sales and services workers","-"
"2006-Q4","manufacturing","petroleum, chemical and pharmaceutical products","production and transport operators, cleaners and labourers","0.9"
"2006-Q4","manufacturing","fabricated metal products, machinery and equipment","total","3"
"2006-Q4","manufacturing","fabricated metal products, machinery and equipment","professional, managers, executive and technicians","3"
"2006-Q4","manufacturing","fabricated metal products, machinery and equipment","clerical, sales and services workers","2.9"
"2006-Q4","manufacturing","fabricated metal products, machinery and equipment","production and transport operators, cleaners and labourers","3.1"
"2006-Q4","manufacturing","electronic, computer and optical products","total","2"
"2006-Q4","manufacturing","electronic, computer and optical products","professional, managers, executive and technicians","2.7"
"2006-Q4","manufacturing","electronic, computer and optical products","clerical, sales and services workers","1.3"
"2006-Q4","manufacturing","electronic, computer and optical products","production and transport operators, cleaners and labourers","1.5"
"2006-Q4","manufacturing","transport equipment","total","1.9"
"2006-Q4","manufacturing","transport equipment","professional, managers, executive and technicians","3.5"
"2006-Q4","manufacturing","transport equipment","clerical, sales and services workers","-"
"2006-Q4","manufacturing","transport equipment","production and transport operators, cleaners and labourers","1.6"
"2006-Q4","manufacturing","other manufacturing industries","total","1.3"
"2006-Q4","manufacturing","other manufacturing industries","professional, managers, executive and technicians","1.8"
"2006-Q4","manufacturing","other manufacturing industries","clerical, sales and services workers","-"
"2006-Q4","manufacturing","other manufacturing industries","production and transport operators, cleaners and labourers","1.2"
"2006-Q4","construction","construction","total","1.4"
"2006-Q4","construction","construction","professional, managers, executive and technicians","2.1"
"2006-Q4","construction","construction","clerical, sales and services workers","1.1"
"2006-Q4","construction","construction","production and transport operators, cleaners and labourers","1.2"
"2006-Q4","services","wholesale and retail trade","total","2.4"
"2006-Q4","services","wholesale and retail trade","professional, managers, executive and technicians","2.7"
"2006-Q4","services","wholesale and retail trade","clerical, sales and services workers","2.5"
"2006-Q4","services","wholesale and retail trade","production and transport operators, cleaners and labourers","1.4"
"2006-Q4","services","transportation and storage","total","2.8"
"2006-Q4","services","transportation and storage","professional, managers, executive and technicians","3"
"2006-Q4","services","transportation and storage","clerical, sales and services workers","2.4"
"2006-Q4","services","transportation and storage","production and transport operators, cleaners and labourers","3"
"2006-Q4","services","accommodation and food services","total","3.3"
"2006-Q4","services","accommodation and food services","professional, managers, executive and technicians","2.9"
"2006-Q4","services","accommodation and food services","clerical, sales and services workers","3"
"2006-Q4","services","accommodation and food services","production and transport operators, cleaners and labourers","4.1"
"2006-Q4","services","information and communications","total","2.4"
"2006-Q4","services","information and communications","professional, managers, executive and technicians","2.5"
"2006-Q4","services","information and communications","clerical, sales and services workers","2.2"
"2006-Q4","services","information and communications","production and transport operators, cleaners and labourers","-"
"2006-Q4","services","financial and insurance services","total","2.2"
"2006-Q4","services","financial and insurance services","professional, managers, executive and technicians","2.4"
"2006-Q4","services","financial and insurance services","clerical, sales and services workers","1.6"
"2006-Q4","services","financial and insurance services","production and transport operators, cleaners and labourers","2.9"
"2006-Q4","services","real estate services","total","1.7"
"2006-Q4","services","real estate services","professional, managers, executive and technicians","1.7"
"2006-Q4","services","real estate services","clerical, sales and services workers","3.2"
"2006-Q4","services","real estate services","production and transport operators, cleaners and labourers","1.1"
"2006-Q4","services","professional services","total","3"
"2006-Q4","services","professional services","professional, managers, executive and technicians","3.3"
"2006-Q4","services","professional services","clerical, sales and services workers","3.1"
"2006-Q4","services","professional services","production and transport operators, cleaners and labourers","1.4"
"2006-Q4","services","administrative and support services","total","3.8"
"2006-Q4","services","administrative and support services","professional, managers, executive and technicians","2.1"
"2006-Q4","services","administrative and support services","clerical, sales and services workers","5.2"
"2006-Q4","services","administrative and support services","production and transport operators, cleaners and labourers","2.9"
"2006-Q4","services","community, social and personal services","total","3.1"
"2006-Q4","services","community, social and personal services","professional, managers, executive and technicians","3.2"
"2006-Q4","services","community, social and personal services","clerical, sales and services workers","3.3"
"2006-Q4","services","community, social and personal services","production and transport operators, cleaners and labourers","1.8"
"2006-Q4","others","others","total","1.2"
"2006-Q4","others","others","professional, managers, executive and technicians","1.5"
"2006-Q4","others","others","clerical, sales and services workers","-"
"2006-Q4","others","others","production and transport operators, cleaners and labourers","1"
"2007-Q1","total","total","total","2.5"
"2007-Q1","total","total","professional, managers, executive and technicians","2.9"
"2007-Q1","total","total","clerical, sales and services workers","2.9"
"2007-Q1","total","total","production and transport operators, cleaners and labourers","2"
"2007-Q1","manufacturing","food, beverages and tobacco","total","2"
"2007-Q1","manufacturing","food, beverages and tobacco","professional, managers, executive and technicians","-"
"2007-Q1","manufacturing","food, beverages and tobacco","clerical, sales and services workers","3.1"
"2007-Q1","manufacturing","food, beverages and tobacco","production and transport operators, cleaners and labourers","1.8"
"2007-Q1","manufacturing","paper,rubber,plastic products and printing","total","1.9"
"2007-Q1","manufacturing","paper,rubber,plastic products and printing","professional, managers, executive and technicians","3.1"
"2007-Q1","manufacturing","paper,rubber,plastic products and printing","clerical, sales and services workers","1.6"
"2007-Q1","manufacturing","paper,rubber,plastic products and printing","production and transport operators, cleaners and labourers","1.6"
"2007-Q1","manufacturing","petroleum, chemical and pharmaceutical products","total","1.7"
"2007-Q1","manufacturing","petroleum, chemical and pharmaceutical products","professional, managers, executive and technicians","2.1"
"2007-Q1","manufacturing","petroleum, chemical and pharmaceutical products","clerical, sales and services workers","-"
"2007-Q1","manufacturing","petroleum, chemical and pharmaceutical products","production and transport operators, cleaners and labourers","1.3"
"2007-Q1","manufacturing","fabricated metal products, machinery and equipment","total","3"
"2007-Q1","manufacturing","fabricated metal products, machinery and equipment","professional, managers, executive and technicians","3.4"
"2007-Q1","manufacturing","fabricated metal products, machinery and equipment","clerical, sales and services workers","2.4"
"2007-Q1","manufacturing","fabricated metal products, machinery and equipment","production and transport operators, cleaners and labourers","2.9"
"2007-Q1","manufacturing","electronic, computer and optical products","total","2.2"
"2007-Q1","manufacturing","electronic, computer and optical products","professional, managers, executive and technicians","2.7"
"2007-Q1","manufacturing","electronic, computer and optical products","clerical, sales and services workers","2.5"
"2007-Q1","manufacturing","electronic, computer and optical products","production and transport operators, cleaners and labourers","1.6"
"2007-Q1","manufacturing","transport equipment","total","2.3"
"2007-Q1","manufacturing","transport equipment","professional, managers, executive and technicians","3.7"
"2007-Q1","manufacturing","transport equipment","clerical, sales and services workers","1.3"
"2007-Q1","manufacturing","transport equipment","production and transport operators, cleaners and labourers","2.1"
"2007-Q1","manufacturing","other manufacturing industries","total","2"
"2007-Q1","manufacturing","other manufacturing industries","professional, managers, executive and technicians","1.9"
"2007-Q1","manufacturing","other manufacturing industries","clerical, sales and services workers","-"
"2007-Q1","manufacturing","other manufacturing industries","production and transport operators, cleaners and labourers","2.2"
"2007-Q1","construction","construction","total","1.3"
"2007-Q1","construction","construction","professional, managers, executive and technicians","2"
"2007-Q1","construction","construction","clerical, sales and services workers","1.5"
"2007-Q1","construction","construction","production and transport operators, cleaners and labourers","1.1"
"2007-Q1","services","wholesale and retail trade","total","2.3"
"2007-Q1","services","wholesale and retail trade","professional, managers, executive and technicians","2.4"
"2007-Q1","services","wholesale and retail trade","clerical, sales and services workers","2.4"
"2007-Q1","services","wholesale and retail trade","production and transport operators, cleaners and labourers","1.7"
"2007-Q1","services","transportation and storage","total","2.9"
"2007-Q1","services","transportation and storage","professional, managers, executive and technicians","3.2"
"2007-Q1","services","transportation and storage","clerical, sales and services workers","2.9"
"2007-Q1","services","transportation and storage","production and transport operators, cleaners and labourers","2.8"
"2007-Q1","services","accommodation and food services","total","3"
"2007-Q1","services","accommodation and food services","professional, managers, executive and technicians","3.4"
"2007-Q1","services","accommodation and food services","clerical, sales and services workers","3"
"2007-Q1","services","accommodation and food services","production and transport operators, cleaners and labourers","2.6"
"2007-Q1","services","information and communications","total","2.6"
"2007-Q1","services","information and communications","professional, managers, executive and technicians","2.6"
"2007-Q1","services","information and communications","clerical, sales and services workers","2.6"
"2007-Q1","services","information and communications","production and transport operators, cleaners and labourers","-"
"2007-Q1","services","financial and insurance services","total","2.4"
"2007-Q1","services","financial and insurance services","professional, managers, executive and technicians","2.5"
"2007-Q1","services","financial and insurance services","clerical, sales and services workers","2.2"
"2007-Q1","services","financial and insurance services","production and transport operators, cleaners and labourers","2.2"
"2007-Q1","services","real estate services","total","2.5"
"2007-Q1","services","real estate services","professional, managers, executive and technicians","2.3"
"2007-Q1","services","real estate services","clerical, sales and services workers","1.8"
"2007-Q1","services","real estate services","production and transport operators, cleaners and labourers","2.9"
"2007-Q1","services","professional services","total","2.9"
"2007-Q1","services","professional services","professional, managers, executive and technicians","3.2"
"2007-Q1","services","professional services","clerical, sales and services workers","3.2"
"2007-Q1","services","professional services","production and transport operators, cleaners and labourers","1.1"
"2007-Q1","services","administrative and support services","total","3.8"
"2007-Q1","services","administrative and support services","professional, managers, executive and technicians","2.7"
"2007-Q1","services","administrative and support services","clerical, sales and services workers","4.9"
"2007-Q1","services","administrative and support services","production and transport operators, cleaners and labourers","2.9"
"2007-Q1","services","community, social and personal services","total","3.5"
"2007-Q1","services","community, social and personal services","professional, managers, executive and technicians","3.5"
"2007-Q1","services","community, social and personal services","clerical, sales and services workers","3.6"
"2007-Q1","services","community, social and personal services","production and transport operators, cleaners and labourers","2.9"
"2007-Q1","others","others","total","1.2"
"2007-Q1","others","others","professional, managers, executive and technicians","1.7"
"2007-Q1","others","others","clerical, sales and services workers","-"
"2007-Q1","others","others","production and transport operators, cleaners and labourers","-"
"2007-Q2","total","total","total","2.7"
"2007-Q2","total","total","professional, managers, executive and technicians","3.3"
"2007-Q2","total","total","clerical, sales and services workers","3.1"
"2007-Q2","total","total","production and transport operators, cleaners and labourers","1.9"
"2007-Q2","manufacturing","food, beverages and tobacco","total","2.3"
"2007-Q2","manufacturing","food, beverages and tobacco","professional, managers, executive and technicians","-"
"2007-Q2","manufacturing","food, beverages and tobacco","clerical, sales and services workers","2.8"
"2007-Q2","manufacturing","food, beverages and tobacco","production and transport operators, cleaners and labourers","2.3"
"2007-Q2","manufacturing","paper,rubber,plastic products and printing","total","1.7"
"2007-Q2","manufacturing","paper,rubber,plastic products and printing","professional, managers, executive and technicians","2.4"
"2007-Q2","manufacturing","paper,rubber,plastic products and printing","clerical, sales and services workers","1.7"
"2007-Q2","manufacturing","paper,rubber,plastic products and printing","production and transport operators, cleaners and labourers","1.4"
"2007-Q2","manufacturing","petroleum, chemical and pharmaceutical products","total","2.2"
"2007-Q2","manufacturing","petroleum, chemical and pharmaceutical products","professional, managers, executive and technicians","2.7"
"2007-Q2","manufacturing","petroleum, chemical and pharmaceutical products","clerical, sales and services workers","2"
"2007-Q2","manufacturing","petroleum, chemical and pharmaceutical products","production and transport operators, cleaners and labourers","1.6"
"2007-Q2","manufacturing","fabricated metal products, machinery and equipment","total","2.1"
"2007-Q2","manufacturing","fabricated metal products, machinery and equipment","professional, managers, executive and technicians","3.1"
"2007-Q2","manufacturing","fabricated metal products, machinery and equipment","clerical, sales and services workers","3.3"
"2007-Q2","manufacturing","fabricated metal products, machinery and equipment","production and transport operators, cleaners and labourers","1.6"
"2007-Q2","manufacturing","electronic, computer and optical products","total","2"
"2007-Q2","manufacturing","electronic, computer and optical products","professional, managers, executive and technicians","2.6"
"2007-Q2","manufacturing","electronic, computer and optical products","clerical, sales and services workers","1.3"
"2007-Q2","manufacturing","electronic, computer and optical products","production and transport operators, cleaners and labourers","1.4"
"2007-Q2","manufacturing","transport equipment","total","2.6"
"2007-Q2","manufacturing","transport equipment","professional, managers, executive and technicians","4.9"
"2007-Q2","manufacturing","transport equipment","clerical, sales and services workers","-"
"2007-Q2","manufacturing","transport equipment","production and transport operators, cleaners and labourers","2.1"
"2007-Q2","manufacturing","other manufacturing industries","total","2.3"
"2007-Q2","manufacturing","other manufacturing industries","professional, managers, executive and technicians","2.5"
"2007-Q2","manufacturing","other manufacturing industries","clerical, sales and services workers","1.9"
"2007-Q2","manufacturing","other manufacturing industries","production and transport operators, cleaners and labourers","2.3"
"2007-Q2","construction","construction","total","1.6"
"2007-Q2","construction","construction","professional, managers, executive and technicians","2.9"
"2007-Q2","construction","construction","clerical, sales and services workers","1.9"
"2007-Q2","construction","construction","production and transport operators, cleaners and labourers","1.3"
"2007-Q2","services","wholesale and retail trade","total","2.6"
"2007-Q2","services","wholesale and retail trade","professional, managers, executive and technicians","2.7"
"2007-Q2","services","wholesale and retail trade","clerical, sales and services workers","2.8"
"2007-Q2","services","wholesale and retail trade","production and transport operators, cleaners and labourers","1.6"
"2007-Q2","services","transportation and storage","total","3.1"
"2007-Q2","services","transportation and storage","professional, managers, executive and technicians","3.5"
"2007-Q2","services","transportation and storage","clerical, sales and services workers","2"
"2007-Q2","services","transportation and storage","production and transport operators, cleaners and labourers","3.7"
"2007-Q2","services","accommodation and food services","total","3.4"
"2007-Q2","services","accommodation and food services","professional, managers, executive and technicians","3.7"
"2007-Q2","services","accommodation and food services","clerical, sales and services workers","3"
"2007-Q2","services","accommodation and food services","production and transport operators, cleaners and labourers","4.1"
"2007-Q2","services","information and communications","total","2.5"
"2007-Q2","services","information and communications","professional, managers, executive and technicians","2.4"
"2007-Q2","services","information and communications","clerical, sales and services workers","2.8"
"2007-Q2","services","information and communications","production and transport operators, cleaners and labourers","-"
"2007-Q2","services","financial and insurance services","total","2.5"
"2007-Q2","services","financial and insurance services","professional, managers, executive and technicians","2.5"
"2007-Q2","services","financial and insurance services","clerical, sales and services workers","1.8"
"2007-Q2","services","financial and insurance services","production and transport operators, cleaners and labourers","4.5"
"2007-Q2","services","real estate services","total","2"
"2007-Q2","services","real estate services","professional, managers, executive and technicians","1.8"
"2007-Q2","services","real estate services","clerical, sales and services workers","2.5"
"2007-Q2","services","real estate services","production and transport operators, cleaners and labourers","1.9"
"2007-Q2","services","professional services","total","4"
"2007-Q2","services","professional services","professional, managers, executive and technicians","4.5"
"2007-Q2","services","professional services","clerical, sales and services workers","3.2"
"2007-Q2","services","professional services","production and transport operators, cleaners and labourers","2.3"
"2007-Q2","services","administrative and support services","total","3.5"
"2007-Q2","services","administrative and support services","professional, managers, executive and technicians","1.7"
"2007-Q2","services","administrative and support services","clerical, sales and services workers","6.1"
"2007-Q2","services","administrative and support services","production and transport operators, cleaners and labourers","1.2"
"2007-Q2","services","community, social and personal services","total","4"
"2007-Q2","services","community, social and personal services","professional, managers, executive and technicians","3.9"
"2007-Q2","services","community, social and personal services","clerical, sales and services workers","4.5"
"2007-Q2","services","community, social and personal services","production and transport operators, cleaners and labourers","2.9"
"2007-Q2","others","others","total","4"
"2007-Q2","others","others","professional, managers, executive and technicians","7.4"
"2007-Q2","others","others","clerical, sales and services workers","-"
"2007-Q2","others","others","production and transport operators, cleaners and labourers","-"
"2007-Q3","total","total","total","2.6"
"2007-Q3","total","total","professional, managers, executive and technicians","3"
"2007-Q3","total","total","clerical, sales and services workers","3"
"2007-Q3","total","total","production and transport operators, cleaners and labourers","1.9"
"2007-Q3","manufacturing","food, beverages and tobacco","total","2.1"
"2007-Q3","manufacturing","food, beverages and tobacco","professional, managers, executive and technicians","1.8"
"2007-Q3","manufacturing","food, beverages and tobacco","clerical, sales and services workers","2.8"
"2007-Q3","manufacturing","food, beverages and tobacco","production and transport operators, cleaners and labourers","1.9"
"2007-Q3","manufacturing","paper,rubber,plastic products and printing","total","1.9"
"2007-Q3","manufacturing","paper,rubber,plastic products and printing","professional, managers, executive and technicians","2.2"
"2007-Q3","manufacturing","paper,rubber,plastic products and printing","clerical, sales and services workers","2.1"
"2007-Q3","manufacturing","paper,rubber,plastic products and printing","production and transport operators, cleaners and labourers","1.7"
"2007-Q3","manufacturing","petroleum, chemical and pharmaceutical products","total","2.2"
"2007-Q3","manufacturing","petroleum, chemical and pharmaceutical products","professional, managers, executive and technicians","2.6"
"2007-Q3","manufacturing","petroleum, chemical and pharmaceutical products","clerical, sales and services workers","-"
"2007-Q3","manufacturing","petroleum, chemical and pharmaceutical products","production and transport operators, cleaners and labourers","1.9"
"2007-Q3","manufacturing","fabricated metal products, machinery and equipment","total","2.6"
"2007-Q3","manufacturing","fabricated metal products, machinery and equipment","professional, managers, executive and technicians","2.9"
"2007-Q3","manufacturing","fabricated metal products, machinery and equipment","clerical, sales and services workers","1.9"
"2007-Q3","manufacturing","fabricated metal products, machinery and equipment","production and transport operators, cleaners and labourers","2.5"
"2007-Q3","manufacturing","electronic, computer and optical products","total","1.6"
"2007-Q3","manufacturing","electronic, computer and optical products","professional, managers, executive and technicians","2.4"
"2007-Q3","manufacturing","electronic, computer and optical products","clerical, sales and services workers","1.2"
"2007-Q3","manufacturing","electronic, computer and optical products","production and transport operators, cleaners and labourers","0.9"
"2007-Q3","manufacturing","transport equipment","total","1.9"
"2007-Q3","manufacturing","transport equipment","professional, managers, executive and technicians","3.8"
"2007-Q3","manufacturing","transport equipment","clerical, sales and services workers","1.3"
"2007-Q3","manufacturing","transport equipment","production and transport operators, cleaners and labourers","1.5"
"2007-Q3","manufacturing","other manufacturing industries","total","1.8"
"2007-Q3","manufacturing","other manufacturing industries","professional, managers, executive and technicians","1.5"
"2007-Q3","manufacturing","other manufacturing industries","clerical, sales and services workers","-"
"2007-Q3","manufacturing","other manufacturing industries","production and transport operators, cleaners and labourers","2.1"
"2007-Q3","construction","construction","total","1.6"
"2007-Q3","construction","construction","professional, managers, executive and technicians","2.9"
"2007-Q3","construction","construction","clerical, sales and services workers","1.2"
"2007-Q3","construction","construction","production and transport operators, cleaners and labourers","1.3"
"2007-Q3","services","wholesale and retail trade","total","2.4"
"2007-Q3","services","wholesale and retail trade","professional, managers, executive and technicians","2.3"
"2007-Q3","services","wholesale and retail trade","clerical, sales and services workers","2.9"
"2007-Q3","services","wholesale and retail trade","production and transport operators, cleaners and labourers","1.5"
"2007-Q3","services","transportation and storage","total","2.6"
"2007-Q3","services","transportation and storage","professional, managers, executive and technicians","2.7"
"2007-Q3","services","transportation and storage","clerical, sales and services workers","1.6"
"2007-Q3","services","transportation and storage","production and transport operators, cleaners and labourers","3.3"
"2007-Q3","services","accommodation and food services","total","3.2"
"2007-Q3","services","accommodation and food services","professional, managers, executive and technicians","2.5"
"2007-Q3","services","accommodation and food services","clerical, sales and services workers","3.6"
"2007-Q3","services","accommodation and food services","production and transport operators, cleaners and labourers","2.7"
"2007-Q3","services","information and communications","total","3.1"
"2007-Q3","services","information and communications","professional, managers, executive and technicians","3.3"
"2007-Q3","services","information and communications","clerical, sales and services workers","2.2"
"2007-Q3","services","information and communications","production and transport operators, cleaners and labourers","-"
"2007-Q3","services","financial and insurance services","total","2.6"
"2007-Q3","services","financial and insurance services","professional, managers, executive and technicians","2.5"
"2007-Q3","services","financial and insurance services","clerical, sales and services workers","1.9"
"2007-Q3","services","financial and insurance services","production and transport operators, cleaners and labourers","5.7"
"2007-Q3","services","real estate services","total","2.2"
"2007-Q3","services","real estate services","professional, managers, executive and technicians","2.1"
"2007-Q3","services","real estate services","clerical, sales and services workers","2.4"
"2007-Q3","services","real estate services","production and transport operators, cleaners and labourers","2.2"
"2007-Q3","services","professional services","total","3.2"
"2007-Q3","services","professional services","professional, managers, executive and technicians","3.8"
"2007-Q3","services","professional services","clerical, sales and services workers","1.9"
"2007-Q3","services","professional services","production and transport operators, cleaners and labourers","2"
"2007-Q3","services","administrative and support services","total","4.8"
"2007-Q3","services","administrative and support services","professional, managers, executive and technicians","3.2"
"2007-Q3","services","administrative and support services","clerical, sales and services workers","7.3"
"2007-Q3","services","administrative and support services","production and transport operators, cleaners and labourers","2.9"
"2007-Q3","services","community, social and personal services","total","3.3"
"2007-Q3","services","community, social and personal services","professional, managers, executive and technicians","3.4"
"2007-Q3","services","community, social and personal services","clerical, sales and services workers","3.5"
"2007-Q3","services","community, social and personal services","production and transport operators, cleaners and labourers","2.1"
"2007-Q3","others","others","total","3.2"
"2007-Q3","others","others","professional, managers, executive and technicians","5.4"
"2007-Q3","others","others","clerical, sales and services workers","-"
"2007-Q3","others","others","production and transport operators, cleaners and labourers","1"
"2007-Q4","total","total","total","2.7"
"2007-Q4","total","total","professional, managers, executive and technicians","3"
"2007-Q4","total","total","clerical, sales and services workers","3.1"
"2007-Q4","total","total","production and transport operators, cleaners and labourers","2.2"
"2007-Q4","manufacturing","food, beverages and tobacco","total","1.9"
"2007-Q4","manufacturing","food, beverages and tobacco","professional, managers, executive and technicians","2.3"
"2007-Q4","manufacturing","food, beverages and tobacco","clerical, sales and services workers","2"
"2007-Q4","manufacturing","food, beverages and tobacco","production and transport operators, cleaners and labourers","1.7"
"2007-Q4","manufacturing","paper,rubber,plastic products and printing","total","2"
"2007-Q4","manufacturing","paper,rubber,plastic products and printing","professional, managers, executive and technicians","2.8"
"2007-Q4","manufacturing","paper,rubber,plastic products and printing","clerical, sales and services workers","3.4"
"2007-Q4","manufacturing","paper,rubber,plastic products and printing","production and transport operators, cleaners and labourers","1.5"
"2007-Q4","manufacturing","petroleum, chemical and pharmaceutical products","total","1.6"
"2007-Q4","manufacturing","petroleum, chemical and pharmaceutical products","professional, managers, executive and technicians","1.7"
"2007-Q4","manufacturing","petroleum, chemical and pharmaceutical products","clerical, sales and services workers","-"
"2007-Q4","manufacturing","petroleum, chemical and pharmaceutical products","production and transport operators, cleaners and labourers","1.6"
"2007-Q4","manufacturing","fabricated metal products, machinery and equipment","total","2.4"
"2007-Q4","manufacturing","fabricated metal products, machinery and equipment","professional, managers, executive and technicians","2.4"
"2007-Q4","manufacturing","fabricated metal products, machinery and equipment","clerical, sales and services workers","1.8"
"2007-Q4","manufacturing","fabricated metal products, machinery and equipment","production and transport operators, cleaners and labourers","2.5"
"2007-Q4","manufacturing","electronic, computer and optical products","total","2.1"
"2007-Q4","manufacturing","electronic, computer and optical products","professional, managers, executive and technicians","2.9"
"2007-Q4","manufacturing","electronic, computer and optical products","clerical, sales and services workers","2.9"
"2007-Q4","manufacturing","electronic, computer and optical products","production and transport operators, cleaners and labourers","1.2"
"2007-Q4","manufacturing","transport equipment","total","2.2"
"2007-Q4","manufacturing","transport equipment","professional, managers, executive and technicians","4.1"
"2007-Q4","manufacturing","transport equipment","clerical, sales and services workers","-"
"2007-Q4","manufacturing","transport equipment","production and transport operators, cleaners and labourers","1.9"
"2007-Q4","manufacturing","other manufacturing industries","total","2.1"
"2007-Q4","manufacturing","other manufacturing industries","professional, managers, executive and technicians","1.9"
"2007-Q4","manufacturing","other manufacturing industries","clerical, sales and services workers","1.7"
"2007-Q4","manufacturing","other manufacturing industries","production and transport operators, cleaners and labourers","2.2"
"2007-Q4","construction","construction","total","1.8"
"2007-Q4","construction","construction","professional, managers, executive and technicians","2.6"
"2007-Q4","construction","construction","clerical, sales and services workers","2"
"2007-Q4","construction","construction","production and transport operators, cleaners and labourers","1.6"
"2007-Q4","services","wholesale and retail trade","total","2.4"
"2007-Q4","services","wholesale and retail trade","professional, managers, executive and technicians","2.4"
"2007-Q4","services","wholesale and retail trade","clerical, sales and services workers","2.8"
"2007-Q4","services","wholesale and retail trade","production and transport operators, cleaners and labourers","1.5"
"2007-Q4","services","transportation and storage","total","3.1"
"2007-Q4","services","transportation and storage","professional, managers, executive and technicians","2.9"
"2007-Q4","services","transportation and storage","clerical, sales and services workers","2.2"
"2007-Q4","services","transportation and storage","production and transport operators, cleaners and labourers","4"
"2007-Q4","services","accommodation and food services","total","3.3"
"2007-Q4","services","accommodation and food services","professional, managers, executive and technicians","3.4"
"2007-Q4","services","accommodation and food services","clerical, sales and services workers","3.2"
"2007-Q4","services","accommodation and food services","production and transport operators, cleaners and labourers","3.6"
"2007-Q4","services","information and communications","total","2.6"
"2007-Q4","services","information and communications","professional, managers, executive and technicians","2.6"
"2007-Q4","services","information and communications","clerical, sales and services workers","2.9"
"2007-Q4","services","information and communications","production and transport operators, cleaners and labourers","-"
"2007-Q4","services","financial and insurance services","total","2.9"
"2007-Q4","services","financial and insurance services","professional, managers, executive and technicians","2.7"
"2007-Q4","services","financial and insurance services","clerical, sales and services workers","2.3"
"2007-Q4","services","financial and insurance services","production and transport operators, cleaners and labourers","10.2"
"2007-Q4","services","real estate services","total","1.8"
"2007-Q4","services","real estate services","professional, managers, executive and technicians","1.9"
"2007-Q4","services","real estate services","clerical, sales and services workers","2.7"
"2007-Q4","services","real estate services","production and transport operators, cleaners and labourers","1.6"
"2007-Q4","services","professional services","total","3.8"
"2007-Q4","services","professional services","professional, managers, executive and technicians","4.1"
"2007-Q4","services","professional services","clerical, sales and services workers","2.8"
"2007-Q4","services","professional services","production and transport operators, cleaners and labourers","3.5"
"2007-Q4","services","administrative and support services","total","4.6"
"2007-Q4","services","administrative and support services","professional, managers, executive and technicians","2.3"
"2007-Q4","services","administrative and support services","clerical, sales and services workers","6.6"
"2007-Q4","services","administrative and support services","production and transport operators, cleaners and labourers","3.2"
"2007-Q4","services","community, social and personal services","total","3.2"
"2007-Q4","services","community, social and personal services","professional, managers, executive and technicians","3.2"
"2007-Q4","services","community, social and personal services","clerical, sales and services workers","3.2"
"2007-Q4","services","community, social and personal services","production and transport operators, cleaners and labourers","2.8"
"2007-Q4","others","others","total","2.9"
"2007-Q4","others","others","professional, managers, executive and technicians","5.7"
"2007-Q4","others","others","clerical, sales and services workers","-"
"2007-Q4","others","others","production and transport operators, cleaners and labourers","-"
"2008-Q1","total","total","total","2.6"
"2008-Q1","total","total","professional, managers, executive and technicians","3.1"
"2008-Q1","total","total","clerical, sales and services workers","3"
"2008-Q1","total","total","production and transport operators, cleaners and labourers","2"
"2008-Q1","manufacturing","food, beverages and tobacco","total","2"
"2008-Q1","manufacturing","food, beverages and tobacco","professional, managers, executive and technicians","2.2"
"2008-Q1","manufacturing","food, beverages and tobacco","clerical, sales and services workers","2.3"
"2008-Q1","manufacturing","food, beverages and tobacco","production and transport operators, cleaners and labourers","1.8"
"2008-Q1","manufacturing","paper,rubber,plastic products and printing","total","2.2"
"2008-Q1","manufacturing","paper,rubber,plastic products and printing","professional, managers, executive and technicians","2.5"
"2008-Q1","manufacturing","paper,rubber,plastic products and printing","clerical, sales and services workers","2.7"
"2008-Q1","manufacturing","paper,rubber,plastic products and printing","production and transport operators, cleaners and labourers","1.9"
"2008-Q1","manufacturing","petroleum, chemical and pharmaceutical products","total","1.8"
"2008-Q1","manufacturing","petroleum, chemical and pharmaceutical products","professional, managers, executive and technicians","2.5"
"2008-Q1","manufacturing","petroleum, chemical and pharmaceutical products","clerical, sales and services workers","-"
"2008-Q1","manufacturing","petroleum, chemical and pharmaceutical products","production and transport operators, cleaners and labourers","1.2"
"2008-Q1","manufacturing","fabricated metal products, machinery and equipment","total","2.2"
"2008-Q1","manufacturing","fabricated metal products, machinery and equipment","professional, managers, executive and technicians","3"
"2008-Q1","manufacturing","fabricated metal products, machinery and equipment","clerical, sales and services workers","1.6"
"2008-Q1","manufacturing","fabricated metal products, machinery and equipment","production and transport operators, cleaners and labourers","1.9"
"2008-Q1","manufacturing","electronic, computer and optical products","total","1.9"
"2008-Q1","manufacturing","electronic, computer and optical products","professional, managers, executive and technicians","2.6"
"2008-Q1","manufacturing","electronic, computer and optical products","clerical, sales and services workers","3.7"
"2008-Q1","manufacturing","electronic, computer and optical products","production and transport operators, cleaners and labourers","1.1"
"2008-Q1","manufacturing","transport equipment","total","2.2"
"2008-Q1","manufacturing","transport equipment","professional, managers, executive and technicians","4"
"2008-Q1","manufacturing","transport equipment","clerical, sales and services workers","2"
"2008-Q1","manufacturing","transport equipment","production and transport operators, cleaners and labourers","1.8"
"2008-Q1","manufacturing","other manufacturing industries","total","1.6"
"2008-Q1","manufacturing","other manufacturing industries","professional, managers, executive and technicians","2.2"
"2008-Q1","manufacturing","other manufacturing industries","clerical, sales and services workers","1.7"
"2008-Q1","manufacturing","other manufacturing industries","production and transport operators, cleaners and labourers","1.3"
"2008-Q1","construction","construction","total","1.9"
"2008-Q1","construction","construction","professional, managers, executive and technicians","3.9"
"2008-Q1","construction","construction","clerical, sales and services workers","2.3"
"2008-Q1","construction","construction","production and transport operators, cleaners and labourers","1.5"
"2008-Q1","services","wholesale and retail trade","total","2.5"
"2008-Q1","services","wholesale and retail trade","professional, managers, executive and technicians","2.4"
"2008-Q1","services","wholesale and retail trade","clerical, sales and services workers","2.7"
"2008-Q1","services","wholesale and retail trade","production and transport operators, cleaners and labourers","2.3"
"2008-Q1","services","transportation and storage","total","2.3"
"2008-Q1","services","transportation and storage","professional, managers, executive and technicians","3.1"
"2008-Q1","services","transportation and storage","clerical, sales and services workers","2"
"2008-Q1","services","transportation and storage","production and transport operators, cleaners and labourers","2"
"2008-Q1","services","accommodation and food services","total","3.2"
"2008-Q1","services","accommodation and food services","professional, managers, executive and technicians","3.1"
"2008-Q1","services","accommodation and food services","clerical, sales and services workers","3"
"2008-Q1","services","accommodation and food services","production and transport operators, cleaners and labourers","3.9"
"2008-Q1","services","information and communications","total","2.9"
"2008-Q1","services","information and communications","professional, managers, executive and technicians","2.7"
"2008-Q1","services","information and communications","clerical, sales and services workers","4.2"
"2008-Q1","services","information and communications","production and transport operators, cleaners and labourers","-"
"2008-Q1","services","financial and insurance services","total","2.7"
"2008-Q1","services","financial and insurance services","professional, managers, executive and technicians","2.6"
"2008-Q1","services","financial and insurance services","clerical, sales and services workers","2.5"
"2008-Q1","services","financial and insurance services","production and transport operators, cleaners and labourers","6.5"
"2008-Q1","services","real estate services","total","1.6"
"2008-Q1","services","real estate services","professional, managers, executive and technicians","1.7"
"2008-Q1","services","real estate services","clerical, sales and services workers","1.8"
"2008-Q1","services","real estate services","production and transport operators, cleaners and labourers","1.5"
"2008-Q1","services","professional services","total","3.9"
"2008-Q1","services","professional services","professional, managers, executive and technicians","3.7"
"2008-Q1","services","professional services","clerical, sales and services workers","3"
"2008-Q1","services","professional services","production and transport operators, cleaners and labourers","5.4"
"2008-Q1","services","administrative and support services","total","4.1"
"2008-Q1","services","administrative and support services","professional, managers, executive and technicians","2.7"
"2008-Q1","services","administrative and support services","clerical, sales and services workers","5.7"
"2008-Q1","services","administrative and support services","production and transport operators, cleaners and labourers","2.9"
"2008-Q1","services","community, social and personal services","total","3.6"
"2008-Q1","services","community, social and personal services","professional, managers, executive and technicians","3.6"
"2008-Q1","services","community, social and personal services","clerical, sales and services workers","3.7"
"2008-Q1","services","community, social and personal services","production and transport operators, cleaners and labourers","2.9"
"2008-Q1","others","others","total","2.3"
"2008-Q1","others","others","professional, managers, executive and technicians","4.6"
"2008-Q1","others","others","clerical, sales and services workers","-"
"2008-Q1","others","others","production and transport operators, cleaners and labourers","-"
"2008-Q2","total","total","total","2.7"
"2008-Q2","total","total","professional, managers, executive and technicians","3.2"
"2008-Q2","total","total","clerical, sales and services workers","3.1"
"2008-Q2","total","total","production and transport operators, cleaners and labourers","1.9"
"2008-Q2","manufacturing","food, beverages and tobacco","total","2.2"
"2008-Q2","manufacturing","food, beverages and tobacco","professional, managers, executive and technicians","2.7"
"2008-Q2","manufacturing","food, beverages and tobacco","clerical, sales and services workers","3.4"
"2008-Q2","manufacturing","food, beverages and tobacco","production and transport operators, cleaners and labourers","1.5"
"2008-Q2","manufacturing","paper,rubber,plastic products and printing","total","2.1"
"2008-Q2","manufacturing","paper,rubber,plastic products and printing","professional, managers, executive and technicians","3.2"
"2008-Q2","manufacturing","paper,rubber,plastic products and printing","clerical, sales and services workers","2.6"
"2008-Q2","manufacturing","paper,rubber,plastic products and printing","production and transport operators, cleaners and labourers","1.6"
"2008-Q2","manufacturing","petroleum, chemical and pharmaceutical products","total","2"
"2008-Q2","manufacturing","petroleum, chemical and pharmaceutical products","professional, managers, executive and technicians","2.1"
"2008-Q2","manufacturing","petroleum, chemical and pharmaceutical products","clerical, sales and services workers","-"
"2008-Q2","manufacturing","petroleum, chemical and pharmaceutical products","production and transport operators, cleaners and labourers","2.1"
"2008-Q2","manufacturing","fabricated metal products, machinery and equipment","total","1.7"
"2008-Q2","manufacturing","fabricated metal products, machinery and equipment","professional, managers, executive and technicians","2.3"
"2008-Q2","manufacturing","fabricated metal products, machinery and equipment","clerical, sales and services workers","2.1"
"2008-Q2","manufacturing","fabricated metal products, machinery and equipment","production and transport operators, cleaners and labourers","1.5"
"2008-Q2","manufacturing","electronic, computer and optical products","total","2"
"2008-Q2","manufacturing","electronic, computer and optical products","professional, managers, executive and technicians","2.8"
"2008-Q2","manufacturing","electronic, computer and optical products","clerical, sales and services workers","5.4"
"2008-Q2","manufacturing","electronic, computer and optical products","production and transport operators, cleaners and labourers","0.9"
"2008-Q2","manufacturing","transport equipment","total","1.8"
"2008-Q2","manufacturing","transport equipment","professional, managers, executive and technicians","4.3"
"2008-Q2","manufacturing","transport equipment","clerical, sales and services workers","2.3"
"2008-Q2","manufacturing","transport equipment","production and transport operators, cleaners and labourers","1.2"
"2008-Q2","manufacturing","other manufacturing industries","total","1.6"
"2008-Q2","manufacturing","other manufacturing industries","professional, managers, executive and technicians","3.3"
"2008-Q2","manufacturing","other manufacturing industries","clerical, sales and services workers","1.4"
"2008-Q2","manufacturing","other manufacturing industries","production and transport operators, cleaners and labourers","1"
"2008-Q2","construction","construction","total","2"
"2008-Q2","construction","construction","professional, managers, executive and technicians","3.5"
"2008-Q2","construction","construction","clerical, sales and services workers","2.4"
"2008-Q2","construction","construction","production and transport operators, cleaners and labourers","1.6"
"2008-Q2","services","wholesale and retail trade","total","2.4"
"2008-Q2","services","wholesale and retail trade","professional, managers, executive and technicians","2.4"
"2008-Q2","services","wholesale and retail trade","clerical, sales and services workers","2.5"
"2008-Q2","services","wholesale and retail trade","production and transport operators, cleaners and labourers","2.5"
"2008-Q2","services","transportation and storage","total","2.7"
"2008-Q2","services","transportation and storage","professional, managers, executive and technicians","3.3"
"2008-Q2","services","transportation and storage","clerical, sales and services workers","2"
"2008-Q2","services","transportation and storage","production and transport operators, cleaners and labourers","2.9"
"2008-Q2","services","accommodation and food services","total","3.4"
"2008-Q2","services","accommodation and food services","professional, managers, executive and technicians","3.3"
"2008-Q2","services","accommodation and food services","clerical, sales and services workers","3.1"
"2008-Q2","services","accommodation and food services","production and transport operators, cleaners and labourers","4.2"
"2008-Q2","services","information and communications","total","3.4"
"2008-Q2","services","information and communications","professional, managers, executive and technicians","3.5"
"2008-Q2","services","information and communications","clerical, sales and services workers","3.2"
"2008-Q2","services","information and communications","production and transport operators, cleaners and labourers","-"
"2008-Q2","services","financial and insurance services","total","2.6"
"2008-Q2","services","financial and insurance services","professional, managers, executive and technicians","2.7"
"2008-Q2","services","financial and insurance services","clerical, sales and services workers","2.3"
"2008-Q2","services","financial and insurance services","production and transport operators, cleaners and labourers","3.8"
"2008-Q2","services","real estate services","total","1.8"
"2008-Q2","services","real estate services","professional, managers, executive and technicians","2.5"
"2008-Q2","services","real estate services","clerical, sales and services workers","1.7"
"2008-Q2","services","real estate services","production and transport operators, cleaners and labourers","1.4"
"2008-Q2","services","professional services","total","3.1"
"2008-Q2","services","professional services","professional, managers, executive and technicians","3.2"
"2008-Q2","services","professional services","clerical, sales and services workers","2.3"
"2008-Q2","services","professional services","production and transport operators, cleaners and labourers","3.5"
"2008-Q2","services","administrative and support services","total","4.3"
"2008-Q2","services","administrative and support services","professional, managers, executive and technicians","3.3"
"2008-Q2","services","administrative and support services","clerical, sales and services workers","5.9"
"2008-Q2","services","administrative and support services","production and transport operators, cleaners and labourers","2.7"
"2008-Q2","services","community, social and personal services","total","3.9"
"2008-Q2","services","community, social and personal services","professional, managers, executive and technicians","4"
"2008-Q2","services","community, social and personal services","clerical, sales and services workers","4.4"
"2008-Q2","services","community, social and personal services","production and transport operators, cleaners and labourers","2.5"
"2008-Q2","others","others","total","3.2"
"2008-Q2","others","others","professional, managers, executive and technicians","4.6"
"2008-Q2","others","others","clerical, sales and services workers","-"
"2008-Q2","others","others","production and transport operators, cleaners and labourers","2.2"
"2008-Q3","total","total","total","2.4"
"2008-Q3","total","total","professional, managers, executive and technicians","2.9"
"2008-Q3","total","total","clerical, sales and services workers","2.8"
"2008-Q3","total","total","production and transport operators, cleaners and labourers","1.8"
"2008-Q3","manufacturing","food, beverages and tobacco","total","1.5"
"2008-Q3","manufacturing","food, beverages and tobacco","professional, managers, executive and technicians","1.6"
"2008-Q3","manufacturing","food, beverages and tobacco","clerical, sales and services workers","1.5"
"2008-Q3","manufacturing","food, beverages and tobacco","production and transport operators, cleaners and labourers","1.5"
"2008-Q3","manufacturing","paper,rubber,plastic products and printing","total","1.2"
"2008-Q3","manufacturing","paper,rubber,plastic products and printing","professional, managers, executive and technicians","1.5"
"2008-Q3","manufacturing","paper,rubber,plastic products and printing","clerical, sales and services workers","-"
"2008-Q3","manufacturing","paper,rubber,plastic products and printing","production and transport operators, cleaners and labourers","1.1"
"2008-Q3","manufacturing","petroleum, chemical and pharmaceutical products","total","2.1"
"2008-Q3","manufacturing","petroleum, chemical and pharmaceutical products","professional, managers, executive and technicians","2.4"
"2008-Q3","manufacturing","petroleum, chemical and pharmaceutical products","clerical, sales and services workers","-"
"2008-Q3","manufacturing","petroleum, chemical and pharmaceutical products","production and transport operators, cleaners and labourers","2"
"2008-Q3","manufacturing","fabricated metal products, machinery and equipment","total","2.2"
"2008-Q3","manufacturing","fabricated metal products, machinery and equipment","professional, managers, executive and technicians","2.4"
"2008-Q3","manufacturing","fabricated metal products, machinery and equipment","clerical, sales and services workers","1.1"
"2008-Q3","manufacturing","fabricated metal products, machinery and equipment","production and transport operators, cleaners and labourers","2.3"
"2008-Q3","manufacturing","electronic, computer and optical products","total","1.1"
"2008-Q3","manufacturing","electronic, computer and optical products","professional, managers, executive and technicians","1.6"
"2008-Q3","manufacturing","electronic, computer and optical products","clerical, sales and services workers","1.1"
"2008-Q3","manufacturing","electronic, computer and optical products","production and transport operators, cleaners and labourers","0.7"
"2008-Q3","manufacturing","transport equipment","total","1.9"
"2008-Q3","manufacturing","transport equipment","professional, managers, executive and technicians","3.6"
"2008-Q3","manufacturing","transport equipment","clerical, sales and services workers","1.2"
"2008-Q3","manufacturing","transport equipment","production and transport operators, cleaners and labourers","1.5"
"2008-Q3","manufacturing","other manufacturing industries","total","1.3"
"2008-Q3","manufacturing","other manufacturing industries","professional, managers, executive and technicians","2"
"2008-Q3","manufacturing","other manufacturing industries","clerical, sales and services workers","-"
"2008-Q3","manufacturing","other manufacturing industries","production and transport operators, cleaners and labourers","1.2"
"2008-Q3","construction","construction","total","1.7"
"2008-Q3","construction","construction","professional, managers, executive and technicians","2.5"
"2008-Q3","construction","construction","clerical, sales and services workers","1"
"2008-Q3","construction","construction","production and transport operators, cleaners and labourers","1.6"
"2008-Q3","services","wholesale and retail trade","total","2.1"
"2008-Q3","services","wholesale and retail trade","professional, managers, executive and technicians","1.8"
"2008-Q3","services","wholesale and retail trade","clerical, sales and services workers","2.7"
"2008-Q3","services","wholesale and retail trade","production and transport operators, cleaners and labourers","1"
"2008-Q3","services","transportation and storage","total","1.7"
"2008-Q3","services","transportation and storage","professional, managers, executive and technicians","1.9"
"2008-Q3","services","transportation and storage","clerical, sales and services workers","1.2"
"2008-Q3","services","transportation and storage","production and transport operators, cleaners and labourers","1.9"
"2008-Q3","services","accommodation and food services","total","3.4"
"2008-Q3","services","accommodation and food services","professional, managers, executive and technicians","1.8"
"2008-Q3","services","accommodation and food services","clerical, sales and services workers","3.5"
"2008-Q3","services","accommodation and food services","production and transport operators, cleaners and labourers","3.9"
"2008-Q3","services","information and communications","total","3.4"
"2008-Q3","services","information and communications","professional, managers, executive and technicians","3.7"
"2008-Q3","services","information and communications","clerical, sales and services workers","1.5"
"2008-Q3","services","information and communications","production and transport operators, cleaners and labourers","-"
"2008-Q3","services","financial and insurance services","total","1.4"
"2008-Q3","services","financial and insurance services","professional, managers, executive and technicians","1.4"
"2008-Q3","services","financial and insurance services","clerical, sales and services workers","1.3"
"2008-Q3","services","financial and insurance services","production and transport operators, cleaners and labourers","-"
"2008-Q3","services","real estate services","total","2.2"
"2008-Q3","services","real estate services","professional, managers, executive and technicians","3.3"
"2008-Q3","services","real estate services","clerical, sales and services workers","2.2"
"2008-Q3","services","real estate services","production and transport operators, cleaners and labourers","1.5"
"2008-Q3","services","professional services","total","2.3"
"2008-Q3","services","professional services","professional, managers, executive and technicians","2.4"
"2008-Q3","services","professional services","clerical, sales and services workers","2.2"
"2008-Q3","services","professional services","production and transport operators, cleaners and labourers","2.4"
"2008-Q3","services","administrative and support services","total","4.4"
"2008-Q3","services","administrative and support services","professional, managers, executive and technicians","3"
"2008-Q3","services","administrative and support services","clerical, sales and services workers","5.6"
"2008-Q3","services","administrative and support services","production and transport operators, cleaners and labourers","3.7"
"2008-Q3","services","community, social and personal services","total","4.5"
"2008-Q3","services","community, social and personal services","professional, managers, executive and technicians","4.8"
"2008-Q3","services","community, social and personal services","clerical, sales and services workers","4.3"
"2008-Q3","services","community, social and personal services","production and transport operators, cleaners and labourers","2.1"
"2008-Q3","others","others","total","1.9"
"2008-Q3","others","others","professional, managers, executive and technicians","1.9"
"2008-Q3","others","others","clerical, sales and services workers","-"
"2008-Q3","others","others","production and transport operators, cleaners and labourers","2.2"
"2008-Q4","total","total","total","1.7"
"2008-Q4","total","total","professional, managers, executive and technicians","2.2"
"2008-Q4","total","total","clerical, sales and services workers","2.2"
"2008-Q4","total","total","production and transport operators, cleaners and labourers","0.9"
"2008-Q4","manufacturing","food, beverages and tobacco","total","1"
"2008-Q4","manufacturing","food, beverages and tobacco","professional, managers, executive and technicians","1.5"
"2008-Q4","manufacturing","food, beverages and tobacco","clerical, sales and services workers","1.1"
"2008-Q4","manufacturing","food, beverages and tobacco","production and transport operators, cleaners and labourers","0.7"
"2008-Q4","manufacturing","paper,rubber,plastic products and printing","total","0.9"
"2008-Q4","manufacturing","paper,rubber,plastic products and printing","professional, managers, executive and technicians","1.2"
"2008-Q4","manufacturing","paper,rubber,plastic products and printing","clerical, sales and services workers","-"
"2008-Q4","manufacturing","paper,rubber,plastic products and printing","production and transport operators, cleaners and labourers","0.7"
"2008-Q4","manufacturing","petroleum, chemical and pharmaceutical products","total","1.1"
"2008-Q4","manufacturing","petroleum, chemical and pharmaceutical products","professional, managers, executive and technicians","1.2"
"2008-Q4","manufacturing","petroleum, chemical and pharmaceutical products","clerical, sales and services workers","-"
"2008-Q4","manufacturing","petroleum, chemical and pharmaceutical products","production and transport operators, cleaners and labourers","0.9"
"2008-Q4","manufacturing","fabricated metal products, machinery and equipment","total","0.6"
"2008-Q4","manufacturing","fabricated metal products, machinery and equipment","professional, managers, executive and technicians","1"
"2008-Q4","manufacturing","fabricated metal products, machinery and equipment","clerical, sales and services workers","0.6"
"2008-Q4","manufacturing","fabricated metal products, machinery and equipment","production and transport operators, cleaners and labourers","0.4"
"2008-Q4","manufacturing","electronic, computer and optical products","total","0.3"
"2008-Q4","manufacturing","electronic, computer and optical products","professional, managers, executive and technicians","0.5"
"2008-Q4","manufacturing","electronic, computer and optical products","clerical, sales and services workers","-"
"2008-Q4","manufacturing","electronic, computer and optical products","production and transport operators, cleaners and labourers","-"
"2008-Q4","manufacturing","transport equipment","total","0.8"
"2008-Q4","manufacturing","transport equipment","professional, managers, executive and technicians","1.8"
"2008-Q4","manufacturing","transport equipment","clerical, sales and services workers","1.4"
"2008-Q4","manufacturing","transport equipment","production and transport operators, cleaners and labourers","0.6"
"2008-Q4","manufacturing","other manufacturing industries","total","1.3"
"2008-Q4","manufacturing","other manufacturing industries","professional, managers, executive and technicians","1.4"
"2008-Q4","manufacturing","other manufacturing industries","clerical, sales and services workers","-"
"2008-Q4","manufacturing","other manufacturing industries","production and transport operators, cleaners and labourers","1.3"
"2008-Q4","construction","construction","total","0.6"
"2008-Q4","construction","construction","professional, managers, executive and technicians","1.3"
"2008-Q4","construction","construction","clerical, sales and services workers","0.6"
"2008-Q4","construction","construction","production and transport operators, cleaners and labourers","0.5"
"2008-Q4","services","wholesale and retail trade","total","1.1"
"2008-Q4","services","wholesale and retail trade","professional, managers, executive and technicians","0.9"
"2008-Q4","services","wholesale and retail trade","clerical, sales and services workers","1.5"
"2008-Q4","services","wholesale and retail trade","production and transport operators, cleaners and labourers","0.7"
"2008-Q4","services","transportation and storage","total","1.3"
"2008-Q4","services","transportation and storage","professional, managers, executive and technicians","1.9"
"2008-Q4","services","transportation and storage","clerical, sales and services workers","1.1"
"2008-Q4","services","transportation and storage","production and transport operators, cleaners and labourers","1.2"
"2008-Q4","services","accommodation and food services","total","2.1"
"2008-Q4","services","accommodation and food services","professional, managers, executive and technicians","2.2"
"2008-Q4","services","accommodation and food services","clerical, sales and services workers","2.3"
"2008-Q4","services","accommodation and food services","production and transport operators, cleaners and labourers","1.2"
"2008-Q4","services","information and communications","total","1.6"
"2008-Q4","services","information and communications","professional, managers, executive and technicians","1.7"
"2008-Q4","services","information and communications","clerical, sales and services workers","1.1"
"2008-Q4","services","information and communications","production and transport operators, cleaners and labourers","-"
"2008-Q4","services","financial and insurance services","total","1"
"2008-Q4","services","financial and insurance services","professional, managers, executive and technicians","1"
"2008-Q4","services","financial and insurance services","clerical, sales and services workers","0.9"
"2008-Q4","services","financial and insurance services","production and transport operators, cleaners and labourers","-"
"2008-Q4","services","real estate services","total","2.1"
"2008-Q4","services","real estate services","professional, managers, executive and technicians","3"
"2008-Q4","services","real estate services","clerical, sales and services workers","3.4"
"2008-Q4","services","real estate services","production and transport operators, cleaners and labourers","1.2"
"2008-Q4","services","professional services","total","1.8"
"2008-Q4","services","professional services","professional, managers, executive and technicians","1.7"
"2008-Q4","services","professional services","clerical, sales and services workers","1.5"
"2008-Q4","services","professional services","production and transport operators, cleaners and labourers","3"
"2008-Q4","services","administrative and support services","total","3.4"
"2008-Q4","services","administrative and support services","professional, managers, executive and technicians","4.3"
"2008-Q4","services","administrative and support services","clerical, sales and services workers","4.4"
"2008-Q4","services","administrative and support services","production and transport operators, cleaners and labourers","2"
"2008-Q4","services","community, social and personal services","total","4.4"
"2008-Q4","services","community, social and personal services","professional, managers, executive and technicians","4.5"
"2008-Q4","services","community, social and personal services","clerical, sales and services workers","4.7"
"2008-Q4","services","community, social and personal services","production and transport operators, cleaners and labourers","2.5"
"2008-Q4","others","others","total","1.8"
"2008-Q4","others","others","professional, managers, executive and technicians","2"
"2008-Q4","others","others","clerical, sales and services workers","-"
"2008-Q4","others","others","production and transport operators, cleaners and labourers","1.7"
"2009-Q1","total","total","total","1.4"
"2009-Q1","total","total","professional, managers, executive and technicians","1.9"
"2009-Q1","total","total","clerical, sales and services workers","1.7"
"2009-Q1","total","total","production and transport operators, cleaners and labourers","0.7"
"2009-Q1","manufacturing","food, beverages and tobacco","total","0.8"
"2009-Q1","manufacturing","food, beverages and tobacco","professional, managers, executive and technicians","-"
"2009-Q1","manufacturing","food, beverages and tobacco","clerical, sales and services workers","1.1"
"2009-Q1","manufacturing","food, beverages and tobacco","production and transport operators, cleaners and labourers","0.6"
"2009-Q1","manufacturing","paper,rubber,plastic products and printing","total","0.7"
"2009-Q1","manufacturing","paper,rubber,plastic products and printing","professional, managers, executive and technicians","0.7"
"2009-Q1","manufacturing","paper,rubber,plastic products and printing","clerical, sales and services workers","-"
"2009-Q1","manufacturing","paper,rubber,plastic products and printing","production and transport operators, cleaners and labourers","0.7"
"2009-Q1","manufacturing","petroleum, chemical and pharmaceutical products","total","1.2"
"2009-Q1","manufacturing","petroleum, chemical and pharmaceutical products","professional, managers, executive and technicians","1.7"
"2009-Q1","manufacturing","petroleum, chemical and pharmaceutical products","clerical, sales and services workers","-"
"2009-Q1","manufacturing","petroleum, chemical and pharmaceutical products","production and transport operators, cleaners and labourers","-"
"2009-Q1","manufacturing","fabricated metal products, machinery and equipment","total","0.5"
"2009-Q1","manufacturing","fabricated metal products, machinery and equipment","professional, managers, executive and technicians","0.6"
"2009-Q1","manufacturing","fabricated metal products, machinery and equipment","clerical, sales and services workers","0.8"
"2009-Q1","manufacturing","fabricated metal products, machinery and equipment","production and transport operators, cleaners and labourers","0.4"
"2009-Q1","manufacturing","electronic, computer and optical products","total","0.5"
"2009-Q1","manufacturing","electronic, computer and optical products","professional, managers, executive and technicians","0.6"
"2009-Q1","manufacturing","electronic, computer and optical products","clerical, sales and services workers","-"
"2009-Q1","manufacturing","electronic, computer and optical products","production and transport operators, cleaners and labourers","0.5"
"2009-Q1","manufacturing","transport equipment","total","0.9"
"2009-Q1","manufacturing","transport equipment","professional, managers, executive and technicians","2.2"
"2009-Q1","manufacturing","transport equipment","clerical, sales and services workers","0.9"
"2009-Q1","manufacturing","transport equipment","production and transport operators, cleaners and labourers","0.6"
"2009-Q1","manufacturing","other manufacturing industries","total","0.5"
"2009-Q1","manufacturing","other manufacturing industries","professional, managers, executive and technicians","-"
"2009-Q1","manufacturing","other manufacturing industries","clerical, sales and services workers","-"
"2009-Q1","manufacturing","other manufacturing industries","production and transport operators, cleaners and labourers","0.4"
"2009-Q1","construction","construction","total","0.5"
"2009-Q1","construction","construction","professional, managers, executive and technicians","1.1"
"2009-Q1","construction","construction","clerical, sales and services workers","0.8"
"2009-Q1","construction","construction","production and transport operators, cleaners and labourers","0.4"
"2009-Q1","services","wholesale and retail trade","total","1.1"
"2009-Q1","services","wholesale and retail trade","professional, managers, executive and technicians","1.1"
"2009-Q1","services","wholesale and retail trade","clerical, sales and services workers","1.3"
"2009-Q1","services","wholesale and retail trade","production and transport operators, cleaners and labourers","1"
"2009-Q1","services","transportation and storage","total","1"
"2009-Q1","services","transportation and storage","professional, managers, executive and technicians","1.4"
"2009-Q1","services","transportation and storage","clerical, sales and services workers","1.2"
"2009-Q1","services","transportation and storage","production and transport operators, cleaners and labourers","0.6"
"2009-Q1","services","accommodation and food services","total","1"
"2009-Q1","services","accommodation and food services","professional, managers, executive and technicians","1"
"2009-Q1","services","accommodation and food services","clerical, sales and services workers","1.1"
"2009-Q1","services","accommodation and food services","production and transport operators, cleaners and labourers","0.9"
"2009-Q1","services","information and communications","total","0.8"
"2009-Q1","services","information and communications","professional, managers, executive and technicians","0.7"
"2009-Q1","services","information and communications","clerical, sales and services workers","1.5"
"2009-Q1","services","information and communications","production and transport operators, cleaners and labourers","-"
"2009-Q1","services","financial and insurance services","total","0.8"
"2009-Q1","services","financial and insurance services","professional, managers, executive and technicians","0.8"
"2009-Q1","services","financial and insurance services","clerical, sales and services workers","0.8"
"2009-Q1","services","financial and insurance services","production and transport operators, cleaners and labourers","-"
"2009-Q1","services","real estate services","total","1.4"
"2009-Q1","services","real estate services","professional, managers, executive and technicians","3"
"2009-Q1","services","real estate services","clerical, sales and services workers","1.2"
"2009-Q1","services","real estate services","production and transport operators, cleaners and labourers","0.5"
"2009-Q1","services","professional services","total","1.6"
"2009-Q1","services","professional services","professional, managers, executive and technicians","1.1"
"2009-Q1","services","professional services","clerical, sales and services workers","1.2"
"2009-Q1","services","professional services","production and transport operators, cleaners and labourers","3.7"
"2009-Q1","services","administrative and support services","total","2.3"
"2009-Q1","services","administrative and support services","professional, managers, executive and technicians","1.9"
"2009-Q1","services","administrative and support services","clerical, sales and services workers","3.5"
"2009-Q1","services","administrative and support services","production and transport operators, cleaners and labourers","1.3"
"2009-Q1","services","community, social and personal services","total","4"
"2009-Q1","services","community, social and personal services","professional, managers, executive and technicians","4.4"
"2009-Q1","services","community, social and personal services","clerical, sales and services workers","3.6"
"2009-Q1","services","community, social and personal services","production and transport operators, cleaners and labourers","1.9"
"2009-Q1","others","others","total","1.3"
"2009-Q1","others","others","professional, managers, executive and technicians","2.7"
"2009-Q1","others","others","clerical, sales and services workers","-"
"2009-Q1","others","others","production and transport operators, cleaners and labourers","-"
"2009-Q2","total","total","total","1.6"
"2009-Q2","total","total","professional, managers, executive and technicians","2.2"
"2009-Q2","total","total","clerical, sales and services workers","1.7"
"2009-Q2","total","total","production and transport operators, cleaners and labourers","0.9"
"2009-Q2","manufacturing","food, beverages and tobacco","total","1.4"
"2009-Q2","manufacturing","food, beverages and tobacco","professional, managers, executive and technicians","1.7"
"2009-Q2","manufacturing","food, beverages and tobacco","clerical, sales and services workers","2.1"
"2009-Q2","manufacturing","food, beverages and tobacco","production and transport operators, cleaners and labourers","0.9"
"2009-Q2","manufacturing","paper,rubber,plastic products and printing","total","1"
"2009-Q2","manufacturing","paper,rubber,plastic products and printing","professional, managers, executive and technicians","0.7"
"2009-Q2","manufacturing","paper,rubber,plastic products and printing","clerical, sales and services workers","2.3"
"2009-Q2","manufacturing","paper,rubber,plastic products and printing","production and transport operators, cleaners and labourers","0.9"
"2009-Q2","manufacturing","petroleum, chemical and pharmaceutical products","total","1.2"
"2009-Q2","manufacturing","petroleum, chemical and pharmaceutical products","professional, managers, executive and technicians","1.4"
"2009-Q2","manufacturing","petroleum, chemical and pharmaceutical products","clerical, sales and services workers","-"
"2009-Q2","manufacturing","petroleum, chemical and pharmaceutical products","production and transport operators, cleaners and labourers","1.1"
"2009-Q2","manufacturing","fabricated metal products, machinery and equipment","total","0.7"
"2009-Q2","manufacturing","fabricated metal products, machinery and equipment","professional, managers, executive and technicians","1"
"2009-Q2","manufacturing","fabricated metal products, machinery and equipment","clerical, sales and services workers","1.1"
"2009-Q2","manufacturing","fabricated metal products, machinery and equipment","production and transport operators, cleaners and labourers","0.6"
"2009-Q2","manufacturing","electronic, computer and optical products","total","1.5"
"2009-Q2","manufacturing","electronic, computer and optical products","professional, managers, executive and technicians","1.2"
"2009-Q2","manufacturing","electronic, computer and optical products","clerical, sales and services workers","-"
"2009-Q2","manufacturing","electronic, computer and optical products","production and transport operators, cleaners and labourers","1.9"
"2009-Q2","manufacturing","transport equipment","total","1.1"
"2009-Q2","manufacturing","transport equipment","professional, managers, executive and technicians","1.7"
"2009-Q2","manufacturing","transport equipment","clerical, sales and services workers","1.6"
"2009-Q2","manufacturing","transport equipment","production and transport operators, cleaners and labourers","0.9"
"2009-Q2","manufacturing","other manufacturing industries","total","1.1"
"2009-Q2","manufacturing","other manufacturing industries","professional, managers, executive and technicians","1.2"
"2009-Q2","manufacturing","other manufacturing industries","clerical, sales and services workers","-"
"2009-Q2","manufacturing","other manufacturing industries","production and transport operators, cleaners and labourers","1"
"2009-Q2","construction","construction","total","0.7"
"2009-Q2","construction","construction","professional, managers, executive and technicians","1.4"
"2009-Q2","construction","construction","clerical, sales and services workers","0.6"
"2009-Q2","construction","construction","production and transport operators, cleaners and labourers","0.5"
"2009-Q2","services","wholesale and retail trade","total","1.2"
"2009-Q2","services","wholesale and retail trade","professional, managers, executive and technicians","1"
"2009-Q2","services","wholesale and retail trade","clerical, sales and services workers","1.6"
"2009-Q2","services","wholesale and retail trade","production and transport operators, cleaners and labourers","0.6"
"2009-Q2","services","transportation and storage","total","1"
"2009-Q2","services","transportation and storage","professional, managers, executive and technicians","1.5"
"2009-Q2","services","transportation and storage","clerical, sales and services workers","0.7"
"2009-Q2","services","transportation and storage","production and transport operators, cleaners and labourers","0.9"
"2009-Q2","services","accommodation and food services","total","1.6"
"2009-Q2","services","accommodation and food services","professional, managers, executive and technicians","1.4"
"2009-Q2","services","accommodation and food services","clerical, sales and services workers","1.6"
"2009-Q2","services","accommodation and food services","production and transport operators, cleaners and labourers","1.8"
"2009-Q2","services","information and communications","total","1.4"
"2009-Q2","services","information and communications","professional, managers, executive and technicians","1.3"
"2009-Q2","services","information and communications","clerical, sales and services workers","2"
"2009-Q2","services","information and communications","production and transport operators, cleaners and labourers","-"
"2009-Q2","services","financial and insurance services","total","1"
"2009-Q2","services","financial and insurance services","professional, managers, executive and technicians","1.1"
"2009-Q2","services","financial and insurance services","clerical, sales and services workers","0.7"
"2009-Q2","services","financial and insurance services","production and transport operators, cleaners and labourers","-"
"2009-Q2","services","real estate services","total","2.1"
"2009-Q2","services","real estate services","professional, managers, executive and technicians","2.9"
"2009-Q2","services","real estate services","clerical, sales and services workers","2.8"
"2009-Q2","services","real estate services","production and transport operators, cleaners and labourers","1.5"
"2009-Q2","services","professional services","total","1.1"
"2009-Q2","services","professional services","professional, managers, executive and technicians","1.2"
"2009-Q2","services","professional services","clerical, sales and services workers","1.2"
"2009-Q2","services","professional services","production and transport operators, cleaners and labourers","0.4"
"2009-Q2","services","administrative and support services","total","2.1"
"2009-Q2","services","administrative and support services","professional, managers, executive and technicians","1.2"
"2009-Q2","services","administrative and support services","clerical, sales and services workers","3.2"
"2009-Q2","services","administrative and support services","production and transport operators, cleaners and labourers","1.3"
"2009-Q2","services","community, social and personal services","total","4.2"
"2009-Q2","services","community, social and personal services","professional, managers, executive and technicians","4.9"
"2009-Q2","services","community, social and personal services","clerical, sales and services workers","2.6"
"2009-Q2","services","community, social and personal services","production and transport operators, cleaners and labourers","1.9"
"2009-Q2","others","others","total","1.3"
"2009-Q2","others","others","professional, managers, executive and technicians","2.4"
"2009-Q2","others","others","clerical, sales and services workers","-"
"2009-Q2","others","others","production and transport operators, cleaners and labourers","-"
"2009-Q3","total","total","total","2.2"
"2009-Q3","total","total","professional, managers, executive and technicians","2.4"
"2009-Q3","total","total","clerical, sales and services workers","2.7"
"2009-Q3","total","total","production and transport operators, cleaners and labourers","1.6"
"2009-Q3","manufacturing","food, beverages and tobacco","total","2.3"
"2009-Q3","manufacturing","food, beverages and tobacco","professional, managers, executive and technicians","1.7"
"2009-Q3","manufacturing","food, beverages and tobacco","clerical, sales and services workers","2.8"
"2009-Q3","manufacturing","food, beverages and tobacco","production and transport operators, cleaners and labourers","2.2"
"2009-Q3","manufacturing","paper,rubber,plastic products and printing","total","1.5"
"2009-Q3","manufacturing","paper,rubber,plastic products and printing","professional, managers, executive and technicians","1.4"
"2009-Q3","manufacturing","paper,rubber,plastic products and printing","clerical, sales and services workers","-"
"2009-Q3","manufacturing","paper,rubber,plastic products and printing","production and transport operators, cleaners and labourers","1.6"
"2009-Q3","manufacturing","petroleum, chemical and pharmaceutical products","total","1.4"
"2009-Q3","manufacturing","petroleum, chemical and pharmaceutical products","professional, managers, executive and technicians","1.8"
"2009-Q3","manufacturing","petroleum, chemical and pharmaceutical products","clerical, sales and services workers","-"
"2009-Q3","manufacturing","petroleum, chemical and pharmaceutical products","production and transport operators, cleaners and labourers","1"
"2009-Q3","manufacturing","fabricated metal products, machinery and equipment","total","1.5"
"2009-Q3","manufacturing","fabricated metal products, machinery and equipment","professional, managers, executive and technicians","1.6"
"2009-Q3","manufacturing","fabricated metal products, machinery and equipment","clerical, sales and services workers","-"
"2009-Q3","manufacturing","fabricated metal products, machinery and equipment","production and transport operators, cleaners and labourers","1.6"
"2009-Q3","manufacturing","electronic, computer and optical products","total","0.9"
"2009-Q3","manufacturing","electronic, computer and optical products","professional, managers, executive and technicians","0.9"
"2009-Q3","manufacturing","electronic, computer and optical products","clerical, sales and services workers","-"
"2009-Q3","manufacturing","electronic, computer and optical products","production and transport operators, cleaners and labourers","1"
"2009-Q3","manufacturing","transport equipment","total","1.7"
"2009-Q3","manufacturing","transport equipment","professional, managers, executive and technicians","1.9"
"2009-Q3","manufacturing","transport equipment","clerical, sales and services workers","1.5"
"2009-Q3","manufacturing","transport equipment","production and transport operators, cleaners and labourers","1.6"
"2009-Q3","manufacturing","other manufacturing industries","total","2.2"
"2009-Q3","manufacturing","other manufacturing industries","professional, managers, executive and technicians","1.6"
"2009-Q3","manufacturing","other manufacturing industries","clerical, sales and services workers","1.5"
"2009-Q3","manufacturing","other manufacturing industries","production and transport operators, cleaners and labourers","2.5"
"2009-Q3","construction","construction","total","1.2"
"2009-Q3","construction","construction","professional, managers, executive and technicians","2"
"2009-Q3","construction","construction","clerical, sales and services workers","0.6"
"2009-Q3","construction","construction","production and transport operators, cleaners and labourers","1.1"
"2009-Q3","services","wholesale and retail trade","total","2"
"2009-Q3","services","wholesale and retail trade","professional, managers, executive and technicians","1.5"
"2009-Q3","services","wholesale and retail trade","clerical, sales and services workers","2.7"
"2009-Q3","services","wholesale and retail trade","production and transport operators, cleaners and labourers","1.5"
"2009-Q3","services","transportation and storage","total","1.6"
"2009-Q3","services","transportation and storage","professional, managers, executive and technicians","2.2"
"2009-Q3","services","transportation and storage","clerical, sales and services workers","0.8"
"2009-Q3","services","transportation and storage","production and transport operators, cleaners and labourers","1.8"
"2009-Q3","services","accommodation and food services","total","3.6"
"2009-Q3","services","accommodation and food services","professional, managers, executive and technicians","1.8"
"2009-Q3","services","accommodation and food services","clerical, sales and services workers","4.1"
"2009-Q3","services","accommodation and food services","production and transport operators, cleaners and labourers","3.6"
"2009-Q3","services","information and communications","total","2"
"2009-Q3","services","information and communications","professional, managers, executive and technicians","2.2"
"2009-Q3","services","information and communications","clerical, sales and services workers","1.1"
"2009-Q3","services","information and communications","production and transport operators, cleaners and labourers","-"
"2009-Q3","services","financial and insurance services","total","1.3"
"2009-Q3","services","financial and insurance services","professional, managers, executive and technicians","1.4"
"2009-Q3","services","financial and insurance services","clerical, sales and services workers","0.9"
"2009-Q3","services","financial and insurance services","production and transport operators, cleaners and labourers","1.8"
"2009-Q3","services","real estate services","total","2.1"
"2009-Q3","services","real estate services","professional, managers, executive and technicians","2.3"
"2009-Q3","services","real estate services","clerical, sales and services workers","2.1"
"2009-Q3","services","real estate services","production and transport operators, cleaners and labourers","1.9"
"2009-Q3","services","professional services","total","1.7"
"2009-Q3","services","professional services","professional, managers, executive and technicians","1.8"
"2009-Q3","services","professional services","clerical, sales and services workers","1.6"
"2009-Q3","services","professional services","production and transport operators, cleaners and labourers","1.6"
"2009-Q3","services","administrative and support services","total","3.7"
"2009-Q3","services","administrative and support services","professional, managers, executive and technicians","2.4"
"2009-Q3","services","administrative and support services","clerical, sales and services workers","5.6"
"2009-Q3","services","administrative and support services","production and transport operators, cleaners and labourers","2.3"
"2009-Q3","services","community, social and personal services","total","4"
"2009-Q3","services","community, social and personal services","professional, managers, executive and technicians","4.5"
"2009-Q3","services","community, social and personal services","clerical, sales and services workers","3.1"
"2009-Q3","services","community, social and personal services","production and transport operators, cleaners and labourers","2.2"
"2009-Q3","others","others","total","2.7"
"2009-Q3","others","others","professional, managers, executive and technicians","2.4"
"2009-Q3","others","others","clerical, sales and services workers","-"
"2009-Q3","others","others","production and transport operators, cleaners and labourers","3.5"
"2009-Q4","total","total","total","2.1"
"2009-Q4","total","total","professional, managers, executive and technicians","2.6"
"2009-Q4","total","total","clerical, sales and services workers","2.4"
"2009-Q4","total","total","production and transport operators, cleaners and labourers","1.5"
"2009-Q4","manufacturing","food, beverages and tobacco","total","1.1"
"2009-Q4","manufacturing","food, beverages and tobacco","professional, managers, executive and technicians","-"
"2009-Q4","manufacturing","food, beverages and tobacco","clerical, sales and services workers","-"
"2009-Q4","manufacturing","food, beverages and tobacco","production and transport operators, cleaners and labourers","1.5"
"2009-Q4","manufacturing","paper,rubber,plastic products and printing","total","1.1"
"2009-Q4","manufacturing","paper,rubber,plastic products and printing","professional, managers, executive and technicians","1.1"
"2009-Q4","manufacturing","paper,rubber,plastic products and printing","clerical, sales and services workers","-"
"2009-Q4","manufacturing","paper,rubber,plastic products and printing","production and transport operators, cleaners and labourers","1.2"
"2009-Q4","manufacturing","petroleum, chemical and pharmaceutical products","total","1.4"
"2009-Q4","manufacturing","petroleum, chemical and pharmaceutical products","professional, managers, executive and technicians","1.4"
"2009-Q4","manufacturing","petroleum, chemical and pharmaceutical products","clerical, sales and services workers","-"
"2009-Q4","manufacturing","petroleum, chemical and pharmaceutical products","production and transport operators, cleaners and labourers","1.4"
"2009-Q4","manufacturing","fabricated metal products, machinery and equipment","total","1.3"
"2009-Q4","manufacturing","fabricated metal products, machinery and equipment","professional, managers, executive and technicians","1.7"
"2009-Q4","manufacturing","fabricated metal products, machinery and equipment","clerical, sales and services workers","0.8"
"2009-Q4","manufacturing","fabricated metal products, machinery and equipment","production and transport operators, cleaners and labourers","1.2"
"2009-Q4","manufacturing","electronic, computer and optical products","total","1.4"
"2009-Q4","manufacturing","electronic, computer and optical products","professional, managers, executive and technicians","1.7"
"2009-Q4","manufacturing","electronic, computer and optical products","clerical, sales and services workers","-"
"2009-Q4","manufacturing","electronic, computer and optical products","production and transport operators, cleaners and labourers","1.2"
"2009-Q4","manufacturing","transport equipment","total","1.9"
"2009-Q4","manufacturing","transport equipment","professional, managers, executive and technicians","1.7"
"2009-Q4","manufacturing","transport equipment","clerical, sales and services workers","1.8"
"2009-Q4","manufacturing","transport equipment","production and transport operators, cleaners and labourers","2"
"2009-Q4","manufacturing","other manufacturing industries","total","2.5"
"2009-Q4","manufacturing","other manufacturing industries","professional, managers, executive and technicians","1.9"
"2009-Q4","manufacturing","other manufacturing industries","clerical, sales and services workers","2.5"
"2009-Q4","manufacturing","other manufacturing industries","production and transport operators, cleaners and labourers","2.8"
"2009-Q4","construction","construction","total","0.9"
"2009-Q4","construction","construction","professional, managers, executive and technicians","2.4"
"2009-Q4","construction","construction","clerical, sales and services workers","1.1"
"2009-Q4","construction","construction","production and transport operators, cleaners and labourers","0.6"
"2009-Q4","services","wholesale and retail trade","total","1.8"
"2009-Q4","services","wholesale and retail trade","professional, managers, executive and technicians","1.3"
"2009-Q4","services","wholesale and retail trade","clerical, sales and services workers","2.2"
"2009-Q4","services","wholesale and retail trade","production and transport operators, cleaners and labourers","1.6"
"2009-Q4","services","transportation and storage","total","1.7"
"2009-Q4","services","transportation and storage","professional, managers, executive and technicians","2.2"
"2009-Q4","services","transportation and storage","clerical, sales and services workers","1.7"
"2009-Q4","services","transportation and storage","production and transport operators, cleaners and labourers","1.5"
"2009-Q4","services","accommodation and food services","total","3.2"
"2009-Q4","services","accommodation and food services","professional, managers, executive and technicians","2.1"
"2009-Q4","services","accommodation and food services","clerical, sales and services workers","3"
"2009-Q4","services","accommodation and food services","production and transport operators, cleaners and labourers","4.9"
"2009-Q4","services","information and communications","total","2.1"
"2009-Q4","services","information and communications","professional, managers, executive and technicians","2.4"
"2009-Q4","services","information and communications","clerical, sales and services workers","1.1"
"2009-Q4","services","information and communications","production and transport operators, cleaners and labourers","-"
"2009-Q4","services","financial and insurance services","total","1.9"
"2009-Q4","services","financial and insurance services","professional, managers, executive and technicians","2"
"2009-Q4","services","financial and insurance services","clerical, sales and services workers","1.7"
"2009-Q4","services","financial and insurance services","production and transport operators, cleaners and labourers","-"
"2009-Q4","services","real estate services","total","1.9"
"2009-Q4","services","real estate services","professional, managers, executive and technicians","3"
"2009-Q4","services","real estate services","clerical, sales and services workers","2.2"
"2009-Q4","services","real estate services","production and transport operators, cleaners and labourers","1"
"2009-Q4","services","professional services","total","1.5"
"2009-Q4","services","professional services","professional, managers, executive and technicians","1.6"
"2009-Q4","services","professional services","clerical, sales and services workers","1.6"
"2009-Q4","services","professional services","production and transport operators, cleaners and labourers","1.3"
"2009-Q4","services","administrative and support services","total","2.4"
"2009-Q4","services","administrative and support services","professional, managers, executive and technicians","1.8"
"2009-Q4","services","administrative and support services","clerical, sales and services workers","3.6"
"2009-Q4","services","administrative and support services","production and transport operators, cleaners and labourers","1.3"
"2009-Q4","services","community, social and personal services","total","4.5"
"2009-Q4","services","community, social and personal services","professional, managers, executive and technicians","4.7"
"2009-Q4","services","community, social and personal services","clerical, sales and services workers","3.8"
"2009-Q4","services","community, social and personal services","production and transport operators, cleaners and labourers","4.6"
"2009-Q4","others","others","total","2.2"
"2009-Q4","others","others","professional, managers, executive and technicians","2.1"
"2009-Q4","others","others","clerical, sales and services workers","-"
"2009-Q4","others","others","production and transport operators, cleaners and labourers","2.4"
"2010-Q1","total","total","total","2.2"
"2010-Q1","total","total","professional, managers, executive and technicians","2.6"
"2010-Q1","total","total","clerical, sales and services workers","2.5"
"2010-Q1","total","total","production and transport operators, cleaners and labourers","1.6"
"2010-Q1","manufacturing","food, beverages and tobacco","total","1.5"
"2010-Q1","manufacturing","food, beverages and tobacco","professional, managers, executive and technicians","-"
"2010-Q1","manufacturing","food, beverages and tobacco","clerical, sales and services workers","2.2"
"2010-Q1","manufacturing","food, beverages and tobacco","production and transport operators, cleaners and labourers","1.3"
"2010-Q1","manufacturing","paper,rubber,plastic products and printing","total","2"
"2010-Q1","manufacturing","paper,rubber,plastic products and printing","professional, managers, executive and technicians","2.4"
"2010-Q1","manufacturing","paper,rubber,plastic products and printing","clerical, sales and services workers","-"
"2010-Q1","manufacturing","paper,rubber,plastic products and printing","production and transport operators, cleaners and labourers","1.9"
"2010-Q1","manufacturing","petroleum, chemical and pharmaceutical products","total","1.6"
"2010-Q1","manufacturing","petroleum, chemical and pharmaceutical products","professional, managers, executive and technicians","1.3"
"2010-Q1","manufacturing","petroleum, chemical and pharmaceutical products","clerical, sales and services workers","-"
"2010-Q1","manufacturing","petroleum, chemical and pharmaceutical products","production and transport operators, cleaners and labourers","2.1"
"2010-Q1","manufacturing","fabricated metal products, machinery and equipment","total","1.8"
"2010-Q1","manufacturing","fabricated metal products, machinery and equipment","professional, managers, executive and technicians","2"
"2010-Q1","manufacturing","fabricated metal products, machinery and equipment","clerical, sales and services workers","1.8"
"2010-Q1","manufacturing","fabricated metal products, machinery and equipment","production and transport operators, cleaners and labourers","1.8"
"2010-Q1","manufacturing","electronic, computer and optical products","total","2.4"
"2010-Q1","manufacturing","electronic, computer and optical products","professional, managers, executive and technicians","2.5"
"2010-Q1","manufacturing","electronic, computer and optical products","clerical, sales and services workers","1.3"
"2010-Q1","manufacturing","electronic, computer and optical products","production and transport operators, cleaners and labourers","2.3"
"2010-Q1","manufacturing","transport equipment","total","1.7"
"2010-Q1","manufacturing","transport equipment","professional, managers, executive and technicians","1.9"
"2010-Q1","manufacturing","transport equipment","clerical, sales and services workers","3.2"
"2010-Q1","manufacturing","transport equipment","production and transport operators, cleaners and labourers","1.5"
"2010-Q1","manufacturing","other manufacturing industries","total","2.9"
"2010-Q1","manufacturing","other manufacturing industries","professional, managers, executive and technicians","2.1"
"2010-Q1","manufacturing","other manufacturing industries","clerical, sales and services workers","2.2"
"2010-Q1","manufacturing","other manufacturing industries","production and transport operators, cleaners and labourers","3.3"
"2010-Q1","construction","construction","total","1"
"2010-Q1","construction","construction","professional, managers, executive and technicians","2.1"
"2010-Q1","construction","construction","clerical, sales and services workers","1.1"
"2010-Q1","construction","construction","production and transport operators, cleaners and labourers","0.7"
"2010-Q1","services","wholesale and retail trade","total","2.1"
"2010-Q1","services","wholesale and retail trade","professional, managers, executive and technicians","1.7"
"2010-Q1","services","wholesale and retail trade","clerical, sales and services workers","2.3"
"2010-Q1","services","wholesale and retail trade","production and transport operators, cleaners and labourers","2"
"2010-Q1","services","transportation and storage","total","2.3"
"2010-Q1","services","transportation and storage","professional, managers, executive and technicians","2.1"
"2010-Q1","services","transportation and storage","clerical, sales and services workers","2.5"
"2010-Q1","services","transportation and storage","production and transport operators, cleaners and labourers","2.2"
"2010-Q1","services","accommodation and food services","total","3.9"
"2010-Q1","services","accommodation and food services","professional, managers, executive and technicians","3"
"2010-Q1","services","accommodation and food services","clerical, sales and services workers","3.7"
"2010-Q1","services","accommodation and food services","production and transport operators, cleaners and labourers","5.5"
"2010-Q1","services","information and communications","total","2.6"
"2010-Q1","services","information and communications","professional, managers, executive and technicians","2.8"
"2010-Q1","services","information and communications","clerical, sales and services workers","1.8"
"2010-Q1","services","information and communications","production and transport operators, cleaners and labourers","-"
"2010-Q1","services","financial and insurance services","total","1.8"
"2010-Q1","services","financial and insurance services","professional, managers, executive and technicians","1.9"
"2010-Q1","services","financial and insurance services","clerical, sales and services workers","1.6"
"2010-Q1","services","financial and insurance services","production and transport operators, cleaners and labourers","-"
"2010-Q1","services","real estate services","total","1.8"
"2010-Q1","services","real estate services","professional, managers, executive and technicians","2.9"
"2010-Q1","services","real estate services","clerical, sales and services workers","2.1"
"2010-Q1","services","real estate services","production and transport operators, cleaners and labourers","0.9"
"2010-Q1","services","professional services","total","1.6"
"2010-Q1","services","professional services","professional, managers, executive and technicians","1.7"
"2010-Q1","services","professional services","clerical, sales and services workers","1.4"
"2010-Q1","services","professional services","production and transport operators, cleaners and labourers","1.2"
"2010-Q1","services","administrative and support services","total","2.2"
"2010-Q1","services","administrative and support services","professional, managers, executive and technicians","2"
"2010-Q1","services","administrative and support services","clerical, sales and services workers","3.2"
"2010-Q1","services","administrative and support services","production and transport operators, cleaners and labourers","1.2"
"2010-Q1","services","community, social and personal services","total","3.5"
"2010-Q1","services","community, social and personal services","professional, managers, executive and technicians","4"
"2010-Q1","services","community, social and personal services","clerical, sales and services workers","2.6"
"2010-Q1","services","community, social and personal services","production and transport operators, cleaners and labourers","2.3"
"2010-Q1","others","others","total","2.1"
"2010-Q1","others","others","professional, managers, executive and technicians","2.1"
"2010-Q1","others","others","clerical, sales and services workers","-"
"2010-Q1","others","others","production and transport operators, cleaners and labourers","2.4"
"2010-Q2","total","total","total","2.7"
"2010-Q2","total","total","professional, managers, executive and technicians","3.1"
"2010-Q2","total","total","clerical, sales and services workers","3"
"2010-Q2","total","total","production and transport operators, cleaners and labourers","2"
"2010-Q2","manufacturing","food, beverages and tobacco","total","1.8"
"2010-Q2","manufacturing","food, beverages and tobacco","professional, managers, executive and technicians","-"
"2010-Q2","manufacturing","food, beverages and tobacco","clerical, sales and services workers","2"
"2010-Q2","manufacturing","food, beverages and tobacco","production and transport operators, cleaners and labourers","1.8"
"2010-Q2","manufacturing","paper,rubber,plastic products and printing","total","1.7"
"2010-Q2","manufacturing","paper,rubber,plastic products and printing","professional, managers, executive and technicians","1.8"
"2010-Q2","manufacturing","paper,rubber,plastic products and printing","clerical, sales and services workers","2.3"
"2010-Q2","manufacturing","paper,rubber,plastic products and printing","production and transport operators, cleaners and labourers","1.6"
"2010-Q2","manufacturing","petroleum, chemical and pharmaceutical products","total","1.6"
"2010-Q2","manufacturing","petroleum, chemical and pharmaceutical products","professional, managers, executive and technicians","1.4"
"2010-Q2","manufacturing","petroleum, chemical and pharmaceutical products","clerical, sales and services workers","-"
"2010-Q2","manufacturing","petroleum, chemical and pharmaceutical products","production and transport operators, cleaners and labourers","1.7"
"2010-Q2","manufacturing","fabricated metal products, machinery and equipment","total","2.1"
"2010-Q2","manufacturing","fabricated metal products, machinery and equipment","professional, managers, executive and technicians","3.2"
"2010-Q2","manufacturing","fabricated metal products, machinery and equipment","clerical, sales and services workers","2.2"
"2010-Q2","manufacturing","fabricated metal products, machinery and equipment","production and transport operators, cleaners and labourers","1.6"
"2010-Q2","manufacturing","electronic, computer and optical products","total","3.6"
"2010-Q2","manufacturing","electronic, computer and optical products","professional, managers, executive and technicians","3.3"
"2010-Q2","manufacturing","electronic, computer and optical products","clerical, sales and services workers","1.5"
"2010-Q2","manufacturing","electronic, computer and optical products","production and transport operators, cleaners and labourers","4.2"
"2010-Q2","manufacturing","transport equipment","total","1.5"
"2010-Q2","manufacturing","transport equipment","professional, managers, executive and technicians","2.9"
"2010-Q2","manufacturing","transport equipment","clerical, sales and services workers","1.4"
"2010-Q2","manufacturing","transport equipment","production and transport operators, cleaners and labourers","1.1"
"2010-Q2","manufacturing","other manufacturing industries","total","2.9"
"2010-Q2","manufacturing","other manufacturing industries","professional, managers, executive and technicians","2.6"
"2010-Q2","manufacturing","other manufacturing industries","clerical, sales and services workers","2.3"
"2010-Q2","manufacturing","other manufacturing industries","production and transport operators, cleaners and labourers","3.2"
"2010-Q2","construction","construction","total","1"
"2010-Q2","construction","construction","professional, managers, executive and technicians","2.2"
"2010-Q2","construction","construction","clerical, sales and services workers","1.3"
"2010-Q2","construction","construction","production and transport operators, cleaners and labourers","0.7"
"2010-Q2","services","wholesale and retail trade","total","2.7"
"2010-Q2","services","wholesale and retail trade","professional, managers, executive and technicians","2.3"
"2010-Q2","services","wholesale and retail trade","clerical, sales and services workers","2.5"
"2010-Q2","services","wholesale and retail trade","production and transport operators, cleaners and labourers","3.4"
"2010-Q2","services","transportation and storage","total","3.1"
"2010-Q2","services","transportation and storage","professional, managers, executive and technicians","2.3"
"2010-Q2","services","transportation and storage","clerical, sales and services workers","2.9"
"2010-Q2","services","transportation and storage","production and transport operators, cleaners and labourers","3.7"
"2010-Q2","services","accommodation and food services","total","3.9"
"2010-Q2","services","accommodation and food services","professional, managers, executive and technicians","3.4"
"2010-Q2","services","accommodation and food services","clerical, sales and services workers","3.7"
"2010-Q2","services","accommodation and food services","production and transport operators, cleaners and labourers","4.9"
"2010-Q2","services","information and communications","total","2.3"
"2010-Q2","services","information and communications","professional, managers, executive and technicians","2.5"
"2010-Q2","services","information and communications","clerical, sales and services workers","1.4"
"2010-Q2","services","information and communications","production and transport operators, cleaners and labourers","-"
"2010-Q2","services","financial and insurance services","total","2.7"
"2010-Q2","services","financial and insurance services","professional, managers, executive and technicians","2.8"
"2010-Q2","services","financial and insurance services","clerical, sales and services workers","2.5"
"2010-Q2","services","financial and insurance services","production and transport operators, cleaners and labourers","-"
"2010-Q2","services","real estate services","total","2.4"
"2010-Q2","services","real estate services","professional, managers, executive and technicians","3.6"
"2010-Q2","services","real estate services","clerical, sales and services workers","2.7"
"2010-Q2","services","real estate services","production and transport operators, cleaners and labourers","1.4"
"2010-Q2","services","professional services","total","1.9"
"2010-Q2","services","professional services","professional, managers, executive and technicians","2.1"
"2010-Q2","services","professional services","clerical, sales and services workers","1.7"
"2010-Q2","services","professional services","production and transport operators, cleaners and labourers","1"
"2010-Q2","services","administrative and support services","total","3.2"
"2010-Q2","services","administrative and support services","professional, managers, executive and technicians","1.7"
"2010-Q2","services","administrative and support services","clerical, sales and services workers","4.7"
"2010-Q2","services","administrative and support services","production and transport operators, cleaners and labourers","2"
"2010-Q2","services","community, social and personal services","total","4.4"
"2010-Q2","services","community, social and personal services","professional, managers, executive and technicians","4.7"
"2010-Q2","services","community, social and personal services","clerical, sales and services workers","3.7"
"2010-Q2","services","community, social and personal services","production and transport operators, cleaners and labourers","4.2"
"2010-Q2","others","others","total","2.5"
"2010-Q2","others","others","professional, managers, executive and technicians","3.1"
"2010-Q2","others","others","clerical, sales and services workers","-"
"2010-Q2","others","others","production and transport operators, cleaners and labourers","1.9"
"2010-Q3","total","total","total","2.8"
"2010-Q3","total","total","professional, managers, executive and technicians","3"
"2010-Q3","total","total","clerical, sales and services workers","3.5"
"2010-Q3","total","total","production and transport operators, cleaners and labourers","2.1"
"2010-Q3","manufacturing","food, beverages and tobacco","total","2.8"
"2010-Q3","manufacturing","food, beverages and tobacco","professional, managers, executive and technicians","1.9"
"2010-Q3","manufacturing","food, beverages and tobacco","clerical, sales and services workers","3.2"
"2010-Q3","manufacturing","food, beverages and tobacco","production and transport operators, cleaners and labourers","2.8"
"2010-Q3","manufacturing","paper,rubber,plastic products and printing","total","2.2"
"2010-Q3","manufacturing","paper,rubber,plastic products and printing","professional, managers, executive and technicians","1.8"
"2010-Q3","manufacturing","paper,rubber,plastic products and printing","clerical, sales and services workers","2.1"
"2010-Q3","manufacturing","paper,rubber,plastic products and printing","production and transport operators, cleaners and labourers","2.4"
"2010-Q3","manufacturing","petroleum, chemical and pharmaceutical products","total","1.9"
"2010-Q3","manufacturing","petroleum, chemical and pharmaceutical products","professional, managers, executive and technicians","2.2"
"2010-Q3","manufacturing","petroleum, chemical and pharmaceutical products","clerical, sales and services workers","-"
"2010-Q3","manufacturing","petroleum, chemical and pharmaceutical products","production and transport operators, cleaners and labourers","1.4"
"2010-Q3","manufacturing","fabricated metal products, machinery and equipment","total","2.1"
"2010-Q3","manufacturing","fabricated metal products, machinery and equipment","professional, managers, executive and technicians","2.3"
"2010-Q3","manufacturing","fabricated metal products, machinery and equipment","clerical, sales and services workers","1.2"
"2010-Q3","manufacturing","fabricated metal products, machinery and equipment","production and transport operators, cleaners and labourers","2.1"
"2010-Q3","manufacturing","electronic, computer and optical products","total","2.7"
"2010-Q3","manufacturing","electronic, computer and optical products","professional, managers, executive and technicians","3.6"
"2010-Q3","manufacturing","electronic, computer and optical products","clerical, sales and services workers","-"
"2010-Q3","manufacturing","electronic, computer and optical products","production and transport operators, cleaners and labourers","2"
"2010-Q3","manufacturing","transport equipment","total","1.5"
"2010-Q3","manufacturing","transport equipment","professional, managers, executive and technicians","1.8"
"2010-Q3","manufacturing","transport equipment","clerical, sales and services workers","1.3"
"2010-Q3","manufacturing","transport equipment","production and transport operators, cleaners and labourers","1.4"
"2010-Q3","manufacturing","other manufacturing industries","total","1.9"
"2010-Q3","manufacturing","other manufacturing industries","professional, managers, executive and technicians","2.6"
"2010-Q3","manufacturing","other manufacturing industries","clerical, sales and services workers","1.7"
"2010-Q3","manufacturing","other manufacturing industries","production and transport operators, cleaners and labourers","1.7"
"2010-Q3","construction","construction","total","1.4"
"2010-Q3","construction","construction","professional, managers, executive and technicians","2.2"
"2010-Q3","construction","construction","clerical, sales and services workers","1.1"
"2010-Q3","construction","construction","production and transport operators, cleaners and labourers","1.3"
"2010-Q3","services","wholesale and retail trade","total","3"
"2010-Q3","services","wholesale and retail trade","professional, managers, executive and technicians","2.3"
"2010-Q3","services","wholesale and retail trade","clerical, sales and services workers","3.8"
"2010-Q3","services","wholesale and retail trade","production and transport operators, cleaners and labourers","2.5"
"2010-Q3","services","transportation and storage","total","2.3"
"2010-Q3","services","transportation and storage","professional, managers, executive and technicians","2.5"
"2010-Q3","services","transportation and storage","clerical, sales and services workers","1.6"
"2010-Q3","services","transportation and storage","production and transport operators, cleaners and labourers","2.9"
"2010-Q3","services","accommodation and food services","total","4.9"
"2010-Q3","services","accommodation and food services","professional, managers, executive and technicians","1.6"
"2010-Q3","services","accommodation and food services","clerical, sales and services workers","5.5"
"2010-Q3","services","accommodation and food services","production and transport operators, cleaners and labourers","5.1"
"2010-Q3","services","information and communications","total","2.8"
"2010-Q3","services","information and communications","professional, managers, executive and technicians","3"
"2010-Q3","services","information and communications","clerical, sales and services workers","1.9"
"2010-Q3","services","information and communications","production and transport operators, cleaners and labourers","-"
"2010-Q3","services","financial and insurance services","total","2.3"
"2010-Q3","services","financial and insurance services","professional, managers, executive and technicians","2.5"
"2010-Q3","services","financial and insurance services","clerical, sales and services workers","1.4"
"2010-Q3","services","financial and insurance services","production and transport operators, cleaners and labourers","-"
"2010-Q3","services","real estate services","total","4.1"
"2010-Q3","services","real estate services","professional, managers, executive and technicians","3.4"
"2010-Q3","services","real estate services","clerical, sales and services workers","2.9"
"2010-Q3","services","real estate services","production and transport operators, cleaners and labourers","4.8"
"2010-Q3","services","professional services","total","2.3"
"2010-Q3","services","professional services","professional, managers, executive and technicians","2.6"
"2010-Q3","services","professional services","clerical, sales and services workers","2.5"
"2010-Q3","services","professional services","production and transport operators, cleaners and labourers","1"
"2010-Q3","services","administrative and support services","total","4.4"
"2010-Q3","services","administrative and support services","professional, managers, executive and technicians","2.9"
"2010-Q3","services","administrative and support services","clerical, sales and services workers","6.1"
"2010-Q3","services","administrative and support services","production and transport operators, cleaners and labourers","3.4"
"2010-Q3","services","community, social and personal services","total","4"
"2010-Q3","services","community, social and personal services","professional, managers, executive and technicians","4.3"
"2010-Q3","services","community, social and personal services","clerical, sales and services workers","3.7"
"2010-Q3","services","community, social and personal services","production and transport operators, cleaners and labourers","2.5"
"2010-Q3","others","others","total","2.2"
"2010-Q3","others","others","professional, managers, executive and technicians","3.3"
"2010-Q3","others","others","clerical, sales and services workers","-"
"2010-Q3","others","others","production and transport operators, cleaners and labourers","1.2"
"2010-Q4","total","total","total","2.5"
"2010-Q4","total","total","professional, managers, executive and technicians","2.8"
"2010-Q4","total","total","clerical, sales and services workers","2.8"
"2010-Q4","total","total","production and transport operators, cleaners and labourers","1.9"
"2010-Q4","manufacturing","food, beverages and tobacco","total","3"
"2010-Q4","manufacturing","food, beverages and tobacco","professional, managers, executive and technicians","1.9"
"2010-Q4","manufacturing","food, beverages and tobacco","clerical, sales and services workers","2.9"
"2010-Q4","manufacturing","food, beverages and tobacco","production and transport operators, cleaners and labourers","3.4"
"2010-Q4","manufacturing","paper,rubber,plastic products and printing","total","1.9"
"2010-Q4","manufacturing","paper,rubber,plastic products and printing","professional, managers, executive and technicians","2"
"2010-Q4","manufacturing","paper,rubber,plastic products and printing","clerical, sales and services workers","1.8"
"2010-Q4","manufacturing","paper,rubber,plastic products and printing","production and transport operators, cleaners and labourers","1.8"
"2010-Q4","manufacturing","petroleum, chemical and pharmaceutical products","total","1.2"
"2010-Q4","manufacturing","petroleum, chemical and pharmaceutical products","professional, managers, executive and technicians","1.3"
"2010-Q4","manufacturing","petroleum, chemical and pharmaceutical products","clerical, sales and services workers","-"
"2010-Q4","manufacturing","petroleum, chemical and pharmaceutical products","production and transport operators, cleaners and labourers","1.1"
"2010-Q4","manufacturing","fabricated metal products, machinery and equipment","total","1.3"
"2010-Q4","manufacturing","fabricated metal products, machinery and equipment","professional, managers, executive and technicians","1.8"
"2010-Q4","manufacturing","fabricated metal products, machinery and equipment","clerical, sales and services workers","1.2"
"2010-Q4","manufacturing","fabricated metal products, machinery and equipment","production and transport operators, cleaners and labourers","1.1"
"2010-Q4","manufacturing","electronic, computer and optical products","total","2.5"
"2010-Q4","manufacturing","electronic, computer and optical products","professional, managers, executive and technicians","3.4"
"2010-Q4","manufacturing","electronic, computer and optical products","clerical, sales and services workers","1.8"
"2010-Q4","manufacturing","electronic, computer and optical products","production and transport operators, cleaners and labourers","1.5"
"2010-Q4","manufacturing","transport equipment","total","1.9"
"2010-Q4","manufacturing","transport equipment","professional, managers, executive and technicians","1.9"
"2010-Q4","manufacturing","transport equipment","clerical, sales and services workers","2.3"
"2010-Q4","manufacturing","transport equipment","production and transport operators, cleaners and labourers","1.8"
"2010-Q4","manufacturing","other manufacturing industries","total","2"
"2010-Q4","manufacturing","other manufacturing industries","professional, managers, executive and technicians","1.7"
"2010-Q4","manufacturing","other manufacturing industries","clerical, sales and services workers","1.7"
"2010-Q4","manufacturing","other manufacturing industries","production and transport operators, cleaners and labourers","2.2"
"2010-Q4","construction","construction","total","1.4"
"2010-Q4","construction","construction","professional, managers, executive and technicians","1.9"
"2010-Q4","construction","construction","clerical, sales and services workers","1.8"
"2010-Q4","construction","construction","production and transport operators, cleaners and labourers","1.3"
"2010-Q4","services","wholesale and retail trade","total","1.9"
"2010-Q4","services","wholesale and retail trade","professional, managers, executive and technicians","1.4"
"2010-Q4","services","wholesale and retail trade","clerical, sales and services workers","2.5"
"2010-Q4","services","wholesale and retail trade","production and transport operators, cleaners and labourers","1.6"
"2010-Q4","services","transportation and storage","total","2.2"
"2010-Q4","services","transportation and storage","professional, managers, executive and technicians","2.1"
"2010-Q4","services","transportation and storage","clerical, sales and services workers","1.8"
"2010-Q4","services","transportation and storage","production and transport operators, cleaners and labourers","2.7"
"2010-Q4","services","accommodation and food services","total","3.6"
"2010-Q4","services","accommodation and food services","professional, managers, executive and technicians","2.7"
"2010-Q4","services","accommodation and food services","clerical, sales and services workers","3.7"
"2010-Q4","services","accommodation and food services","production and transport operators, cleaners and labourers","4"
"2010-Q4","services","information and communications","total","3.2"
"2010-Q4","services","information and communications","professional, managers, executive and technicians","3.6"
"2010-Q4","services","information and communications","clerical, sales and services workers","1.1"
"2010-Q4","services","information and communications","production and transport operators, cleaners and labourers","-"
"2010-Q4","services","financial and insurance services","total","2.9"
"2010-Q4","services","financial and insurance services","professional, managers, executive and technicians","2.8"
"2010-Q4","services","financial and insurance services","clerical, sales and services workers","3.1"
"2010-Q4","services","financial and insurance services","production and transport operators, cleaners and labourers","4.8"
"2010-Q4","services","real estate services","total","3.2"
"2010-Q4","services","real estate services","professional, managers, executive and technicians","4"
"2010-Q4","services","real estate services","clerical, sales and services workers","2.7"
"2010-Q4","services","real estate services","production and transport operators, cleaners and labourers","3"
"2010-Q4","services","professional services","total","2"
"2010-Q4","services","professional services","professional, managers, executive and technicians","2.2"
"2010-Q4","services","professional services","clerical, sales and services workers","2.3"
"2010-Q4","services","professional services","production and transport operators, cleaners and labourers","0.7"
"2010-Q4","services","administrative and support services","total","3.9"
"2010-Q4","services","administrative and support services","professional, managers, executive and technicians","2.8"
"2010-Q4","services","administrative and support services","clerical, sales and services workers","5.1"
"2010-Q4","services","administrative and support services","production and transport operators, cleaners and labourers","3.2"
"2010-Q4","services","community, social and personal services","total","3.6"
"2010-Q4","services","community, social and personal services","professional, managers, executive and technicians","3.9"
"2010-Q4","services","community, social and personal services","clerical, sales and services workers","2.7"
"2010-Q4","services","community, social and personal services","production and transport operators, cleaners and labourers","3.5"
"2010-Q4","others","others","total","2"
"2010-Q4","others","others","professional, managers, executive and technicians","3.1"
"2010-Q4","others","others","clerical, sales and services workers","-"
"2010-Q4","others","others","production and transport operators, cleaners and labourers","0.7"
"2011-Q1","total","total","total","2.8"
"2011-Q1","total","total","professional, managers, executive and technicians","3"
"2011-Q1","total","total","clerical, sales and services workers","3.2"
"2011-Q1","total","total","production and transport operators, cleaners and labourers","2.2"
"2011-Q1","manufacturing","food, beverages and tobacco","total","2.2"
"2011-Q1","manufacturing","food, beverages and tobacco","professional, managers, executive and technicians","2"
"2011-Q1","manufacturing","food, beverages and tobacco","clerical, sales and services workers","2.6"
"2011-Q1","manufacturing","food, beverages and tobacco","production and transport operators, cleaners and labourers","2"
"2011-Q1","manufacturing","paper,rubber,plastic products and printing","total","2.1"
"2011-Q1","manufacturing","paper,rubber,plastic products and printing","professional, managers, executive and technicians","2.3"
"2011-Q1","manufacturing","paper,rubber,plastic products and printing","clerical, sales and services workers","1.7"
"2011-Q1","manufacturing","paper,rubber,plastic products and printing","production and transport operators, cleaners and labourers","2"
"2011-Q1","manufacturing","petroleum, chemical and pharmaceutical products","total","1.5"
"2011-Q1","manufacturing","petroleum, chemical and pharmaceutical products","professional, managers, executive and technicians","1.4"
"2011-Q1","manufacturing","petroleum, chemical and pharmaceutical products","clerical, sales and services workers","-"
"2011-Q1","manufacturing","petroleum, chemical and pharmaceutical products","production and transport operators, cleaners and labourers","1.5"
"2011-Q1","manufacturing","fabricated metal products, machinery and equipment","total","1.8"
"2011-Q1","manufacturing","fabricated metal products, machinery and equipment","professional, managers, executive and technicians","2.9"
"2011-Q1","manufacturing","fabricated metal products, machinery and equipment","clerical, sales and services workers","1.7"
"2011-Q1","manufacturing","fabricated metal products, machinery and equipment","production and transport operators, cleaners and labourers","1.3"
"2011-Q1","manufacturing","electronic, computer and optical products","total","2.6"
"2011-Q1","manufacturing","electronic, computer and optical products","professional, managers, executive and technicians","3.3"
"2011-Q1","manufacturing","electronic, computer and optical products","clerical, sales and services workers","2.6"
"2011-Q1","manufacturing","electronic, computer and optical products","production and transport operators, cleaners and labourers","1.8"
"2011-Q1","manufacturing","transport equipment","total","3"
"2011-Q1","manufacturing","transport equipment","professional, managers, executive and technicians","3.7"
"2011-Q1","manufacturing","transport equipment","clerical, sales and services workers","3"
"2011-Q1","manufacturing","transport equipment","production and transport operators, cleaners and labourers","2.9"
"2011-Q1","manufacturing","other manufacturing industries","total","2.3"
"2011-Q1","manufacturing","other manufacturing industries","professional, managers, executive and technicians","2.5"
"2011-Q1","manufacturing","other manufacturing industries","clerical, sales and services workers","2.2"
"2011-Q1","manufacturing","other manufacturing industries","production and transport operators, cleaners and labourers","2.3"
"2011-Q1","construction","construction","total","1.6"
"2011-Q1","construction","construction","professional, managers, executive and technicians","1.1"
"2011-Q1","construction","construction","clerical, sales and services workers","1.5"
"2011-Q1","construction","construction","production and transport operators, cleaners and labourers","1.7"
"2011-Q1","services","wholesale and retail trade","total","2.2"
"2011-Q1","services","wholesale and retail trade","professional, managers, executive and technicians","2.3"
"2011-Q1","services","wholesale and retail trade","clerical, sales and services workers","2.3"
"2011-Q1","services","wholesale and retail trade","production and transport operators, cleaners and labourers","1.7"
"2011-Q1","services","transportation and storage","total","2.2"
"2011-Q1","services","transportation and storage","professional, managers, executive and technicians","1.6"
"2011-Q1","services","transportation and storage","clerical, sales and services workers","2.1"
"2011-Q1","services","transportation and storage","production and transport operators, cleaners and labourers","2.7"
"2011-Q1","services","accommodation and food services","total","3.8"
"2011-Q1","services","accommodation and food services","professional, managers, executive and technicians","2.9"
"2011-Q1","services","accommodation and food services","clerical, sales and services workers","4.1"
"2011-Q1","services","accommodation and food services","production and transport operators, cleaners and labourers","3.2"
"2011-Q1","services","information and communications","total","2.8"
"2011-Q1","services","information and communications","professional, managers, executive and technicians","3"
"2011-Q1","services","information and communications","clerical, sales and services workers","1.5"
"2011-Q1","services","information and communications","production and transport operators, cleaners and labourers","-"
"2011-Q1","services","financial and insurance services","total","3"
"2011-Q1","services","financial and insurance services","professional, managers, executive and technicians","3"
"2011-Q1","services","financial and insurance services","clerical, sales and services workers","3.2"
"2011-Q1","services","financial and insurance services","production and transport operators, cleaners and labourers","-"
"2011-Q1","services","real estate services","total","3.2"
"2011-Q1","services","real estate services","professional, managers, executive and technicians","5"
"2011-Q1","services","real estate services","clerical, sales and services workers","2"
"2011-Q1","services","real estate services","production and transport operators, cleaners and labourers","2.9"
"2011-Q1","services","professional services","total","2.2"
"2011-Q1","services","professional services","professional, managers, executive and technicians","2.4"
"2011-Q1","services","professional services","clerical, sales and services workers","2.2"
"2011-Q1","services","professional services","production and transport operators, cleaners and labourers","1.1"
"2011-Q1","services","administrative and support services","total","4.3"
"2011-Q1","services","administrative and support services","professional, managers, executive and technicians","3.2"
"2011-Q1","services","administrative and support services","clerical, sales and services workers","5.7"
"2011-Q1","services","administrative and support services","production and transport operators, cleaners and labourers","3.4"
"2011-Q1","services","community, social and personal services","total","4.1"
"2011-Q1","services","community, social and personal services","professional, managers, executive and technicians","4.1"
"2011-Q1","services","community, social and personal services","clerical, sales and services workers","4.1"
"2011-Q1","services","community, social and personal services","production and transport operators, cleaners and labourers","4.3"
"2011-Q1","others","others","total","2.4"
"2011-Q1","others","others","professional, managers, executive and technicians","3.3"
"2011-Q1","others","others","clerical, sales and services workers","-"
"2011-Q1","others","others","production and transport operators, cleaners and labourers","1.5"
"2011-Q2","total","total","total","3.1"
"2011-Q2","total","total","professional, managers, executive and technicians","3.4"
"2011-Q2","total","total","clerical, sales and services workers","3.6"
"2011-Q2","total","total","production and transport operators, cleaners and labourers","2.4"
"2011-Q2","manufacturing","food, beverages and tobacco","total","2.5"
"2011-Q2","manufacturing","food, beverages and tobacco","professional, managers, executive and technicians","2.2"
"2011-Q2","manufacturing","food, beverages and tobacco","clerical, sales and services workers","2.8"
"2011-Q2","manufacturing","food, beverages and tobacco","production and transport operators, cleaners and labourers","2.4"
"2011-Q2","manufacturing","paper,rubber,plastic products and printing","total","1.9"
"2011-Q2","manufacturing","paper,rubber,plastic products and printing","professional, managers, executive and technicians","2.4"
"2011-Q2","manufacturing","paper,rubber,plastic products and printing","clerical, sales and services workers","-"
"2011-Q2","manufacturing","paper,rubber,plastic products and printing","production and transport operators, cleaners and labourers","1.7"
"2011-Q2","manufacturing","petroleum, chemical and pharmaceutical products","total","1.8"
"2011-Q2","manufacturing","petroleum, chemical and pharmaceutical products","professional, managers, executive and technicians","1.8"
"2011-Q2","manufacturing","petroleum, chemical and pharmaceutical products","clerical, sales and services workers","-"
"2011-Q2","manufacturing","petroleum, chemical and pharmaceutical products","production and transport operators, cleaners and labourers","1.7"
"2011-Q2","manufacturing","fabricated metal products, machinery and equipment","total","2.4"
"2011-Q2","manufacturing","fabricated metal products, machinery and equipment","professional, managers, executive and technicians","2.7"
"2011-Q2","manufacturing","fabricated metal products, machinery and equipment","clerical, sales and services workers","2.5"
"2011-Q2","manufacturing","fabricated metal products, machinery and equipment","production and transport operators, cleaners and labourers","2.1"
"2011-Q2","manufacturing","electronic, computer and optical products","total","3"
"2011-Q2","manufacturing","electronic, computer and optical products","professional, managers, executive and technicians","3.3"
"2011-Q2","manufacturing","electronic, computer and optical products","clerical, sales and services workers","7"
"2011-Q2","manufacturing","electronic, computer and optical products","production and transport operators, cleaners and labourers","2.1"
"2011-Q2","manufacturing","transport equipment","total","3.2"
"2011-Q2","manufacturing","transport equipment","professional, managers, executive and technicians","4.2"
"2011-Q2","manufacturing","transport equipment","clerical, sales and services workers","5.2"
"2011-Q2","manufacturing","transport equipment","production and transport operators, cleaners and labourers","2.8"
"2011-Q2","manufacturing","other manufacturing industries","total","2.1"
"2011-Q2","manufacturing","other manufacturing industries","professional, managers, executive and technicians","1.8"
"2011-Q2","manufacturing","other manufacturing industries","clerical, sales and services workers","2.5"
"2011-Q2","manufacturing","other manufacturing industries","production and transport operators, cleaners and labourers","2.2"
"2011-Q2","construction","construction","total","1.6"
"2011-Q2","construction","construction","professional, managers, executive and technicians","1.6"
"2011-Q2","construction","construction","clerical, sales and services workers","1.4"
"2011-Q2","construction","construction","production and transport operators, cleaners and labourers","1.6"
"2011-Q2","services","wholesale and retail trade","total","2.2"
"2011-Q2","services","wholesale and retail trade","professional, managers, executive and technicians","2"
"2011-Q2","services","wholesale and retail trade","clerical, sales and services workers","2.3"
"2011-Q2","services","wholesale and retail trade","production and transport operators, cleaners and labourers","2.5"
"2011-Q2","services","transportation and storage","total","2.8"
"2011-Q2","services","transportation and storage","professional, managers, executive and technicians","2.1"
"2011-Q2","services","transportation and storage","clerical, sales and services workers","3"
"2011-Q2","services","transportation and storage","production and transport operators, cleaners and labourers","3.1"
"2011-Q2","services","accommodation and food services","total","4.2"
"2011-Q2","services","accommodation and food services","professional, managers, executive and technicians","2.8"
"2011-Q2","services","accommodation and food services","clerical, sales and services workers","4.8"
"2011-Q2","services","accommodation and food services","production and transport operators, cleaners and labourers","3.7"
"2011-Q2","services","information and communications","total","3.4"
"2011-Q2","services","information and communications","professional, managers, executive and technicians","3.6"
"2011-Q2","services","information and communications","clerical, sales and services workers","2.2"
"2011-Q2","services","information and communications","production and transport operators, cleaners and labourers","-"
"2011-Q2","services","financial and insurance services","total","3.4"
"2011-Q2","services","financial and insurance services","professional, managers, executive and technicians","3.4"
"2011-Q2","services","financial and insurance services","clerical, sales and services workers","3.5"
"2011-Q2","services","financial and insurance services","production and transport operators, cleaners and labourers","-"
"2011-Q2","services","real estate services","total","3.4"
"2011-Q2","services","real estate services","professional, managers, executive and technicians","5.6"
"2011-Q2","services","real estate services","clerical, sales and services workers","2.3"
"2011-Q2","services","real estate services","production and transport operators, cleaners and labourers","2.8"
"2011-Q2","services","professional services","total","2.3"
"2011-Q2","services","professional services","professional, managers, executive and technicians","2.4"
"2011-Q2","services","professional services","clerical, sales and services workers","2.9"
"2011-Q2","services","professional services","production and transport operators, cleaners and labourers","1.4"
"2011-Q2","services","administrative and support services","total","4.6"
"2011-Q2","services","administrative and support services","professional, managers, executive and technicians","2.4"
"2011-Q2","services","administrative and support services","clerical, sales and services workers","5.6"
"2011-Q2","services","administrative and support services","production and transport operators, cleaners and labourers","4.2"
"2011-Q2","services","community, social and personal services","total","4.8"
"2011-Q2","services","community, social and personal services","professional, managers, executive and technicians","5.1"
"2011-Q2","services","community, social and personal services","clerical, sales and services workers","4.8"
"2011-Q2","services","community, social and personal services","production and transport operators, cleaners and labourers","3"
"2011-Q2","others","others","total","3.5"
"2011-Q2","others","others","professional, managers, executive and technicians","4.3"
"2011-Q2","others","others","clerical, sales and services workers","-"
"2011-Q2","others","others","production and transport operators, cleaners and labourers","2.9"
"2011-Q3","total","total","total","2.9"
"2011-Q3","total","total","professional, managers, executive and technicians","2.8"
"2011-Q3","total","total","clerical, sales and services workers","3.7"
"2011-Q3","total","total","production and transport operators, cleaners and labourers","2.4"
"2011-Q3","manufacturing","food, beverages and tobacco","total","4"
"2011-Q3","manufacturing","food, beverages and tobacco","professional, managers, executive and technicians","2"
"2011-Q3","manufacturing","food, beverages and tobacco","clerical, sales and services workers","4.5"
"2011-Q3","manufacturing","food, beverages and tobacco","production and transport operators, cleaners and labourers","4.5"
"2011-Q3","manufacturing","paper,rubber,plastic products and printing","total","2.1"
"2011-Q3","manufacturing","paper,rubber,plastic products and printing","professional, managers, executive and technicians","1.8"
"2011-Q3","manufacturing","paper,rubber,plastic products and printing","clerical, sales and services workers","1.6"
"2011-Q3","manufacturing","paper,rubber,plastic products and printing","production and transport operators, cleaners and labourers","2.3"
"2011-Q3","manufacturing","petroleum, chemical and pharmaceutical products","total","1.6"
"2011-Q3","manufacturing","petroleum, chemical and pharmaceutical products","professional, managers, executive and technicians","1.8"
"2011-Q3","manufacturing","petroleum, chemical and pharmaceutical products","clerical, sales and services workers","-"
"2011-Q3","manufacturing","petroleum, chemical and pharmaceutical products","production and transport operators, cleaners and labourers","1.2"
"2011-Q3","manufacturing","fabricated metal products, machinery and equipment","total","1.9"
"2011-Q3","manufacturing","fabricated metal products, machinery and equipment","professional, managers, executive and technicians","2.4"
"2011-Q3","manufacturing","fabricated metal products, machinery and equipment","clerical, sales and services workers","1.2"
"2011-Q3","manufacturing","fabricated metal products, machinery and equipment","production and transport operators, cleaners and labourers","1.8"
"2011-Q3","manufacturing","electronic, computer and optical products","total","2.6"
"2011-Q3","manufacturing","electronic, computer and optical products","professional, managers, executive and technicians","1.6"
"2011-Q3","manufacturing","electronic, computer and optical products","clerical, sales and services workers","-"
"2011-Q3","manufacturing","electronic, computer and optical products","production and transport operators, cleaners and labourers","3.9"
"2011-Q3","manufacturing","transport equipment","total","1.4"
"2011-Q3","manufacturing","transport equipment","professional, managers, executive and technicians","1.4"
"2011-Q3","manufacturing","transport equipment","clerical, sales and services workers","-"
"2011-Q3","manufacturing","transport equipment","production and transport operators, cleaners and labourers","1.4"
"2011-Q3","manufacturing","other manufacturing industries","total","2.3"
"2011-Q3","manufacturing","other manufacturing industries","professional, managers, executive and technicians","2.1"
"2011-Q3","manufacturing","other manufacturing industries","clerical, sales and services workers","2.4"
"2011-Q3","manufacturing","other manufacturing industries","production and transport operators, cleaners and labourers","2.3"
"2011-Q3","construction","construction","total","1.5"
"2011-Q3","construction","construction","professional, managers, executive and technicians","2.2"
"2011-Q3","construction","construction","clerical, sales and services workers","1.3"
"2011-Q3","construction","construction","production and transport operators, cleaners and labourers","1.4"
"2011-Q3","services","wholesale and retail trade","total","3"
"2011-Q3","services","wholesale and retail trade","professional, managers, executive and technicians","2.4"
"2011-Q3","services","wholesale and retail trade","clerical, sales and services workers","3.7"
"2011-Q3","services","wholesale and retail trade","production and transport operators, cleaners and labourers","2.4"
"2011-Q3","services","transportation and storage","total","2.6"
"2011-Q3","services","transportation and storage","professional, managers, executive and technicians","2.1"
"2011-Q3","services","transportation and storage","clerical, sales and services workers","2.9"
"2011-Q3","services","transportation and storage","production and transport operators, cleaners and labourers","2.7"
"2011-Q3","services","accommodation and food services","total","4.7"
"2011-Q3","services","accommodation and food services","professional, managers, executive and technicians","1.9"
"2011-Q3","services","accommodation and food services","clerical, sales and services workers","5.2"
"2011-Q3","services","accommodation and food services","production and transport operators, cleaners and labourers","5.3"
"2011-Q3","services","information and communications","total","2.9"
"2011-Q3","services","information and communications","professional, managers, executive and technicians","3"
"2011-Q3","services","information and communications","clerical, sales and services workers","2.5"
"2011-Q3","services","information and communications","production and transport operators, cleaners and labourers","-"
"2011-Q3","services","financial and insurance services","total","1.8"
"2011-Q3","services","financial and insurance services","professional, managers, executive and technicians","1.8"
"2011-Q3","services","financial and insurance services","clerical, sales and services workers","1.6"
"2011-Q3","services","financial and insurance services","production and transport operators, cleaners and labourers","4.1"
"2011-Q3","services","real estate services","total","4.3"
"2011-Q3","services","real estate services","professional, managers, executive and technicians","3.8"
"2011-Q3","services","real estate services","clerical, sales and services workers","2.7"
"2011-Q3","services","real estate services","production and transport operators, cleaners and labourers","5.2"
"2011-Q3","services","professional services","total","2.3"
"2011-Q3","services","professional services","professional, managers, executive and technicians","2.3"
"2011-Q3","services","professional services","clerical, sales and services workers","3.3"
"2011-Q3","services","professional services","production and transport operators, cleaners and labourers","1"
"2011-Q3","services","administrative and support services","total","4.8"
"2011-Q3","services","administrative and support services","professional, managers, executive and technicians","2.6"
"2011-Q3","services","administrative and support services","clerical, sales and services workers","6.1"
"2011-Q3","services","administrative and support services","production and transport operators, cleaners and labourers","4.4"
"2011-Q3","services","community, social and personal services","total","4"
"2011-Q3","services","community, social and personal services","professional, managers, executive and technicians","4.3"
"2011-Q3","services","community, social and personal services","clerical, sales and services workers","3.6"
"2011-Q3","services","community, social and personal services","production and transport operators, cleaners and labourers","3.1"
"2011-Q3","others","others","total","3.2"
"2011-Q3","others","others","professional, managers, executive and technicians","3.8"
"2011-Q3","others","others","clerical, sales and services workers","-"
"2011-Q3","others","others","production and transport operators, cleaners and labourers","2.6"
"2011-Q4","total","total","total","2.7"
"2011-Q4","total","total","professional, managers, executive and technicians","2.7"
"2011-Q4","total","total","clerical, sales and services workers","3.7"
"2011-Q4","total","total","production and transport operators, cleaners and labourers","2.1"
"2011-Q4","manufacturing","food, beverages and tobacco","total","3.4"
"2011-Q4","manufacturing","food, beverages and tobacco","professional, managers, executive and technicians","1.9"
"2011-Q4","manufacturing","food, beverages and tobacco","clerical, sales and services workers","5.4"
"2011-Q4","manufacturing","food, beverages and tobacco","production and transport operators, cleaners and labourers","3"
"2011-Q4","manufacturing","paper,rubber,plastic products and printing","total","1.7"
"2011-Q4","manufacturing","paper,rubber,plastic products and printing","professional, managers, executive and technicians","2.2"
"2011-Q4","manufacturing","paper,rubber,plastic products and printing","clerical, sales and services workers","-"
"2011-Q4","manufacturing","paper,rubber,plastic products and printing","production and transport operators, cleaners and labourers","1.6"
"2011-Q4","manufacturing","petroleum, chemical and pharmaceutical products","total","1.5"
"2011-Q4","manufacturing","petroleum, chemical and pharmaceutical products","professional, managers, executive and technicians","1.5"
"2011-Q4","manufacturing","petroleum, chemical and pharmaceutical products","clerical, sales and services workers","-"
"2011-Q4","manufacturing","petroleum, chemical and pharmaceutical products","production and transport operators, cleaners and labourers","1.4"
"2011-Q4","manufacturing","fabricated metal products, machinery and equipment","total","2.4"
"2011-Q4","manufacturing","fabricated metal products, machinery and equipment","professional, managers, executive and technicians","2.7"
"2011-Q4","manufacturing","fabricated metal products, machinery and equipment","clerical, sales and services workers","2.8"
"2011-Q4","manufacturing","fabricated metal products, machinery and equipment","production and transport operators, cleaners and labourers","2.2"
"2011-Q4","manufacturing","electronic, computer and optical products","total","2.2"
"2011-Q4","manufacturing","electronic, computer and optical products","professional, managers, executive and technicians","2.4"
"2011-Q4","manufacturing","electronic, computer and optical products","clerical, sales and services workers","3"
"2011-Q4","manufacturing","electronic, computer and optical products","production and transport operators, cleaners and labourers","1.8"
"2011-Q4","manufacturing","transport equipment","total","1.2"
"2011-Q4","manufacturing","transport equipment","professional, managers, executive and technicians","2.3"
"2011-Q4","manufacturing","transport equipment","clerical, sales and services workers","-"
"2011-Q4","manufacturing","transport equipment","production and transport operators, cleaners and labourers","0.9"
"2011-Q4","manufacturing","other manufacturing industries","total","1.4"
"2011-Q4","manufacturing","other manufacturing industries","professional, managers, executive and technicians","1.1"
"2011-Q4","manufacturing","other manufacturing industries","clerical, sales and services workers","-"
"2011-Q4","manufacturing","other manufacturing industries","production and transport operators, cleaners and labourers","1.5"
"2011-Q4","construction","construction","total","1.3"
"2011-Q4","construction","construction","professional, managers, executive and technicians","1.3"
"2011-Q4","construction","construction","clerical, sales and services workers","1.5"
"2011-Q4","construction","construction","production and transport operators, cleaners and labourers","1.3"
"2011-Q4","services","wholesale and retail trade","total","3"
"2011-Q4","services","wholesale and retail trade","professional, managers, executive and technicians","2.1"
"2011-Q4","services","wholesale and retail trade","clerical, sales and services workers","3.6"
"2011-Q4","services","wholesale and retail trade","production and transport operators, cleaners and labourers","3.4"
"2011-Q4","services","transportation and storage","total","2.9"
"2011-Q4","services","transportation and storage","professional, managers, executive and technicians","2.1"
"2011-Q4","services","transportation and storage","clerical, sales and services workers","3.8"
"2011-Q4","services","transportation and storage","production and transport operators, cleaners and labourers","2.7"
"2011-Q4","services","accommodation and food services","total","3.9"
"2011-Q4","services","accommodation and food services","professional, managers, executive and technicians","2.5"
"2011-Q4","services","accommodation and food services","clerical, sales and services workers","4"
"2011-Q4","services","accommodation and food services","production and transport operators, cleaners and labourers","4.5"
"2011-Q4","services","information and communications","total","2.6"
"2011-Q4","services","information and communications","professional, managers, executive and technicians","2.7"
"2011-Q4","services","information and communications","clerical, sales and services workers","2.2"
"2011-Q4","services","information and communications","production and transport operators, cleaners and labourers","-"
"2011-Q4","services","financial and insurance services","total","1.9"
"2011-Q4","services","financial and insurance services","professional, managers, executive and technicians","1.9"
"2011-Q4","services","financial and insurance services","clerical, sales and services workers","2.1"
"2011-Q4","services","financial and insurance services","production and transport operators, cleaners and labourers","-"
"2011-Q4","services","real estate services","total","3.1"
"2011-Q4","services","real estate services","professional, managers, executive and technicians","2.5"
"2011-Q4","services","real estate services","clerical, sales and services workers","2.4"
"2011-Q4","services","real estate services","production and transport operators, cleaners and labourers","3.6"
"2011-Q4","services","professional services","total","2.1"
"2011-Q4","services","professional services","professional, managers, executive and technicians","2"
"2011-Q4","services","professional services","clerical, sales and services workers","3"
"2011-Q4","services","professional services","production and transport operators, cleaners and labourers","1.3"
"2011-Q4","services","administrative and support services","total","4.1"
"2011-Q4","services","administrative and support services","professional, managers, executive and technicians","1.9"
"2011-Q4","services","administrative and support services","clerical, sales and services workers","5.8"
"2011-Q4","services","administrative and support services","production and transport operators, cleaners and labourers","3.2"
"2011-Q4","services","community, social and personal services","total","4.2"
"2011-Q4","services","community, social and personal services","professional, managers, executive and technicians","4.1"
"2011-Q4","services","community, social and personal services","clerical, sales and services workers","4.6"
"2011-Q4","services","community, social and personal services","production and transport operators, cleaners and labourers","3.2"
"2011-Q4","others","others","total","3.3"
"2011-Q4","others","others","professional, managers, executive and technicians","5"
"2011-Q4","others","others","clerical, sales and services workers","-"
"2011-Q4","others","others","production and transport operators, cleaners and labourers","1.1"
"2012-Q1","total","total","total","2.4"
"2012-Q1","total","total","professional, managers, executive and technicians","2.6"
"2012-Q1","total","total","clerical, sales and services workers","3.2"
"2012-Q1","total","total","production and transport operators, cleaners and labourers","1.8"
"2012-Q1","manufacturing","food, beverages and tobacco","total","1.8"
"2012-Q1","manufacturing","food, beverages and tobacco","professional, managers, executive and technicians","1.7"
"2012-Q1","manufacturing","food, beverages and tobacco","clerical, sales and services workers","2"
"2012-Q1","manufacturing","food, beverages and tobacco","production and transport operators, cleaners and labourers","1.8"
"2012-Q1","manufacturing","paper,rubber,plastic products and printing","total","2.1"
"2012-Q1","manufacturing","paper,rubber,plastic products and printing","professional, managers, executive and technicians","2"
"2012-Q1","manufacturing","paper,rubber,plastic products and printing","clerical, sales and services workers","1.7"
"2012-Q1","manufacturing","paper,rubber,plastic products and printing","production and transport operators, cleaners and labourers","2.2"
"2012-Q1","manufacturing","petroleum, chemical and pharmaceutical products","total","1.5"
"2012-Q1","manufacturing","petroleum, chemical and pharmaceutical products","professional, managers, executive and technicians","1.2"
"2012-Q1","manufacturing","petroleum, chemical and pharmaceutical products","clerical, sales and services workers","-"
"2012-Q1","manufacturing","petroleum, chemical and pharmaceutical products","production and transport operators, cleaners and labourers","1.9"
"2012-Q1","manufacturing","fabricated metal products, machinery and equipment","total","2.3"
"2012-Q1","manufacturing","fabricated metal products, machinery and equipment","professional, managers, executive and technicians","2.7"
"2012-Q1","manufacturing","fabricated metal products, machinery and equipment","clerical, sales and services workers","1.5"
"2012-Q1","manufacturing","fabricated metal products, machinery and equipment","production and transport operators, cleaners and labourers","2.2"
"2012-Q1","manufacturing","electronic, computer and optical products","total","2.1"
"2012-Q1","manufacturing","electronic, computer and optical products","professional, managers, executive and technicians","2.4"
"2012-Q1","manufacturing","electronic, computer and optical products","clerical, sales and services workers","1.7"
"2012-Q1","manufacturing","electronic, computer and optical products","production and transport operators, cleaners and labourers","1.9"
"2012-Q1","manufacturing","transport equipment","total","1.5"
"2012-Q1","manufacturing","transport equipment","professional, managers, executive and technicians","2.7"
"2012-Q1","manufacturing","transport equipment","clerical, sales and services workers","-"
"2012-Q1","manufacturing","transport equipment","production and transport operators, cleaners and labourers","1.1"
"2012-Q1","manufacturing","other manufacturing industries","total","1.6"
"2012-Q1","manufacturing","other manufacturing industries","professional, managers, executive and technicians","1.8"
"2012-Q1","manufacturing","other manufacturing industries","clerical, sales and services workers","1.9"
"2012-Q1","manufacturing","other manufacturing industries","production and transport operators, cleaners and labourers","1.5"
"2012-Q1","construction","construction","total","1.3"
"2012-Q1","construction","construction","professional, managers, executive and technicians","1.4"
"2012-Q1","construction","construction","clerical, sales and services workers","0.9"
"2012-Q1","construction","construction","production and transport operators, cleaners and labourers","1.3"
"2012-Q1","services","wholesale and retail trade","total","2.6"
"2012-Q1","services","wholesale and retail trade","professional, managers, executive and technicians","2.3"
"2012-Q1","services","wholesale and retail trade","clerical, sales and services workers","3.3"
"2012-Q1","services","wholesale and retail trade","production and transport operators, cleaners and labourers","1.7"
"2012-Q1","services","transportation and storage","total","2.6"
"2012-Q1","services","transportation and storage","professional, managers, executive and technicians","2.3"
"2012-Q1","services","transportation and storage","clerical, sales and services workers","3"
"2012-Q1","services","transportation and storage","production and transport operators, cleaners and labourers","2.4"
"2012-Q1","services","accommodation and food services","total","3.8"
"2012-Q1","services","accommodation and food services","professional, managers, executive and technicians","2.8"
"2012-Q1","services","accommodation and food services","clerical, sales and services workers","4"
"2012-Q1","services","accommodation and food services","production and transport operators, cleaners and labourers","3.6"
"2012-Q1","services","information and communications","total","2.1"
"2012-Q1","services","information and communications","professional, managers, executive and technicians","2.1"
"2012-Q1","services","information and communications","clerical, sales and services workers","2.1"
"2012-Q1","services","information and communications","production and transport operators, cleaners and labourers","-"
"2012-Q1","services","financial and insurance services","total","2.2"
"2012-Q1","services","financial and insurance services","professional, managers, executive and technicians","2"
"2012-Q1","services","financial and insurance services","clerical, sales and services workers","2.9"
"2012-Q1","services","financial and insurance services","production and transport operators, cleaners and labourers","14"
"2012-Q1","services","real estate services","total","2.5"
"2012-Q1","services","real estate services","professional, managers, executive and technicians","2.2"
"2012-Q1","services","real estate services","clerical, sales and services workers","3.7"
"2012-Q1","services","real estate services","production and transport operators, cleaners and labourers","2.3"
"2012-Q1","services","professional services","total","1.9"
"2012-Q1","services","professional services","professional, managers, executive and technicians","2"
"2012-Q1","services","professional services","clerical, sales and services workers","2.4"
"2012-Q1","services","professional services","production and transport operators, cleaners and labourers","0.7"
"2012-Q1","services","administrative and support services","total","3.2"
"2012-Q1","services","administrative and support services","professional, managers, executive and technicians","2.1"
"2012-Q1","services","administrative and support services","clerical, sales and services workers","4"
"2012-Q1","services","administrative and support services","production and transport operators, cleaners and labourers","2.9"
"2012-Q1","services","community, social and personal services","total","3.6"
"2012-Q1","services","community, social and personal services","professional, managers, executive and technicians","3.7"
"2012-Q1","services","community, social and personal services","clerical, sales and services workers","3.6"
"2012-Q1","services","community, social and personal services","production and transport operators, cleaners and labourers","3"
"2012-Q1","others","others","total","2.7"
"2012-Q1","others","others","professional, managers, executive and technicians","4.3"
"2012-Q1","others","others","clerical, sales and services workers","-"
"2012-Q1","others","others","production and transport operators, cleaners and labourers","1.1"
"2012-Q2","total","total","total","2.5"
"2012-Q2","total","total","professional, managers, executive and technicians","2.5"
"2012-Q2","total","total","clerical, sales and services workers","3.1"
"2012-Q2","total","total","production and transport operators, cleaners and labourers","2"
"2012-Q2","manufacturing","food, beverages and tobacco","total","1.7"
"2012-Q2","manufacturing","food, beverages and tobacco","professional, managers, executive and technicians","1.4"
"2012-Q2","manufacturing","food, beverages and tobacco","clerical, sales and services workers","2.6"
"2012-Q2","manufacturing","food, beverages and tobacco","production and transport operators, cleaners and labourers","1.4"
"2012-Q2","manufacturing","paper,rubber,plastic products and printing","total","1.5"
"2012-Q2","manufacturing","paper,rubber,plastic products and printing","professional, managers, executive and technicians","1.5"
"2012-Q2","manufacturing","paper,rubber,plastic products and printing","clerical, sales and services workers","1.6"
"2012-Q2","manufacturing","paper,rubber,plastic products and printing","production and transport operators, cleaners and labourers","1.4"
"2012-Q2","manufacturing","petroleum, chemical and pharmaceutical products","total","1.9"
"2012-Q2","manufacturing","petroleum, chemical and pharmaceutical products","professional, managers, executive and technicians","1.7"
"2012-Q2","manufacturing","petroleum, chemical and pharmaceutical products","clerical, sales and services workers","2.9"
"2012-Q2","manufacturing","petroleum, chemical and pharmaceutical products","production and transport operators, cleaners and labourers","2.1"
"2012-Q2","manufacturing","fabricated metal products, machinery and equipment","total","2.4"
"2012-Q2","manufacturing","fabricated metal products, machinery and equipment","professional, managers, executive and technicians","2.7"
"2012-Q2","manufacturing","fabricated metal products, machinery and equipment","clerical, sales and services workers","1.5"
"2012-Q2","manufacturing","fabricated metal products, machinery and equipment","production and transport operators, cleaners and labourers","2.3"
"2012-Q2","manufacturing","electronic, computer and optical products","total","2.3"
"2012-Q2","manufacturing","electronic, computer and optical products","professional, managers, executive and technicians","2.4"
"2012-Q2","manufacturing","electronic, computer and optical products","clerical, sales and services workers","2.9"
"2012-Q2","manufacturing","electronic, computer and optical products","production and transport operators, cleaners and labourers","2.1"
"2012-Q2","manufacturing","transport equipment","total","1.6"
"2012-Q2","manufacturing","transport equipment","professional, managers, executive and technicians","2.3"
"2012-Q2","manufacturing","transport equipment","clerical, sales and services workers","-"
"2012-Q2","manufacturing","transport equipment","production and transport operators, cleaners and labourers","1.3"
"2012-Q2","manufacturing","other manufacturing industries","total","1.4"
"2012-Q2","manufacturing","other manufacturing industries","professional, managers, executive and technicians","1.6"
"2012-Q2","manufacturing","other manufacturing industries","clerical, sales and services workers","-"
"2012-Q2","manufacturing","other manufacturing industries","production and transport operators, cleaners and labourers","1.4"
"2012-Q2","construction","construction","total","1.3"
"2012-Q2","construction","construction","professional, managers, executive and technicians","1.5"
"2012-Q2","construction","construction","clerical, sales and services workers","1.3"
"2012-Q2","construction","construction","production and transport operators, cleaners and labourers","1.2"
"2012-Q2","services","wholesale and retail trade","total","2.5"
"2012-Q2","services","wholesale and retail trade","professional, managers, executive and technicians","2.3"
"2012-Q2","services","wholesale and retail trade","clerical, sales and services workers","3.2"
"2012-Q2","services","wholesale and retail trade","production and transport operators, cleaners and labourers","1.5"
"2012-Q2","services","transportation and storage","total","2.6"
"2012-Q2","services","transportation and storage","professional, managers, executive and technicians","2.1"
"2012-Q2","services","transportation and storage","clerical, sales and services workers","2.7"
"2012-Q2","services","transportation and storage","production and transport operators, cleaners and labourers","2.8"
"2012-Q2","services","accommodation and food services","total","3.1"
"2012-Q2","services","accommodation and food services","professional, managers, executive and technicians","2.6"
"2012-Q2","services","accommodation and food services","clerical, sales and services workers","3.2"
"2012-Q2","services","accommodation and food services","production and transport operators, cleaners and labourers","3.4"
"2012-Q2","services","information and communications","total","2.3"
"2012-Q2","services","information and communications","professional, managers, executive and technicians","2.3"
"2012-Q2","services","information and communications","clerical, sales and services workers","2"
"2012-Q2","services","information and communications","production and transport operators, cleaners and labourers","-"
"2012-Q2","services","financial and insurance services","total","2"
"2012-Q2","services","financial and insurance services","professional, managers, executive and technicians","2.1"
"2012-Q2","services","financial and insurance services","clerical, sales and services workers","2"
"2012-Q2","services","financial and insurance services","production and transport operators, cleaners and labourers","-"
"2012-Q2","services","real estate services","total","4.1"
"2012-Q2","services","real estate services","professional, managers, executive and technicians","2.6"
"2012-Q2","services","real estate services","clerical, sales and services workers","4.4"
"2012-Q2","services","real estate services","production and transport operators, cleaners and labourers","5.1"
"2012-Q2","services","professional services","total","2"
"2012-Q2","services","professional services","professional, managers, executive and technicians","1.9"
"2012-Q2","services","professional services","clerical, sales and services workers","2.7"
"2012-Q2","services","professional services","production and transport operators, cleaners and labourers","1.9"
"2012-Q2","services","administrative and support services","total","3.2"
"2012-Q2","services","administrative and support services","professional, managers, executive and technicians","1.5"
"2012-Q2","services","administrative and support services","clerical, sales and services workers","4"
"2012-Q2","services","administrative and support services","production and transport operators, cleaners and labourers","3.1"
"2012-Q2","services","community, social and personal services","total","3.5"
"2012-Q2","services","community, social and personal services","professional, managers, executive and technicians","3.5"
"2012-Q2","services","community, social and personal services","clerical, sales and services workers","3.8"
"2012-Q2","services","community, social and personal services","production and transport operators, cleaners and labourers","3.4"
"2012-Q2","others","others","total","4.3"
"2012-Q2","others","others","professional, managers, executive and technicians","5.4"
"2012-Q2","others","others","clerical, sales and services workers","-"
"2012-Q2","others","others","production and transport operators, cleaners and labourers","3.2"
"2012-Q3","total","total","total","2.8"
"2012-Q3","total","total","professional, managers, executive and technicians","2.7"
"2012-Q3","total","total","clerical, sales and services workers","4"
"2012-Q3","total","total","production and transport operators, cleaners and labourers","2.3"
"2012-Q3","manufacturing","food, beverages and tobacco","total","3"
"2012-Q3","manufacturing","food, beverages and tobacco","professional, managers, executive and technicians","1.6"
"2012-Q3","manufacturing","food, beverages and tobacco","clerical, sales and services workers","3.5"
"2012-Q3","manufacturing","food, beverages and tobacco","production and transport operators, cleaners and labourers","3.1"
"2012-Q3","manufacturing","paper,rubber,plastic products and printing","total","1.6"
"2012-Q3","manufacturing","paper,rubber,plastic products and printing","professional, managers, executive and technicians","1.6"
"2012-Q3","manufacturing","paper,rubber,plastic products and printing","clerical, sales and services workers","-"
"2012-Q3","manufacturing","paper,rubber,plastic products and printing","production and transport operators, cleaners and labourers","1.7"
"2012-Q3","manufacturing","petroleum, chemical and pharmaceutical products","total","1.5"
"2012-Q3","manufacturing","petroleum, chemical and pharmaceutical products","professional, managers, executive and technicians","1.6"
"2012-Q3","manufacturing","petroleum, chemical and pharmaceutical products","clerical, sales and services workers","-"
"2012-Q3","manufacturing","petroleum, chemical and pharmaceutical products","production and transport operators, cleaners and labourers","1.3"
"2012-Q3","manufacturing","fabricated metal products, machinery and equipment","total","2"
"2012-Q3","manufacturing","fabricated metal products, machinery and equipment","professional, managers, executive and technicians","1.9"
"2012-Q3","manufacturing","fabricated metal products, machinery and equipment","clerical, sales and services workers","1.4"
"2012-Q3","manufacturing","fabricated metal products, machinery and equipment","production and transport operators, cleaners and labourers","2.1"
"2012-Q3","manufacturing","electronic, computer and optical products","total","1.5"
"2012-Q3","manufacturing","electronic, computer and optical products","professional, managers, executive and technicians","1.8"
"2012-Q3","manufacturing","electronic, computer and optical products","clerical, sales and services workers","-"
"2012-Q3","manufacturing","electronic, computer and optical products","production and transport operators, cleaners and labourers","1.3"
"2012-Q3","manufacturing","transport equipment","total","1.3"
"2012-Q3","manufacturing","transport equipment","professional, managers, executive and technicians","1.6"
"2012-Q3","manufacturing","transport equipment","clerical, sales and services workers","1.2"
"2012-Q3","manufacturing","transport equipment","production and transport operators, cleaners and labourers","1.2"
"2012-Q3","manufacturing","other manufacturing industries","total","2.1"
"2012-Q3","manufacturing","other manufacturing industries","professional, managers, executive and technicians","1.8"
"2012-Q3","manufacturing","other manufacturing industries","clerical, sales and services workers","2.4"
"2012-Q3","manufacturing","other manufacturing industries","production and transport operators, cleaners and labourers","2.2"
"2012-Q3","construction","construction","total","1.5"
"2012-Q3","construction","construction","professional, managers, executive and technicians","2.1"
"2012-Q3","construction","construction","clerical, sales and services workers","1"
"2012-Q3","construction","construction","production and transport operators, cleaners and labourers","1.4"
"2012-Q3","services","wholesale and retail trade","total","3.1"
"2012-Q3","services","wholesale and retail trade","professional, managers, executive and technicians","2.2"
"2012-Q3","services","wholesale and retail trade","clerical, sales and services workers","4.6"
"2012-Q3","services","wholesale and retail trade","production and transport operators, cleaners and labourers","2"
"2012-Q3","services","transportation and storage","total","2.4"
"2012-Q3","services","transportation and storage","professional, managers, executive and technicians","1.8"
"2012-Q3","services","transportation and storage","clerical, sales and services workers","2.1"
"2012-Q3","services","transportation and storage","production and transport operators, cleaners and labourers","3.1"
"2012-Q3","services","accommodation and food services","total","6"
"2012-Q3","services","accommodation and food services","professional, managers, executive and technicians","1.5"
"2012-Q3","services","accommodation and food services","clerical, sales and services workers","6.4"
"2012-Q3","services","accommodation and food services","production and transport operators, cleaners and labourers","8"
"2012-Q3","services","information and communications","total","2.8"
"2012-Q3","services","information and communications","professional, managers, executive and technicians","3.1"
"2012-Q3","services","information and communications","clerical, sales and services workers","1.9"
"2012-Q3","services","information and communications","production and transport operators, cleaners and labourers","-"
"2012-Q3","services","financial and insurance services","total","2.2"
"2012-Q3","services","financial and insurance services","professional, managers, executive and technicians","2.2"
"2012-Q3","services","financial and insurance services","clerical, sales and services workers","2.1"
"2012-Q3","services","financial and insurance services","production and transport operators, cleaners and labourers","-"
"2012-Q3","services","real estate services","total","3.4"
"2012-Q3","services","real estate services","professional, managers, executive and technicians","2"
"2012-Q3","services","real estate services","clerical, sales and services workers","3"
"2012-Q3","services","real estate services","production and transport operators, cleaners and labourers","4.5"
"2012-Q3","services","professional services","total","2.3"
"2012-Q3","services","professional services","professional, managers, executive and technicians","2.4"
"2012-Q3","services","professional services","clerical, sales and services workers","3.2"
"2012-Q3","services","professional services","production and transport operators, cleaners and labourers","1.2"
"2012-Q3","services","administrative and support services","total","4.3"
"2012-Q3","services","administrative and support services","professional, managers, executive and technicians","3.5"
"2012-Q3","services","administrative and support services","clerical, sales and services workers","4.8"
"2012-Q3","services","administrative and support services","production and transport operators, cleaners and labourers","4.2"
"2012-Q3","services","community, social and personal services","total","4"
"2012-Q3","services","community, social and personal services","professional, managers, executive and technicians","4"
"2012-Q3","services","community, social and personal services","clerical, sales and services workers","4.2"
"2012-Q3","services","community, social and personal services","production and transport operators, cleaners and labourers","3.2"
"2012-Q3","others","others","total","5"
"2012-Q3","others","others","professional, managers, executive and technicians","7.9"
"2012-Q3","others","others","clerical, sales and services workers","4.2"
"2012-Q3","others","others","production and transport operators, cleaners and labourers","2.3"
"2012-Q4","total","total","total","2.2"
"2012-Q4","total","total","professional, managers, executive and technicians","2.3"
"2012-Q4","total","total","clerical, sales and services workers","3.2"
"2012-Q4","total","total","production and transport operators, cleaners and labourers","1.6"
"2012-Q4","manufacturing","food, beverages and tobacco","total","2.2"
"2012-Q4","manufacturing","food, beverages and tobacco","professional, managers, executive and technicians","1.9"
"2012-Q4","manufacturing","food, beverages and tobacco","clerical, sales and services workers","2.5"
"2012-Q4","manufacturing","food, beverages and tobacco","production and transport operators, cleaners and labourers","2.1"
"2012-Q4","manufacturing","paper,rubber,plastic products and printing","total","1.3"
"2012-Q4","manufacturing","paper,rubber,plastic products and printing","professional, managers, executive and technicians","0.8"
"2012-Q4","manufacturing","paper,rubber,plastic products and printing","clerical, sales and services workers","1.6"
"2012-Q4","manufacturing","paper,rubber,plastic products and printing","production and transport operators, cleaners and labourers","1.5"
"2012-Q4","manufacturing","petroleum, chemical and pharmaceutical products","total","1.5"
"2012-Q4","manufacturing","petroleum, chemical and pharmaceutical products","professional, managers, executive and technicians","1.5"
"2012-Q4","manufacturing","petroleum, chemical and pharmaceutical products","clerical, sales and services workers","-"
"2012-Q4","manufacturing","petroleum, chemical and pharmaceutical products","production and transport operators, cleaners and labourers","1.7"
"2012-Q4","manufacturing","fabricated metal products, machinery and equipment","total","1.4"
"2012-Q4","manufacturing","fabricated metal products, machinery and equipment","professional, managers, executive and technicians","1.5"
"2012-Q4","manufacturing","fabricated metal products, machinery and equipment","clerical, sales and services workers","1.9"
"2012-Q4","manufacturing","fabricated metal products, machinery and equipment","production and transport operators, cleaners and labourers","1.2"
"2012-Q4","manufacturing","electronic, computer and optical products","total","1.8"
"2012-Q4","manufacturing","electronic, computer and optical products","professional, managers, executive and technicians","2"
"2012-Q4","manufacturing","electronic, computer and optical products","clerical, sales and services workers","2.3"
"2012-Q4","manufacturing","electronic, computer and optical products","production and transport operators, cleaners and labourers","1.5"
"2012-Q4","manufacturing","transport equipment","total","1.2"
"2012-Q4","manufacturing","transport equipment","professional, managers, executive and technicians","1.2"
"2012-Q4","manufacturing","transport equipment","clerical, sales and services workers","1.4"
"2012-Q4","manufacturing","transport equipment","production and transport operators, cleaners and labourers","1.2"
"2012-Q4","manufacturing","other manufacturing industries","total","1.6"
"2012-Q4","manufacturing","other manufacturing industries","professional, managers, executive and technicians","1.5"
"2012-Q4","manufacturing","other manufacturing industries","clerical, sales and services workers","1.5"
"2012-Q4","manufacturing","other manufacturing industries","production and transport operators, cleaners and labourers","1.7"
"2012-Q4","construction","construction","total","1"
"2012-Q4","construction","construction","professional, managers, executive and technicians","1.3"
"2012-Q4","construction","construction","clerical, sales and services workers","1"
"2012-Q4","construction","construction","production and transport operators, cleaners and labourers","0.9"
"2012-Q4","services","wholesale and retail trade","total","2.5"
"2012-Q4","services","wholesale and retail trade","professional, managers, executive and technicians","1.7"
"2012-Q4","services","wholesale and retail trade","clerical, sales and services workers","3.9"
"2012-Q4","services","wholesale and retail trade","production and transport operators, cleaners and labourers","1.3"
"2012-Q4","services","transportation and storage","total","1.9"
"2012-Q4","services","transportation and storage","professional, managers, executive and technicians","1.5"
"2012-Q4","services","transportation and storage","clerical, sales and services workers","2"
"2012-Q4","services","transportation and storage","production and transport operators, cleaners and labourers","2.1"
"2012-Q4","services","accommodation and food services","total","4.6"
"2012-Q4","services","accommodation and food services","professional, managers, executive and technicians","3.3"
"2012-Q4","services","accommodation and food services","clerical, sales and services workers","4.4"
"2012-Q4","services","accommodation and food services","production and transport operators, cleaners and labourers","6.3"
"2012-Q4","services","information and communications","total","2.6"
"2012-Q4","services","information and communications","professional, managers, executive and technicians","2.6"
"2012-Q4","services","information and communications","clerical, sales and services workers","2.1"
"2012-Q4","services","information and communications","production and transport operators, cleaners and labourers","4.5"
"2012-Q4","services","financial and insurance services","total","1.7"
"2012-Q4","services","financial and insurance services","professional, managers, executive and technicians","1.7"
"2012-Q4","services","financial and insurance services","clerical, sales and services workers","1.7"
"2012-Q4","services","financial and insurance services","production and transport operators, cleaners and labourers","-"
"2012-Q4","services","real estate services","total","2.3"
"2012-Q4","services","real estate services","professional, managers, executive and technicians","2.1"
"2012-Q4","services","real estate services","clerical, sales and services workers","3.3"
"2012-Q4","services","real estate services","production and transport operators, cleaners and labourers","2.1"
"2012-Q4","services","professional services","total","1.8"
"2012-Q4","services","professional services","professional, managers, executive and technicians","1.8"
"2012-Q4","services","professional services","clerical, sales and services workers","2.4"
"2012-Q4","services","professional services","production and transport operators, cleaners and labourers","1.6"
"2012-Q4","services","administrative and support services","total","3"
"2012-Q4","services","administrative and support services","professional, managers, executive and technicians","2.9"
"2012-Q4","services","administrative and support services","clerical, sales and services workers","3.6"
"2012-Q4","services","administrative and support services","production and transport operators, cleaners and labourers","2.5"
"2012-Q4","services","community, social and personal services","total","3.3"
"2012-Q4","services","community, social and personal services","professional, managers, executive and technicians","3.3"
"2012-Q4","services","community, social and personal services","clerical, sales and services workers","3.3"
"2012-Q4","services","community, social and personal services","production and transport operators, cleaners and labourers","3.1"
"2012-Q4","others","others","total","4.4"
"2012-Q4","others","others","professional, managers, executive and technicians","7.8"
"2012-Q4","others","others","clerical, sales and services workers","-"
"2012-Q4","others","others","production and transport operators, cleaners and labourers","1.8"
"2013-Q1","total","total","total","2.6"
"2013-Q1","total","total","professional, managers, executive and technicians","2.6"
"2013-Q1","total","total","clerical, sales and services workers","3.3"
"2013-Q1","total","total","production and transport operators, cleaners and labourers","2.2"
"2013-Q1","manufacturing","food, beverages and tobacco","total","2.5"
"2013-Q1","manufacturing","food, beverages and tobacco","professional, managers, executive and technicians","4.1"
"2013-Q1","manufacturing","food, beverages and tobacco","clerical, sales and services workers","3.1"
"2013-Q1","manufacturing","food, beverages and tobacco","production and transport operators, cleaners and labourers","1.8"
"2013-Q1","manufacturing","paper,rubber,plastic products and printing","total","1.8"
"2013-Q1","manufacturing","paper,rubber,plastic products and printing","professional, managers, executive and technicians","2.3"
"2013-Q1","manufacturing","paper,rubber,plastic products and printing","clerical, sales and services workers","1.7"
"2013-Q1","manufacturing","paper,rubber,plastic products and printing","production and transport operators, cleaners and labourers","1.5"
"2013-Q1","manufacturing","petroleum, chemical and pharmaceutical products","total","2.7"
"2013-Q1","manufacturing","petroleum, chemical and pharmaceutical products","professional, managers, executive and technicians","2.5"
"2013-Q1","manufacturing","petroleum, chemical and pharmaceutical products","clerical, sales and services workers","-"
"2013-Q1","manufacturing","petroleum, chemical and pharmaceutical products","production and transport operators, cleaners and labourers","3.3"
"2013-Q1","manufacturing","fabricated metal products, machinery and equipment","total","2.1"
"2013-Q1","manufacturing","fabricated metal products, machinery and equipment","professional, managers, executive and technicians","2.4"
"2013-Q1","manufacturing","fabricated metal products, machinery and equipment","clerical, sales and services workers","2.3"
"2013-Q1","manufacturing","fabricated metal products, machinery and equipment","production and transport operators, cleaners and labourers","1.9"
"2013-Q1","manufacturing","electronic, computer and optical products","total","2.1"
"2013-Q1","manufacturing","electronic, computer and optical products","professional, managers, executive and technicians","2"
"2013-Q1","manufacturing","electronic, computer and optical products","clerical, sales and services workers","1.6"
"2013-Q1","manufacturing","electronic, computer and optical products","production and transport operators, cleaners and labourers","2.2"
"2013-Q1","manufacturing","transport equipment","total","1.2"
"2013-Q1","manufacturing","transport equipment","professional, managers, executive and technicians","1.8"
"2013-Q1","manufacturing","transport equipment","clerical, sales and services workers","-"
"2013-Q1","manufacturing","transport equipment","production and transport operators, cleaners and labourers","1"
"2013-Q1","manufacturing","other manufacturing industries","total","2.4"
"2013-Q1","manufacturing","other manufacturing industries","professional, managers, executive and technicians","1.9"
"2013-Q1","manufacturing","other manufacturing industries","clerical, sales and services workers","2.1"
"2013-Q1","manufacturing","other manufacturing industries","production and transport operators, cleaners and labourers","2.8"
"2013-Q1","construction","construction","total","1.4"
"2013-Q1","construction","construction","professional, managers, executive and technicians","1.7"
"2013-Q1","construction","construction","clerical, sales and services workers","1.9"
"2013-Q1","construction","construction","production and transport operators, cleaners and labourers","1.2"
"2013-Q1","services","wholesale and retail trade","total","2.9"
"2013-Q1","services","wholesale and retail trade","professional, managers, executive and technicians","2.2"
"2013-Q1","services","wholesale and retail trade","clerical, sales and services workers","3.9"
"2013-Q1","services","wholesale and retail trade","production and transport operators, cleaners and labourers","2.5"
"2013-Q1","services","transportation and storage","total","2.8"
"2013-Q1","services","transportation and storage","professional, managers, executive and technicians","1.7"
"2013-Q1","services","transportation and storage","clerical, sales and services workers","2.4"
"2013-Q1","services","transportation and storage","production and transport operators, cleaners and labourers","3.8"
"2013-Q1","services","accommodation and food services","total","4.6"
"2013-Q1","services","accommodation and food services","professional, managers, executive and technicians","4.5"
"2013-Q1","services","accommodation and food services","clerical, sales and services workers","4.4"
"2013-Q1","services","accommodation and food services","production and transport operators, cleaners and labourers","5.3"
"2013-Q1","services","information and communications","total","2.4"
"2013-Q1","services","information and communications","professional, managers, executive and technicians","2.4"
"2013-Q1","services","information and communications","clerical, sales and services workers","2.4"
"2013-Q1","services","information and communications","production and transport operators, cleaners and labourers","-"
"2013-Q1","services","financial and insurance services","total","1.9"
"2013-Q1","services","financial and insurance services","professional, managers, executive and technicians","2"
"2013-Q1","services","financial and insurance services","clerical, sales and services workers","1.5"
"2013-Q1","services","financial and insurance services","production and transport operators, cleaners and labourers","-"
"2013-Q1","services","real estate services","total","3.3"
"2013-Q1","services","real estate services","professional, managers, executive and technicians","1.7"
"2013-Q1","services","real estate services","clerical, sales and services workers","3.7"
"2013-Q1","services","real estate services","production and transport operators, cleaners and labourers","4.2"
"2013-Q1","services","professional services","total","2.2"
"2013-Q1","services","professional services","professional, managers, executive and technicians","2.2"
"2013-Q1","services","professional services","clerical, sales and services workers","2.7"
"2013-Q1","services","professional services","production and transport operators, cleaners and labourers","1.7"
"2013-Q1","services","administrative and support services","total","3"
"2013-Q1","services","administrative and support services","professional, managers, executive and technicians","3.5"
"2013-Q1","services","administrative and support services","clerical, sales and services workers","3"
"2013-Q1","services","administrative and support services","production and transport operators, cleaners and labourers","2.7"
"2013-Q1","services","community, social and personal services","total","3.6"
"2013-Q1","services","community, social and personal services","professional, managers, executive and technicians","3.6"
"2013-Q1","services","community, social and personal services","clerical, sales and services workers","3.4"
"2013-Q1","services","community, social and personal services","production and transport operators, cleaners and labourers","4.2"
"2013-Q1","others","others","total","4.2"
"2013-Q1","others","others","professional, managers, executive and technicians","4.6"
"2013-Q1","others","others","clerical, sales and services workers","15.8"
"2013-Q1","others","others","production and transport operators, cleaners and labourers","2.1"
"2013-Q2","total","total","total","2.6"
"2013-Q2","total","total","professional, managers, executive and technicians","2.8"
"2013-Q2","total","total","clerical, sales and services workers","3.2"
"2013-Q2","total","total","production and transport operators, cleaners and labourers","2.1"
"2013-Q2","manufacturing","food, beverages and tobacco","total","1.9"
"2013-Q2","manufacturing","food, beverages and tobacco","professional, managers, executive and technicians","1.8"
"2013-Q2","manufacturing","food, beverages and tobacco","clerical, sales and services workers","3.1"
"2013-Q2","manufacturing","food, beverages and tobacco","production and transport operators, cleaners and labourers","1.4"
"2013-Q2","manufacturing","paper,rubber,plastic products and printing","total","1.9"
"2013-Q2","manufacturing","paper,rubber,plastic products and printing","professional, managers, executive and technicians","2"
"2013-Q2","manufacturing","paper,rubber,plastic products and printing","clerical, sales and services workers","-"
"2013-Q2","manufacturing","paper,rubber,plastic products and printing","production and transport operators, cleaners and labourers","2"
"2013-Q2","manufacturing","petroleum, chemical and pharmaceutical products","total","2"
"2013-Q2","manufacturing","petroleum, chemical and pharmaceutical products","professional, managers, executive and technicians","2"
"2013-Q2","manufacturing","petroleum, chemical and pharmaceutical products","clerical, sales and services workers","-"
"2013-Q2","manufacturing","petroleum, chemical and pharmaceutical products","production and transport operators, cleaners and labourers","2.3"
"2013-Q2","manufacturing","fabricated metal products, machinery and equipment","total","1.8"
"2013-Q2","manufacturing","fabricated metal products, machinery and equipment","professional, managers, executive and technicians","2"
"2013-Q2","manufacturing","fabricated metal products, machinery and equipment","clerical, sales and services workers","2"
"2013-Q2","manufacturing","fabricated metal products, machinery and equipment","production and transport operators, cleaners and labourers","1.7"
"2013-Q2","manufacturing","electronic, computer and optical products","total","2"
"2013-Q2","manufacturing","electronic, computer and optical products","professional, managers, executive and technicians","2.4"
"2013-Q2","manufacturing","electronic, computer and optical products","clerical, sales and services workers","-"
"2013-Q2","manufacturing","electronic, computer and optical products","production and transport operators, cleaners and labourers","1.7"
"2013-Q2","manufacturing","transport equipment","total","1.6"
"2013-Q2","manufacturing","transport equipment","professional, managers, executive and technicians","2.1"
"2013-Q2","manufacturing","transport equipment","clerical, sales and services workers","-"
"2013-Q2","manufacturing","transport equipment","production and transport operators, cleaners and labourers","1.5"
"2013-Q2","manufacturing","other manufacturing industries","total","2.9"
"2013-Q2","manufacturing","other manufacturing industries","professional, managers, executive and technicians","3"
"2013-Q2","manufacturing","other manufacturing industries","clerical, sales and services workers","2.5"
"2013-Q2","manufacturing","other manufacturing industries","production and transport operators, cleaners and labourers","2.9"
"2013-Q2","construction","construction","total","1.3"
"2013-Q2","construction","construction","professional, managers, executive and technicians","2.1"
"2013-Q2","construction","construction","clerical, sales and services workers","2.1"
"2013-Q2","construction","construction","production and transport operators, cleaners and labourers","1.1"
"2013-Q2","services","wholesale and retail trade","total","2.7"
"2013-Q2","services","wholesale and retail trade","professional, managers, executive and technicians","2"
"2013-Q2","services","wholesale and retail trade","clerical, sales and services workers","3.6"
"2013-Q2","services","wholesale and retail trade","production and transport operators, cleaners and labourers","2.4"
"2013-Q2","services","transportation and storage","total","2.5"
"2013-Q2","services","transportation and storage","professional, managers, executive and technicians","1.8"
"2013-Q2","services","transportation and storage","clerical, sales and services workers","2.5"
"2013-Q2","services","transportation and storage","production and transport operators, cleaners and labourers","2.9"
"2013-Q2","services","accommodation and food services","total","4.4"
"2013-Q2","services","accommodation and food services","professional, managers, executive and technicians","3.8"
"2013-Q2","services","accommodation and food services","clerical, sales and services workers","4.2"
"2013-Q2","services","accommodation and food services","production and transport operators, cleaners and labourers","6.3"
"2013-Q2","services","information and communications","total","2.5"
"2013-Q2","services","information and communications","professional, managers, executive and technicians","2.4"
"2013-Q2","services","information and communications","clerical, sales and services workers","3.1"
"2013-Q2","services","information and communications","production and transport operators, cleaners and labourers","-"
"2013-Q2","services","financial and insurance services","total","2.3"
"2013-Q2","services","financial and insurance services","professional, managers, executive and technicians","2.3"
"2013-Q2","services","financial and insurance services","clerical, sales and services workers","2"
"2013-Q2","services","financial and insurance services","production and transport operators, cleaners and labourers","-"
"2013-Q2","services","real estate services","total","3.2"
"2013-Q2","services","real estate services","professional, managers, executive and technicians","2"
"2013-Q2","services","real estate services","clerical, sales and services workers","3.2"
"2013-Q2","services","real estate services","production and transport operators, cleaners and labourers","3.9"
"2013-Q2","services","professional services","total","2.3"
"2013-Q2","services","professional services","professional, managers, executive and technicians","2.3"
"2013-Q2","services","professional services","clerical, sales and services workers","2.5"
"2013-Q2","services","professional services","production and transport operators, cleaners and labourers","2.1"
"2013-Q2","services","administrative and support services","total","3.1"
"2013-Q2","services","administrative and support services","professional, managers, executive and technicians","2.9"
"2013-Q2","services","administrative and support services","clerical, sales and services workers","3.1"
"2013-Q2","services","administrative and support services","production and transport operators, cleaners and labourers","3.2"
"2013-Q2","services","community, social and personal services","total","4.1"
"2013-Q2","services","community, social and personal services","professional, managers, executive and technicians","4.2"
"2013-Q2","services","community, social and personal services","clerical, sales and services workers","3.6"
"2013-Q2","services","community, social and personal services","production and transport operators, cleaners and labourers","4.2"
"2013-Q2","others","others","total","2.7"
"2013-Q2","others","others","professional, managers, executive and technicians","3.9"
"2013-Q2","others","others","clerical, sales and services workers","-"
"2013-Q2","others","others","production and transport operators, cleaners and labourers","1.5"
"2013-Q3","total","total","total","3"
"2013-Q3","total","total","professional, managers, executive and technicians","2.7"
"2013-Q3","total","total","clerical, sales and services workers","4.7"
"2013-Q3","total","total","production and transport operators, cleaners and labourers","2.4"
"2013-Q3","manufacturing","food, beverages and tobacco","total","3.1"
"2013-Q3","manufacturing","food, beverages and tobacco","professional, managers, executive and technicians","1.4"
"2013-Q3","manufacturing","food, beverages and tobacco","clerical, sales and services workers","4.5"
"2013-Q3","manufacturing","food, beverages and tobacco","production and transport operators, cleaners and labourers","3"
"2013-Q3","manufacturing","paper,rubber,plastic products and printing","total","1.7"
"2013-Q3","manufacturing","paper,rubber,plastic products and printing","professional, managers, executive and technicians","1.5"
"2013-Q3","manufacturing","paper,rubber,plastic products and printing","clerical, sales and services workers","2.2"
"2013-Q3","manufacturing","paper,rubber,plastic products and printing","production and transport operators, cleaners and labourers","1.8"
"2013-Q3","manufacturing","petroleum, chemical and pharmaceutical products","total","1.8"
"2013-Q3","manufacturing","petroleum, chemical and pharmaceutical products","professional, managers, executive and technicians","1.9"
"2013-Q3","manufacturing","petroleum, chemical and pharmaceutical products","clerical, sales and services workers","-"
"2013-Q3","manufacturing","petroleum, chemical and pharmaceutical products","production and transport operators, cleaners and labourers","1.8"
"2013-Q3","manufacturing","fabricated metal products, machinery and equipment","total","2.3"
"2013-Q3","manufacturing","fabricated metal products, machinery and equipment","professional, managers, executive and technicians","2.7"
"2013-Q3","manufacturing","fabricated metal products, machinery and equipment","clerical, sales and services workers","2.5"
"2013-Q3","manufacturing","fabricated metal products, machinery and equipment","production and transport operators, cleaners and labourers","2"
"2013-Q3","manufacturing","electronic, computer and optical products","total","1.6"
"2013-Q3","manufacturing","electronic, computer and optical products","professional, managers, executive and technicians","1.9"
"2013-Q3","manufacturing","electronic, computer and optical products","clerical, sales and services workers","-"
"2013-Q3","manufacturing","electronic, computer and optical products","production and transport operators, cleaners and labourers","1.3"
"2013-Q3","manufacturing","transport equipment","total","1.7"
"2013-Q3","manufacturing","transport equipment","professional, managers, executive and technicians","2.3"
"2013-Q3","manufacturing","transport equipment","clerical, sales and services workers","1.5"
"2013-Q3","manufacturing","transport equipment","production and transport operators, cleaners and labourers","1.5"
"2013-Q3","manufacturing","other manufacturing industries","total","2.2"
"2013-Q3","manufacturing","other manufacturing industries","professional, managers, executive and technicians","2.3"
"2013-Q3","manufacturing","other manufacturing industries","clerical, sales and services workers","2.6"
"2013-Q3","manufacturing","other manufacturing industries","production and transport operators, cleaners and labourers","2.2"
"2013-Q3","construction","construction","total","1.3"
"2013-Q3","construction","construction","professional, managers, executive and technicians","2.2"
"2013-Q3","construction","construction","clerical, sales and services workers","1.1"
"2013-Q3","construction","construction","production and transport operators, cleaners and labourers","1.1"
"2013-Q3","services","wholesale and retail trade","total","3.4"
"2013-Q3","services","wholesale and retail trade","professional, managers, executive and technicians","2.1"
"2013-Q3","services","wholesale and retail trade","clerical, sales and services workers","5.2"
"2013-Q3","services","wholesale and retail trade","production and transport operators, cleaners and labourers","2.4"
"2013-Q3","services","transportation and storage","total","2.6"
"2013-Q3","services","transportation and storage","professional, managers, executive and technicians","1.5"
"2013-Q3","services","transportation and storage","clerical, sales and services workers","2.2"
"2013-Q3","services","transportation and storage","production and transport operators, cleaners and labourers","3.5"
"2013-Q3","services","accommodation and food services","total","6.4"
"2013-Q3","services","accommodation and food services","professional, managers, executive and technicians","2.1"
"2013-Q3","services","accommodation and food services","clerical, sales and services workers","6.8"
"2013-Q3","services","accommodation and food services","production and transport operators, cleaners and labourers","8.6"
"2013-Q3","services","information and communications","total","2.9"
"2013-Q3","services","information and communications","professional, managers, executive and technicians","2.9"
"2013-Q3","services","information and communications","clerical, sales and services workers","3.4"
"2013-Q3","services","information and communications","production and transport operators, cleaners and labourers","-"
"2013-Q3","services","financial and insurance services","total","2.5"
"2013-Q3","services","financial and insurance services","professional, managers, executive and technicians","2.4"
"2013-Q3","services","financial and insurance services","clerical, sales and services workers","2.6"
"2013-Q3","services","financial and insurance services","production and transport operators, cleaners and labourers","6.6"
"2013-Q3","services","real estate services","total","4.1"
"2013-Q3","services","real estate services","professional, managers, executive and technicians","3.4"
"2013-Q3","services","real estate services","clerical, sales and services workers","4.3"
"2013-Q3","services","real estate services","production and transport operators, cleaners and labourers","4.5"
"2013-Q3","services","professional services","total","2.5"
"2013-Q3","services","professional services","professional, managers, executive and technicians","2.4"
"2013-Q3","services","professional services","clerical, sales and services workers","3.4"
"2013-Q3","services","professional services","production and transport operators, cleaners and labourers","2.1"
"2013-Q3","services","administrative and support services","total","4.6"
"2013-Q3","services","administrative and support services","professional, managers, executive and technicians","2.7"
"2013-Q3","services","administrative and support services","clerical, sales and services workers","5.5"
"2013-Q3","services","administrative and support services","production and transport operators, cleaners and labourers","4.6"
"2013-Q3","services","community, social and personal services","total","4.1"
"2013-Q3","services","community, social and personal services","professional, managers, executive and technicians","3.7"
"2013-Q3","services","community, social and personal services","clerical, sales and services workers","5.6"
"2013-Q3","services","community, social and personal services","production and transport operators, cleaners and labourers","3.7"
"2013-Q3","others","others","total","3.4"
"2013-Q3","others","others","professional, managers, executive and technicians","3.8"
"2013-Q3","others","others","clerical, sales and services workers","-"
"2013-Q3","others","others","production and transport operators, cleaners and labourers","2.9"
"2013-Q4","total","total","total","2.8"
"2013-Q4","total","total","professional, managers, executive and technicians","2.7"
"2013-Q4","total","total","clerical, sales and services workers","4"
"2013-Q4","total","total","production and transport operators, cleaners and labourers","2.2"
"2013-Q4","manufacturing","food, beverages and tobacco","total","3.2"
"2013-Q4","manufacturing","food, beverages and tobacco","professional, managers, executive and technicians","1.9"
"2013-Q4","manufacturing","food, beverages and tobacco","clerical, sales and services workers","2.2"
"2013-Q4","manufacturing","food, beverages and tobacco","production and transport operators, cleaners and labourers","4.1"
"2013-Q4","manufacturing","paper,rubber,plastic products and printing","total","1.7"
"2013-Q4","manufacturing","paper,rubber,plastic products and printing","professional, managers, executive and technicians","1"
"2013-Q4","manufacturing","paper,rubber,plastic products and printing","clerical, sales and services workers","2.1"
"2013-Q4","manufacturing","paper,rubber,plastic products and printing","production and transport operators, cleaners and labourers","2.1"
"2013-Q4","manufacturing","petroleum, chemical and pharmaceutical products","total","1.6"
"2013-Q4","manufacturing","petroleum, chemical and pharmaceutical products","professional, managers, executive and technicians","1.7"
"2013-Q4","manufacturing","petroleum, chemical and pharmaceutical products","clerical, sales and services workers","-"
"2013-Q4","manufacturing","petroleum, chemical and pharmaceutical products","production and transport operators, cleaners and labourers","1.4"
"2013-Q4","manufacturing","fabricated metal products, machinery and equipment","total","1.9"
"2013-Q4","manufacturing","fabricated metal products, machinery and equipment","professional, managers, executive and technicians","2.6"
"2013-Q4","manufacturing","fabricated metal products, machinery and equipment","clerical, sales and services workers","1.6"
"2013-Q4","manufacturing","fabricated metal products, machinery and equipment","production and transport operators, cleaners and labourers","1.6"
"2013-Q4","manufacturing","electronic, computer and optical products","total","2"
"2013-Q4","manufacturing","electronic, computer and optical products","professional, managers, executive and technicians","1.9"
"2013-Q4","manufacturing","electronic, computer and optical products","clerical, sales and services workers","-"
"2013-Q4","manufacturing","electronic, computer and optical products","production and transport operators, cleaners and labourers","2.2"
"2013-Q4","manufacturing","transport equipment","total","1.3"
"2013-Q4","manufacturing","transport equipment","professional, managers, executive and technicians","2"
"2013-Q4","manufacturing","transport equipment","clerical, sales and services workers","2.7"
"2013-Q4","manufacturing","transport equipment","production and transport operators, cleaners and labourers","0.9"
"2013-Q4","manufacturing","other manufacturing industries","total","1.9"
"2013-Q4","manufacturing","other manufacturing industries","professional, managers, executive and technicians","1.9"
"2013-Q4","manufacturing","other manufacturing industries","clerical, sales and services workers","-"
"2013-Q4","manufacturing","other manufacturing industries","production and transport operators, cleaners and labourers","2"
"2013-Q4","construction","construction","total","1.3"
"2013-Q4","construction","construction","professional, managers, executive and technicians","2"
"2013-Q4","construction","construction","clerical, sales and services workers","1.6"
"2013-Q4","construction","construction","production and transport operators, cleaners and labourers","1.1"
"2013-Q4","services","wholesale and retail trade","total","3.1"
"2013-Q4","services","wholesale and retail trade","professional, managers, executive and technicians","2"
"2013-Q4","services","wholesale and retail trade","clerical, sales and services workers","4.4"
"2013-Q4","services","wholesale and retail trade","production and transport operators, cleaners and labourers","2.3"
"2013-Q4","services","transportation and storage","total","2.6"
"2013-Q4","services","transportation and storage","professional, managers, executive and technicians","1.6"
"2013-Q4","services","transportation and storage","clerical, sales and services workers","2.2"
"2013-Q4","services","transportation and storage","production and transport operators, cleaners and labourers","3.5"
"2013-Q4","services","accommodation and food services","total","5.9"
"2013-Q4","services","accommodation and food services","professional, managers, executive and technicians","5.8"
"2013-Q4","services","accommodation and food services","clerical, sales and services workers","5.6"
"2013-Q4","services","accommodation and food services","production and transport operators, cleaners and labourers","7.3"
"2013-Q4","services","information and communications","total","3.4"
"2013-Q4","services","information and communications","professional, managers, executive and technicians","3.3"
"2013-Q4","services","information and communications","clerical, sales and services workers","2.9"
"2013-Q4","services","information and communications","production and transport operators, cleaners and labourers","8.9"
"2013-Q4","services","financial and insurance services","total","2.3"
"2013-Q4","services","financial and insurance services","professional, managers, executive and technicians","2.3"
"2013-Q4","services","financial and insurance services","clerical, sales and services workers","1.9"
"2013-Q4","services","financial and insurance services","production and transport operators, cleaners and labourers","-"
"2013-Q4","services","real estate services","total","3.3"
"2013-Q4","services","real estate services","professional, managers, executive and technicians","1.8"
"2013-Q4","services","real estate services","clerical, sales and services workers","4.8"
"2013-Q4","services","real estate services","production and transport operators, cleaners and labourers","3.8"
"2013-Q4","services","professional services","total","1.9"
"2013-Q4","services","professional services","professional, managers, executive and technicians","1.9"
"2013-Q4","services","professional services","clerical, sales and services workers","3.2"
"2013-Q4","services","professional services","production and transport operators, cleaners and labourers","0.8"
"2013-Q4","services","administrative and support services","total","4.4"
"2013-Q4","services","administrative and support services","professional, managers, executive and technicians","4.4"
"2013-Q4","services","administrative and support services","clerical, sales and services workers","4.9"
"2013-Q4","services","administrative and support services","production and transport operators, cleaners and labourers","4.1"
"2013-Q4","services","community, social and personal services","total","3.8"
"2013-Q4","services","community, social and personal services","professional, managers, executive and technicians","3.7"
"2013-Q4","services","community, social and personal services","clerical, sales and services workers","4.1"
"2013-Q4","services","community, social and personal services","production and transport operators, cleaners and labourers","4"
"2013-Q4","others","others","total","2.4"
"2013-Q4","others","others","professional, managers, executive and technicians","2.4"
"2013-Q4","others","others","clerical, sales and services workers","-"
"2013-Q4","others","others","production and transport operators, cleaners and labourers","2.4"
"2014-Q1","total","total","total","3"
"2014-Q1","total","total","professional, managers, executive and technicians","2.9"
"2014-Q1","total","total","clerical, sales and services workers","4.2"
"2014-Q1","total","total","production and transport operators, cleaners and labourers","2.3"
"2014-Q1","manufacturing","food, beverages and tobacco","total","3.1"
"2014-Q1","manufacturing","food, beverages and tobacco","professional, managers, executive and technicians","2.3"
"2014-Q1","manufacturing","food, beverages and tobacco","clerical, sales and services workers","5.6"
"2014-Q1","manufacturing","food, beverages and tobacco","production and transport operators, cleaners and labourers","2.1"
"2014-Q1","manufacturing","paper,rubber,plastic products and printing","total","2"
"2014-Q1","manufacturing","paper,rubber,plastic products and printing","professional, managers, executive and technicians","1.4"
"2014-Q1","manufacturing","paper,rubber,plastic products and printing","clerical, sales and services workers","2.1"
"2014-Q1","manufacturing","paper,rubber,plastic products and printing","production and transport operators, cleaners and labourers","2.3"
"2014-Q1","manufacturing","petroleum, chemical and pharmaceutical products","total","2"
"2014-Q1","manufacturing","petroleum, chemical and pharmaceutical products","professional, managers, executive and technicians","2.4"
"2014-Q1","manufacturing","petroleum, chemical and pharmaceutical products","clerical, sales and services workers","-"
"2014-Q1","manufacturing","petroleum, chemical and pharmaceutical products","production and transport operators, cleaners and labourers","1.3"
"2014-Q1","manufacturing","fabricated metal products, machinery and equipment","total","1.7"
"2014-Q1","manufacturing","fabricated metal products, machinery and equipment","professional, managers, executive and technicians","2.2"
"2014-Q1","manufacturing","fabricated metal products, machinery and equipment","clerical, sales and services workers","2.6"
"2014-Q1","manufacturing","fabricated metal products, machinery and equipment","production and transport operators, cleaners and labourers","1.4"
"2014-Q1","manufacturing","electronic, computer and optical products","total","2.5"
"2014-Q1","manufacturing","electronic, computer and optical products","professional, managers, executive and technicians","2.6"
"2014-Q1","manufacturing","electronic, computer and optical products","clerical, sales and services workers","3.5"
"2014-Q1","manufacturing","electronic, computer and optical products","production and transport operators, cleaners and labourers","2.2"
"2014-Q1","manufacturing","transport equipment","total","1.7"
"2014-Q1","manufacturing","transport equipment","professional, managers, executive and technicians","1.9"
"2014-Q1","manufacturing","transport equipment","clerical, sales and services workers","2.9"
"2014-Q1","manufacturing","transport equipment","production and transport operators, cleaners and labourers","1.5"
"2014-Q1","manufacturing","other manufacturing industries","total","2.1"
"2014-Q1","manufacturing","other manufacturing industries","professional, managers, executive and technicians","2.4"
"2014-Q1","manufacturing","other manufacturing industries","clerical, sales and services workers","-"
"2014-Q1","manufacturing","other manufacturing industries","production and transport operators, cleaners and labourers","2.2"
"2014-Q1","construction","construction","total","1.1"
"2014-Q1","construction","construction","professional, managers, executive and technicians","1.6"
"2014-Q1","construction","construction","clerical, sales and services workers","1"
"2014-Q1","construction","construction","production and transport operators, cleaners and labourers","1"
"2014-Q1","services","wholesale and retail trade","total","3.3"
"2014-Q1","services","wholesale and retail trade","professional, managers, executive and technicians","2.1"
"2014-Q1","services","wholesale and retail trade","clerical, sales and services workers","4.7"
"2014-Q1","services","wholesale and retail trade","production and transport operators, cleaners and labourers","2.6"
"2014-Q1","services","transportation and storage","total","2.9"
"2014-Q1","services","transportation and storage","professional, managers, executive and technicians","2"
"2014-Q1","services","transportation and storage","clerical, sales and services workers","2.3"
"2014-Q1","services","transportation and storage","production and transport operators, cleaners and labourers","3.8"
"2014-Q1","services","accommodation and food services","total","5.7"
"2014-Q1","services","accommodation and food services","professional, managers, executive and technicians","4.2"
"2014-Q1","services","accommodation and food services","clerical, sales and services workers","5.4"
"2014-Q1","services","accommodation and food services","production and transport operators, cleaners and labourers","8"
"2014-Q1","services","information and communications","total","3.5"
"2014-Q1","services","information and communications","professional, managers, executive and technicians","3.1"
"2014-Q1","services","information and communications","clerical, sales and services workers","7"
"2014-Q1","services","information and communications","production and transport operators, cleaners and labourers","-"
"2014-Q1","services","financial and insurance services","total","3"
"2014-Q1","services","financial and insurance services","professional, managers, executive and technicians","3.1"
"2014-Q1","services","financial and insurance services","clerical, sales and services workers","2.4"
"2014-Q1","services","financial and insurance services","production and transport operators, cleaners and labourers","5.3"
"2014-Q1","services","real estate services","total","3.9"
"2014-Q1","services","real estate services","professional, managers, executive and technicians","2.4"
"2014-Q1","services","real estate services","clerical, sales and services workers","5.5"
"2014-Q1","services","real estate services","production and transport operators, cleaners and labourers","4.4"
"2014-Q1","services","professional services","total","2.4"
"2014-Q1","services","professional services","professional, managers, executive and technicians","2.5"
"2014-Q1","services","professional services","clerical, sales and services workers","3.1"
"2014-Q1","services","professional services","production and transport operators, cleaners and labourers","1.4"
"2014-Q1","services","administrative and support services","total","4.6"
"2014-Q1","services","administrative and support services","professional, managers, executive and technicians","5.3"
"2014-Q1","services","administrative and support services","clerical, sales and services workers","4.8"
"2014-Q1","services","administrative and support services","production and transport operators, cleaners and labourers","4.1"
"2014-Q1","services","community, social and personal services","total","4"
"2014-Q1","services","community, social and personal services","professional, managers, executive and technicians","3.9"
"2014-Q1","services","community, social and personal services","clerical, sales and services workers","4.5"
"2014-Q1","services","community, social and personal services","production and transport operators, cleaners and labourers","3.8"
"2014-Q1","others","others","total","2.2"
"2014-Q1","others","others","professional, managers, executive and technicians","2.1"
"2014-Q1","others","others","clerical, sales and services workers","-"
"2014-Q1","others","others","production and transport operators, cleaners and labourers","2.4"
"2014-Q2","total","total","total","3.1"
"2014-Q2","total","total","professional, managers, executive and technicians","3.2"
"2014-Q2","total","total","clerical, sales and services workers","4.3"
"2014-Q2","total","total","production and transport operators, cleaners and labourers","2.4"
"2014-Q2","manufacturing","food, beverages and tobacco","total","2"
"2014-Q2","manufacturing","food, beverages and tobacco","professional, managers, executive and technicians","1.5"
"2014-Q2","manufacturing","food, beverages and tobacco","clerical, sales and services workers","3"
"2014-Q2","manufacturing","food, beverages and tobacco","production and transport operators, cleaners and labourers","1.8"
"2014-Q2","manufacturing","paper,rubber,plastic products and printing","total","2.7"
"2014-Q2","manufacturing","paper,rubber,plastic products and printing","professional, managers, executive and technicians","2.5"
"2014-Q2","manufacturing","paper,rubber,plastic products and printing","clerical, sales and services workers","4.1"
"2014-Q2","manufacturing","paper,rubber,plastic products and printing","production and transport operators, cleaners and labourers","2.5"
"2014-Q2","manufacturing","petroleum, chemical and pharmaceutical products","total","1.6"
"2014-Q2","manufacturing","petroleum, chemical and pharmaceutical products","professional, managers, executive and technicians","1.9"
"2014-Q2","manufacturing","petroleum, chemical and pharmaceutical products","clerical, sales and services workers","-"
"2014-Q2","manufacturing","petroleum, chemical and pharmaceutical products","production and transport operators, cleaners and labourers","1.4"
"2014-Q2","manufacturing","fabricated metal products, machinery and equipment","total","2.1"
"2014-Q2","manufacturing","fabricated metal products, machinery and equipment","professional, managers, executive and technicians","2.8"
"2014-Q2","manufacturing","fabricated metal products, machinery and equipment","clerical, sales and services workers","2.3"
"2014-Q2","manufacturing","fabricated metal products, machinery and equipment","production and transport operators, cleaners and labourers","1.6"
"2014-Q2","manufacturing","electronic, computer and optical products","total","3.1"
"2014-Q2","manufacturing","electronic, computer and optical products","professional, managers, executive and technicians","3.7"
"2014-Q2","manufacturing","electronic, computer and optical products","clerical, sales and services workers","2.6"
"2014-Q2","manufacturing","electronic, computer and optical products","production and transport operators, cleaners and labourers","2.3"
"2014-Q2","manufacturing","transport equipment","total","1.8"
"2014-Q2","manufacturing","transport equipment","professional, managers, executive and technicians","2"
"2014-Q2","manufacturing","transport equipment","clerical, sales and services workers","2.3"
"2014-Q2","manufacturing","transport equipment","production and transport operators, cleaners and labourers","1.7"
"2014-Q2","manufacturing","other manufacturing industries","total","2.3"
"2014-Q2","manufacturing","other manufacturing industries","professional, managers, executive and technicians","2.2"
"2014-Q2","manufacturing","other manufacturing industries","clerical, sales and services workers","2.4"
"2014-Q2","manufacturing","other manufacturing industries","production and transport operators, cleaners and labourers","2.4"
"2014-Q2","construction","construction","total","1.2"
"2014-Q2","construction","construction","professional, managers, executive and technicians","2.1"
"2014-Q2","construction","construction","clerical, sales and services workers","1.7"
"2014-Q2","construction","construction","production and transport operators, cleaners and labourers","0.9"
"2014-Q2","services","wholesale and retail trade","total","3.3"
"2014-Q2","services","wholesale and retail trade","professional, managers, executive and technicians","2"
"2014-Q2","services","wholesale and retail trade","clerical, sales and services workers","4.6"
"2014-Q2","services","wholesale and retail trade","production and transport operators, cleaners and labourers","2.8"
"2014-Q2","services","transportation and storage","total","3.1"
"2014-Q2","services","transportation and storage","professional, managers, executive and technicians","2.4"
"2014-Q2","services","transportation and storage","clerical, sales and services workers","2.5"
"2014-Q2","services","transportation and storage","production and transport operators, cleaners and labourers","3.8"
"2014-Q2","services","accommodation and food services","total","6"
"2014-Q2","services","accommodation and food services","professional, managers, executive and technicians","4.9"
"2014-Q2","services","accommodation and food services","clerical, sales and services workers","5.5"
"2014-Q2","services","accommodation and food services","production and transport operators, cleaners and labourers","8.7"
"2014-Q2","services","information and communications","total","3.4"
"2014-Q2","services","information and communications","professional, managers, executive and technicians","3.2"
"2014-Q2","services","information and communications","clerical, sales and services workers","4.7"
"2014-Q2","services","information and communications","production and transport operators, cleaners and labourers","5.3"
"2014-Q2","services","financial and insurance services","total","3.1"
"2014-Q2","services","financial and insurance services","professional, managers, executive and technicians","3.1"
"2014-Q2","services","financial and insurance services","clerical, sales and services workers","3.2"
"2014-Q2","services","financial and insurance services","production and transport operators, cleaners and labourers","-"
"2014-Q2","services","real estate services","total","3.7"
"2014-Q2","services","real estate services","professional, managers, executive and technicians","2.3"
"2014-Q2","services","real estate services","clerical, sales and services workers","4"
"2014-Q2","services","real estate services","production and transport operators, cleaners and labourers","4.6"
"2014-Q2","services","professional services","total","2.3"
"2014-Q2","services","professional services","professional, managers, executive and technicians","2.4"
"2014-Q2","services","professional services","clerical, sales and services workers","3.7"
"2014-Q2","services","professional services","production and transport operators, cleaners and labourers","0.8"
"2014-Q2","services","administrative and support services","total","4.5"
"2014-Q2","services","administrative and support services","professional, managers, executive and technicians","4.5"
"2014-Q2","services","administrative and support services","clerical, sales and services workers","4.5"
"2014-Q2","services","administrative and support services","production and transport operators, cleaners and labourers","4.5"
"2014-Q2","services","community, social and personal services","total","4.6"
"2014-Q2","services","community, social and personal services","professional, managers, executive and technicians","4.4"
"2014-Q2","services","community, social and personal services","clerical, sales and services workers","5"
"2014-Q2","services","community, social and personal services","production and transport operators, cleaners and labourers","4.9"
"2014-Q2","others","others","total","2.4"
"2014-Q2","others","others","professional, managers, executive and technicians","2.2"
"2014-Q2","others","others","clerical, sales and services workers","6.5"
"2014-Q2","others","others","production and transport operators, cleaners and labourers","2.2"
"2014-Q3","total","total","total","3.2"
"2014-Q3","total","total","professional, managers, executive and technicians","3.1"
"2014-Q3","total","total","clerical, sales and services workers","4.7"
"2014-Q3","total","total","production and transport operators, cleaners and labourers","2.3"
"2014-Q3","manufacturing","food, beverages and tobacco","total","3.6"
"2014-Q3","manufacturing","food, beverages and tobacco","professional, managers, executive and technicians","1.3"
"2014-Q3","manufacturing","food, beverages and tobacco","clerical, sales and services workers","5.6"
"2014-Q3","manufacturing","food, beverages and tobacco","production and transport operators, cleaners and labourers","3.5"
"2014-Q3","manufacturing","paper,rubber,plastic products and printing","total","2.1"
"2014-Q3","manufacturing","paper,rubber,plastic products and printing","professional, managers, executive and technicians","2.1"
"2014-Q3","manufacturing","paper,rubber,plastic products and printing","clerical, sales and services workers","-"
"2014-Q3","manufacturing","paper,rubber,plastic products and printing","production and transport operators, cleaners and labourers","2"
"2014-Q3","manufacturing","petroleum, chemical and pharmaceutical products","total","1.9"
"2014-Q3","manufacturing","petroleum, chemical and pharmaceutical products","professional, managers, executive and technicians","1.9"
"2014-Q3","manufacturing","petroleum, chemical and pharmaceutical products","clerical, sales and services workers","-"
"2014-Q3","manufacturing","petroleum, chemical and pharmaceutical products","production and transport operators, cleaners and labourers","1.9"
"2014-Q3","manufacturing","fabricated metal products, machinery and equipment","total","2.4"
"2014-Q3","manufacturing","fabricated metal products, machinery and equipment","professional, managers, executive and technicians","2.9"
"2014-Q3","manufacturing","fabricated metal products, machinery and equipment","clerical, sales and services workers","1.8"
"2014-Q3","manufacturing","fabricated metal products, machinery and equipment","production and transport operators, cleaners and labourers","2.3"
"2014-Q3","manufacturing","electronic, computer and optical products","total","2.3"
"2014-Q3","manufacturing","electronic, computer and optical products","professional, managers, executive and technicians","2.9"
"2014-Q3","manufacturing","electronic, computer and optical products","clerical, sales and services workers","2.4"
"2014-Q3","manufacturing","electronic, computer and optical products","production and transport operators, cleaners and labourers","1.6"
"2014-Q3","manufacturing","transport equipment","total","1.7"
"2014-Q3","manufacturing","transport equipment","professional, managers, executive and technicians","2"
"2014-Q3","manufacturing","transport equipment","clerical, sales and services workers","1.3"
"2014-Q3","manufacturing","transport equipment","production and transport operators, cleaners and labourers","1.7"
"2014-Q3","manufacturing","other manufacturing industries","total","2.3"
"2014-Q3","manufacturing","other manufacturing industries","professional, managers, executive and technicians","2.5"
"2014-Q3","manufacturing","other manufacturing industries","clerical, sales and services workers","3.1"
"2014-Q3","manufacturing","other manufacturing industries","production and transport operators, cleaners and labourers","2.1"
"2014-Q3","construction","construction","total","1.2"
"2014-Q3","construction","construction","professional, managers, executive and technicians","2.3"
"2014-Q3","construction","construction","clerical, sales and services workers","1.4"
"2014-Q3","construction","construction","production and transport operators, cleaners and labourers","0.9"
"2014-Q3","services","wholesale and retail trade","total","3.8"
"2014-Q3","services","wholesale and retail trade","professional, managers, executive and technicians","2.5"
"2014-Q3","services","wholesale and retail trade","clerical, sales and services workers","5.7"
"2014-Q3","services","wholesale and retail trade","production and transport operators, cleaners and labourers","2.8"
"2014-Q3","services","transportation and storage","total","2.7"
"2014-Q3","services","transportation and storage","professional, managers, executive and technicians","1.9"
"2014-Q3","services","transportation and storage","clerical, sales and services workers","2.7"
"2014-Q3","services","transportation and storage","production and transport operators, cleaners and labourers","3.3"
"2014-Q3","services","accommodation and food services","total","6.3"
"2014-Q3","services","accommodation and food services","professional, managers, executive and technicians","2.9"
"2014-Q3","services","accommodation and food services","clerical, sales and services workers","6.5"
"2014-Q3","services","accommodation and food services","production and transport operators, cleaners and labourers","8.4"
"2014-Q3","services","information and communications","total","3.6"
"2014-Q3","services","information and communications","professional, managers, executive and technicians","3.8"
"2014-Q3","services","information and communications","clerical, sales and services workers","2.3"
"2014-Q3","services","information and communications","production and transport operators, cleaners and labourers","-"
"2014-Q3","services","financial and insurance services","total","2.9"
"2014-Q3","services","financial and insurance services","professional, managers, executive and technicians","2.8"
"2014-Q3","services","financial and insurance services","clerical, sales and services workers","4"
"2014-Q3","services","financial and insurance services","production and transport operators, cleaners and labourers","-"
"2014-Q3","services","real estate services","total","4.4"
"2014-Q3","services","real estate services","professional, managers, executive and technicians","3.3"
"2014-Q3","services","real estate services","clerical, sales and services workers","4.3"
"2014-Q3","services","real estate services","production and transport operators, cleaners and labourers","5.1"
"2014-Q3","services","professional services","total","2.9"
"2014-Q3","services","professional services","professional, managers, executive and technicians","3.2"
"2014-Q3","services","professional services","clerical, sales and services workers","3.5"
"2014-Q3","services","professional services","production and transport operators, cleaners and labourers","1.3"
"2014-Q3","services","administrative and support services","total","4.8"
"2014-Q3","services","administrative and support services","professional, managers, executive and technicians","3.6"
"2014-Q3","services","administrative and support services","clerical, sales and services workers","6"
"2014-Q3","services","administrative and support services","production and transport operators, cleaners and labourers","4.1"
"2014-Q3","services","community, social and personal services","total","4"
"2014-Q3","services","community, social and personal services","professional, managers, executive and technicians","4"
"2014-Q3","services","community, social and personal services","clerical, sales and services workers","4.1"
"2014-Q3","services","community, social and personal services","production and transport operators, cleaners and labourers","3.8"
"2014-Q3","others","others","total","3"
"2014-Q3","others","others","professional, managers, executive and technicians","2.6"
"2014-Q3","others","others","clerical, sales and services workers","-"
"2014-Q3","others","others","production and transport operators, cleaners and labourers","3.4"
"2014-Q4","total","total","total","2.9"
"2014-Q4","total","total","professional, managers, executive and technicians","2.9"
"2014-Q4","total","total","clerical, sales and services workers","4.1"
"2014-Q4","total","total","production and transport operators, cleaners and labourers","2.1"
"2014-Q4","manufacturing","food, beverages and tobacco","total","3.1"
"2014-Q4","manufacturing","food, beverages and tobacco","professional, managers, executive and technicians","2"
"2014-Q4","manufacturing","food, beverages and tobacco","clerical, sales and services workers","4.7"
"2014-Q4","manufacturing","food, beverages and tobacco","production and transport operators, cleaners and labourers","2.5"
"2014-Q4","manufacturing","paper,rubber,plastic products and printing","total","2"
"2014-Q4","manufacturing","paper,rubber,plastic products and printing","professional, managers, executive and technicians","1.7"
"2014-Q4","manufacturing","paper,rubber,plastic products and printing","clerical, sales and services workers","2.2"
"2014-Q4","manufacturing","paper,rubber,plastic products and printing","production and transport operators, cleaners and labourers","2.1"
"2014-Q4","manufacturing","petroleum, chemical and pharmaceutical products","total","1.7"
"2014-Q4","manufacturing","petroleum, chemical and pharmaceutical products","professional, managers, executive and technicians","1.8"
"2014-Q4","manufacturing","petroleum, chemical and pharmaceutical products","clerical, sales and services workers","-"
"2014-Q4","manufacturing","petroleum, chemical and pharmaceutical products","production and transport operators, cleaners and labourers","1.7"
"2014-Q4","manufacturing","fabricated metal products, machinery and equipment","total","1.9"
"2014-Q4","manufacturing","fabricated metal products, machinery and equipment","professional, managers, executive and technicians","2.4"
"2014-Q4","manufacturing","fabricated metal products, machinery and equipment","clerical, sales and services workers","2.9"
"2014-Q4","manufacturing","fabricated metal products, machinery and equipment","production and transport operators, cleaners and labourers","1.5"
"2014-Q4","manufacturing","electronic, computer and optical products","total","2"
"2014-Q4","manufacturing","electronic, computer and optical products","professional, managers, executive and technicians","2.3"
"2014-Q4","manufacturing","electronic, computer and optical products","clerical, sales and services workers","-"
"2014-Q4","manufacturing","electronic, computer and optical products","production and transport operators, cleaners and labourers","1.6"
"2014-Q4","manufacturing","transport equipment","total","1.6"
"2014-Q4","manufacturing","transport equipment","professional, managers, executive and technicians","1.8"
"2014-Q4","manufacturing","transport equipment","clerical, sales and services workers","1.6"
"2014-Q4","manufacturing","transport equipment","production and transport operators, cleaners and labourers","1.5"
"2014-Q4","manufacturing","other manufacturing industries","total","1.6"
"2014-Q4","manufacturing","other manufacturing industries","professional, managers, executive and technicians","2.1"
"2014-Q4","manufacturing","other manufacturing industries","clerical, sales and services workers","-"
"2014-Q4","manufacturing","other manufacturing industries","production and transport operators, cleaners and labourers","1.4"
"2014-Q4","construction","construction","total","1.2"
"2014-Q4","construction","construction","professional, managers, executive and technicians","1.6"
"2014-Q4","construction","construction","clerical, sales and services workers","1.1"
"2014-Q4","construction","construction","production and transport operators, cleaners and labourers","1"
"2014-Q4","services","wholesale and retail trade","total","2.9"
"2014-Q4","services","wholesale and retail trade","professional, managers, executive and technicians","2.3"
"2014-Q4","services","wholesale and retail trade","clerical, sales and services workers","4.1"
"2014-Q4","services","wholesale and retail trade","production and transport operators, cleaners and labourers","2.2"
"2014-Q4","services","transportation and storage","total","2.6"
"2014-Q4","services","transportation and storage","professional, managers, executive and technicians","1.5"
"2014-Q4","services","transportation and storage","clerical, sales and services workers","2.9"
"2014-Q4","services","transportation and storage","production and transport operators, cleaners and labourers","3.1"
"2014-Q4","services","accommodation and food services","total","5.6"
"2014-Q4","services","accommodation and food services","professional, managers, executive and technicians","3.8"
"2014-Q4","services","accommodation and food services","clerical, sales and services workers","5.7"
"2014-Q4","services","accommodation and food services","production and transport operators, cleaners and labourers","7.5"
"2014-Q4","services","information and communications","total","3.6"
"2014-Q4","services","information and communications","professional, managers, executive and technicians","3.8"
"2014-Q4","services","information and communications","clerical, sales and services workers","1.9"
"2014-Q4","services","information and communications","production and transport operators, cleaners and labourers","4.5"
"2014-Q4","services","financial and insurance services","total","2.6"
"2014-Q4","services","financial and insurance services","professional, managers, executive and technicians","2.6"
"2014-Q4","services","financial and insurance services","clerical, sales and services workers","2.3"
"2014-Q4","services","financial and insurance services","production and transport operators, cleaners and labourers","-"
"2014-Q4","services","real estate services","total","3.4"
"2014-Q4","services","real estate services","professional, managers, executive and technicians","2.2"
"2014-Q4","services","real estate services","clerical, sales and services workers","3.7"
"2014-Q4","services","real estate services","production and transport operators, cleaners and labourers","4.2"
"2014-Q4","services","professional services","total","3"
"2014-Q4","services","professional services","professional, managers, executive and technicians","3.4"
"2014-Q4","services","professional services","clerical, sales and services workers","3"
"2014-Q4","services","professional services","production and transport operators, cleaners and labourers","0.7"
"2014-Q4","services","administrative and support services","total","4.1"
"2014-Q4","services","administrative and support services","professional, managers, executive and technicians","3.8"
"2014-Q4","services","administrative and support services","clerical, sales and services workers","4.7"
"2014-Q4","services","administrative and support services","production and transport operators, cleaners and labourers","3.7"
"2014-Q4","services","community, social and personal services","total","3.9"
"2014-Q4","services","community, social and personal services","professional, managers, executive and technicians","3.9"
"2014-Q4","services","community, social and personal services","clerical, sales and services workers","4.4"
"2014-Q4","services","community, social and personal services","production and transport operators, cleaners and labourers","3.5"
"2014-Q4","others","others","total","2.3"
"2014-Q4","others","others","professional, managers, executive and technicians","2.5"
"2014-Q4","others","others","clerical, sales and services workers","-"
"2014-Q4","others","others","production and transport operators, cleaners and labourers","2"
"2015-Q1","total","total","total","3"
"2015-Q1","total","total","professional, managers, executive and technicians","3.2"
"2015-Q1","total","total","clerical, sales and services workers","4.1"
"2015-Q1","total","total","production and transport operators, cleaners and labourers","2.1"
"2015-Q1","manufacturing","food, beverages and tobacco","total","2.4"
"2015-Q1","manufacturing","food, beverages and tobacco","professional, managers, executive and technicians","2.3"
"2015-Q1","manufacturing","food, beverages and tobacco","clerical, sales and services workers","2.6"
"2015-Q1","manufacturing","food, beverages and tobacco","production and transport operators, cleaners and labourers","2.2"
"2015-Q1","manufacturing","paper,rubber,plastic products and printing","total","2"
"2015-Q1","manufacturing","paper,rubber,plastic products and printing","professional, managers, executive and technicians","1.6"
"2015-Q1","manufacturing","paper,rubber,plastic products and printing","clerical, sales and services workers","-"
"2015-Q1","manufacturing","paper,rubber,plastic products and printing","production and transport operators, cleaners and labourers","2.4"
"2015-Q1","manufacturing","petroleum, chemical and pharmaceutical products","total","2"
"2015-Q1","manufacturing","petroleum, chemical and pharmaceutical products","professional, managers, executive and technicians","2"
"2015-Q1","manufacturing","petroleum, chemical and pharmaceutical products","clerical, sales and services workers","-"
"2015-Q1","manufacturing","petroleum, chemical and pharmaceutical products","production and transport operators, cleaners and labourers","2.1"
"2015-Q1","manufacturing","fabricated metal products, machinery and equipment","total","1.7"
"2015-Q1","manufacturing","fabricated metal products, machinery and equipment","professional, managers, executive and technicians","2.3"
"2015-Q1","manufacturing","fabricated metal products, machinery and equipment","clerical, sales and services workers","2.2"
"2015-Q1","manufacturing","fabricated metal products, machinery and equipment","production and transport operators, cleaners and labourers","1.3"
"2015-Q1","manufacturing","electronic, computer and optical products","total","3"
"2015-Q1","manufacturing","electronic, computer and optical products","professional, managers, executive and technicians","3.7"
"2015-Q1","manufacturing","electronic, computer and optical products","clerical, sales and services workers","-"
"2015-Q1","manufacturing","electronic, computer and optical products","production and transport operators, cleaners and labourers","2.3"
"2015-Q1","manufacturing","transport equipment","total","1.1"
"2015-Q1","manufacturing","transport equipment","professional, managers, executive and technicians","1.7"
"2015-Q1","manufacturing","transport equipment","clerical, sales and services workers","1.2"
"2015-Q1","manufacturing","transport equipment","production and transport operators, cleaners and labourers","0.9"
"2015-Q1","manufacturing","other manufacturing industries","total","2"
"2015-Q1","manufacturing","other manufacturing industries","professional, managers, executive and technicians","2.3"
"2015-Q1","manufacturing","other manufacturing industries","clerical, sales and services workers","1.7"
"2015-Q1","manufacturing","other manufacturing industries","production and transport operators, cleaners and labourers","1.9"
"2015-Q1","construction","construction","total","1"
"2015-Q1","construction","construction","professional, managers, executive and technicians","1.9"
"2015-Q1","construction","construction","clerical, sales and services workers","1.2"
"2015-Q1","construction","construction","production and transport operators, cleaners and labourers","0.8"
"2015-Q1","services","wholesale and retail trade","total","3"
"2015-Q1","services","wholesale and retail trade","professional, managers, executive and technicians","2.8"
"2015-Q1","services","wholesale and retail trade","clerical, sales and services workers","3.6"
"2015-Q1","services","wholesale and retail trade","production and transport operators, cleaners and labourers","2.2"
"2015-Q1","services","transportation and storage","total","2.8"
"2015-Q1","services","transportation and storage","professional, managers, executive and technicians","2"
"2015-Q1","services","transportation and storage","clerical, sales and services workers","3.4"
"2015-Q1","services","transportation and storage","production and transport operators, cleaners and labourers","3"
"2015-Q1","services","accommodation and food services","total","5.7"
"2015-Q1","services","accommodation and food services","professional, managers, executive and technicians","3.7"
"2015-Q1","services","accommodation and food services","clerical, sales and services workers","5.7"
"2015-Q1","services","accommodation and food services","production and transport operators, cleaners and labourers","7.8"
"2015-Q1","services","information and communications","total","3.8"
"2015-Q1","services","information and communications","professional, managers, executive and technicians","4.1"
"2015-Q1","services","information and communications","clerical, sales and services workers","1.4"
"2015-Q1","services","information and communications","production and transport operators, cleaners and labourers","3.1"
"2015-Q1","services","financial and insurance services","total","2.7"
"2015-Q1","services","financial and insurance services","professional, managers, executive and technicians","2.8"
"2015-Q1","services","financial and insurance services","clerical, sales and services workers","1.7"
"2015-Q1","services","financial and insurance services","production and transport operators, cleaners and labourers","-"
"2015-Q1","services","real estate services","total","3.9"
"2015-Q1","services","real estate services","professional, managers, executive and technicians","2.6"
"2015-Q1","services","real estate services","clerical, sales and services workers","3.9"
"2015-Q1","services","real estate services","production and transport operators, cleaners and labourers","4.8"
"2015-Q1","services","professional services","total","3.5"
"2015-Q1","services","professional services","professional, managers, executive and technicians","3.9"
"2015-Q1","services","professional services","clerical, sales and services workers","3.2"
"2015-Q1","services","professional services","production and transport operators, cleaners and labourers","1.2"
"2015-Q1","services","administrative and support services","total","4.4"
"2015-Q1","services","administrative and support services","professional, managers, executive and technicians","3.3"
"2015-Q1","services","administrative and support services","clerical, sales and services workers","5.4"
"2015-Q1","services","administrative and support services","production and transport operators, cleaners and labourers","3.9"
"2015-Q1","services","community, social and personal services","total","4.1"
"2015-Q1","services","community, social and personal services","professional, managers, executive and technicians","3.8"
"2015-Q1","services","community, social and personal services","clerical, sales and services workers","5"
"2015-Q1","services","community, social and personal services","production and transport operators, cleaners and labourers","4.2"
"2015-Q1","others","others","total","2.1"
"2015-Q1","others","others","professional, managers, executive and technicians","2.4"
"2015-Q1","others","others","clerical, sales and services workers","-"
"2015-Q1","others","others","production and transport operators, cleaners and labourers","1.5"
"2015-Q2","total","total","total","2.9"
"2015-Q2","total","total","professional, managers, executive and technicians","3.2"
"2015-Q2","total","total","clerical, sales and services workers","4.1"
"2015-Q2","total","total","production and transport operators, cleaners and labourers","1.9"
"2015-Q2","manufacturing","food, beverages and tobacco","total","2.3"
"2015-Q2","manufacturing","food, beverages and tobacco","professional, managers, executive and technicians","3"
"2015-Q2","manufacturing","food, beverages and tobacco","clerical, sales and services workers","2.5"
"2015-Q2","manufacturing","food, beverages and tobacco","production and transport operators, cleaners and labourers","1.9"
"2015-Q2","manufacturing","paper,rubber,plastic products and printing","total","1.9"
"2015-Q2","manufacturing","paper,rubber,plastic products and printing","professional, managers, executive and technicians","1.9"
"2015-Q2","manufacturing","paper,rubber,plastic products and printing","clerical, sales and services workers","2.3"
"2015-Q2","manufacturing","paper,rubber,plastic products and printing","production and transport operators, cleaners and labourers","1.7"
"2015-Q2","manufacturing","petroleum, chemical and pharmaceutical products","total","2.3"
"2015-Q2","manufacturing","petroleum, chemical and pharmaceutical products","professional, managers, executive and technicians","2.3"
"2015-Q2","manufacturing","petroleum, chemical and pharmaceutical products","clerical, sales and services workers","3"
"2015-Q2","manufacturing","petroleum, chemical and pharmaceutical products","production and transport operators, cleaners and labourers","1.9"
"2015-Q2","manufacturing","fabricated metal products, machinery and equipment","total","1.4"
"2015-Q2","manufacturing","fabricated metal products, machinery and equipment","professional, managers, executive and technicians","2"
"2015-Q2","manufacturing","fabricated metal products, machinery and equipment","clerical, sales and services workers","1.4"
"2015-Q2","manufacturing","fabricated metal products, machinery and equipment","production and transport operators, cleaners and labourers","1.1"
"2015-Q2","manufacturing","electronic, computer and optical products","total","2.4"
"2015-Q2","manufacturing","electronic, computer and optical products","professional, managers, executive and technicians","2.8"
"2015-Q2","manufacturing","electronic, computer and optical products","clerical, sales and services workers","1.5"
"2015-Q2","manufacturing","electronic, computer and optical products","production and transport operators, cleaners and labourers","2.1"
"2015-Q2","manufacturing","transport equipment","total","0.9"
"2015-Q2","manufacturing","transport equipment","professional, managers, executive and technicians","1.7"
"2015-Q2","manufacturing","transport equipment","clerical, sales and services workers","-"
"2015-Q2","manufacturing","transport equipment","production and transport operators, cleaners and labourers","0.6"
"2015-Q2","manufacturing","other manufacturing industries","total","2"
"2015-Q2","manufacturing","other manufacturing industries","professional, managers, executive and technicians","2.4"
"2015-Q2","manufacturing","other manufacturing industries","clerical, sales and services workers","-"
"2015-Q2","manufacturing","other manufacturing industries","production and transport operators, cleaners and labourers","1.8"
"2015-Q2","construction","construction","total","1.1"
"2015-Q2","construction","construction","professional, managers, executive and technicians","1.6"
"2015-Q2","construction","construction","clerical, sales and services workers","1.6"
"2015-Q2","construction","construction","production and transport operators, cleaners and labourers","0.9"
"2015-Q2","services","wholesale and retail trade","total","3.3"
"2015-Q2","services","wholesale and retail trade","professional, managers, executive and technicians","2.8"
"2015-Q2","services","wholesale and retail trade","clerical, sales and services workers","4.5"
"2015-Q2","services","wholesale and retail trade","production and transport operators, cleaners and labourers","2.1"
"2015-Q2","services","transportation and storage","total","2.6"
"2015-Q2","services","transportation and storage","professional, managers, executive and technicians","2.1"
"2015-Q2","services","transportation and storage","clerical, sales and services workers","3"
"2015-Q2","services","transportation and storage","production and transport operators, cleaners and labourers","2.5"
"2015-Q2","services","accommodation and food services","total","5.3"
"2015-Q2","services","accommodation and food services","professional, managers, executive and technicians","3.9"
"2015-Q2","services","accommodation and food services","clerical, sales and services workers","5.3"
"2015-Q2","services","accommodation and food services","production and transport operators, cleaners and labourers","7"
"2015-Q2","services","information and communications","total","4.1"
"2015-Q2","services","information and communications","professional, managers, executive and technicians","4.3"
"2015-Q2","services","information and communications","clerical, sales and services workers","2.3"
"2015-Q2","services","information and communications","production and transport operators, cleaners and labourers","3.9"
"2015-Q2","services","financial and insurance services","total","3"
"2015-Q2","services","financial and insurance services","professional, managers, executive and technicians","3.2"
"2015-Q2","services","financial and insurance services","clerical, sales and services workers","2.1"
"2015-Q2","services","financial and insurance services","production and transport operators, cleaners and labourers","-"
"2015-Q2","services","real estate services","total","3.4"
"2015-Q2","services","real estate services","professional, managers, executive and technicians","2.4"
"2015-Q2","services","real estate services","clerical, sales and services workers","4"
"2015-Q2","services","real estate services","production and transport operators, cleaners and labourers","4"
"2015-Q2","services","professional services","total","3.1"
"2015-Q2","services","professional services","professional, managers, executive and technicians","3.6"
"2015-Q2","services","professional services","clerical, sales and services workers","2.1"
"2015-Q2","services","professional services","production and transport operators, cleaners and labourers","1"
"2015-Q2","services","administrative and support services","total","4.3"
"2015-Q2","services","administrative and support services","professional, managers, executive and technicians","3.8"
"2015-Q2","services","administrative and support services","clerical, sales and services workers","5.5"
"2015-Q2","services","administrative and support services","production and transport operators, cleaners and labourers","3.5"
"2015-Q2","services","community, social and personal services","total","4.2"
"2015-Q2","services","community, social and personal services","professional, managers, executive and technicians","4.2"
"2015-Q2","services","community, social and personal services","clerical, sales and services workers","4.3"
"2015-Q2","services","community, social and personal services","production and transport operators, cleaners and labourers","3.5"
"2015-Q2","others","others","total","2"
"2015-Q2","others","others","professional, managers, executive and technicians","2"
"2015-Q2","others","others","clerical, sales and services workers","-"
"2015-Q2","others","others","production and transport operators, cleaners and labourers","1.7"
"2015-Q3","total","total","total","2.7"
"2015-Q3","total","total","professional, managers, executive and technicians","2.7"
"2015-Q3","total","total","clerical, sales and services workers","4"
"2015-Q3","total","total","production and transport operators, cleaners and labourers","2"
"2015-Q3","manufacturing","food, beverages and tobacco","total","3.2"
"2015-Q3","manufacturing","food, beverages and tobacco","professional, managers, executive and technicians","1.7"
"2015-Q3","manufacturing","food, beverages and tobacco","clerical, sales and services workers","4.4"
"2015-Q3","manufacturing","food, beverages and tobacco","production and transport operators, cleaners and labourers","3.2"
"2015-Q3","manufacturing","paper,rubber,plastic products and printing","total","1.5"
"2015-Q3","manufacturing","paper,rubber,plastic products and printing","professional, managers, executive and technicians","1.7"
"2015-Q3","manufacturing","paper,rubber,plastic products and printing","clerical, sales and services workers","-"
"2015-Q3","manufacturing","paper,rubber,plastic products and printing","production and transport operators, cleaners and labourers","1.5"
"2015-Q3","manufacturing","petroleum, chemical and pharmaceutical products","total","1.5"
"2015-Q3","manufacturing","petroleum, chemical and pharmaceutical products","professional, managers, executive and technicians","1.7"
"2015-Q3","manufacturing","petroleum, chemical and pharmaceutical products","clerical, sales and services workers","-"
"2015-Q3","manufacturing","petroleum, chemical and pharmaceutical products","production and transport operators, cleaners and labourers","0.8"
"2015-Q3","manufacturing","fabricated metal products, machinery and equipment","total","1.3"
"2015-Q3","manufacturing","fabricated metal products, machinery and equipment","professional, managers, executive and technicians","1.4"
"2015-Q3","manufacturing","fabricated metal products, machinery and equipment","clerical, sales and services workers","1"
"2015-Q3","manufacturing","fabricated metal products, machinery and equipment","production and transport operators, cleaners and labourers","1.3"
"2015-Q3","manufacturing","electronic, computer and optical products","total","1.7"
"2015-Q3","manufacturing","electronic, computer and optical products","professional, managers, executive and technicians","1.8"
"2015-Q3","manufacturing","electronic, computer and optical products","clerical, sales and services workers","2"
"2015-Q3","manufacturing","electronic, computer and optical products","production and transport operators, cleaners and labourers","1.7"
"2015-Q3","manufacturing","transport equipment","total","1.5"
"2015-Q3","manufacturing","transport equipment","professional, managers, executive and technicians","1.6"
"2015-Q3","manufacturing","transport equipment","clerical, sales and services workers","1.4"
"2015-Q3","manufacturing","transport equipment","production and transport operators, cleaners and labourers","1.5"
"2015-Q3","manufacturing","other manufacturing industries","total","2.3"
"2015-Q3","manufacturing","other manufacturing industries","professional, managers, executive and technicians","2.3"
"2015-Q3","manufacturing","other manufacturing industries","clerical, sales and services workers","2.8"
"2015-Q3","manufacturing","other manufacturing industries","production and transport operators, cleaners and labourers","2.2"
"2015-Q3","construction","construction","total","1"
"2015-Q3","construction","construction","professional, managers, executive and technicians","1.6"
"2015-Q3","construction","construction","clerical, sales and services workers","0.9"
"2015-Q3","construction","construction","production and transport operators, cleaners and labourers","0.8"
"2015-Q3","services","wholesale and retail trade","total","2.9"
"2015-Q3","services","wholesale and retail trade","professional, managers, executive and technicians","2.5"
"2015-Q3","services","wholesale and retail trade","clerical, sales and services workers","3.6"
"2015-Q3","services","wholesale and retail trade","production and transport operators, cleaners and labourers","2.1"
"2015-Q3","services","transportation and storage","total","2.3"
"2015-Q3","services","transportation and storage","professional, managers, executive and technicians","1.6"
"2015-Q3","services","transportation and storage","clerical, sales and services workers","2.6"
"2015-Q3","services","transportation and storage","production and transport operators, cleaners and labourers","2.5"
"2015-Q3","services","accommodation and food services","total","6"
"2015-Q3","services","accommodation and food services","professional, managers, executive and technicians","3.1"
"2015-Q3","services","accommodation and food services","clerical, sales and services workers","6.3"
"2015-Q3","services","accommodation and food services","production and transport operators, cleaners and labourers","7.8"
"2015-Q3","services","information and communications","total","4.4"
"2015-Q3","services","information and communications","professional, managers, executive and technicians","4.7"
"2015-Q3","services","information and communications","clerical, sales and services workers","3.7"
"2015-Q3","services","information and communications","production and transport operators, cleaners and labourers","-"
"2015-Q3","services","financial and insurance services","total","2.6"
"2015-Q3","services","financial and insurance services","professional, managers, executive and technicians","2.6"
"2015-Q3","services","financial and insurance services","clerical, sales and services workers","2.5"
"2015-Q3","services","financial and insurance services","production and transport operators, cleaners and labourers","-"
"2015-Q3","services","real estate services","total","4.6"
"2015-Q3","services","real estate services","professional, managers, executive and technicians","2.9"
"2015-Q3","services","real estate services","clerical, sales and services workers","5.4"
"2015-Q3","services","real estate services","production and transport operators, cleaners and labourers","5.6"
"2015-Q3","services","professional services","total","2.7"
"2015-Q3","services","professional services","professional, managers, executive and technicians","3"
"2015-Q3","services","professional services","clerical, sales and services workers","2.7"
"2015-Q3","services","professional services","production and transport operators, cleaners and labourers","1.4"
"2015-Q3","services","administrative and support services","total","3.8"
"2015-Q3","services","administrative and support services","professional, managers, executive and technicians","3.2"
"2015-Q3","services","administrative and support services","clerical, sales and services workers","4.9"
"2015-Q3","services","administrative and support services","production and transport operators, cleaners and labourers","3.1"
"2015-Q3","services","community, social and personal services","total","3.5"
"2015-Q3","services","community, social and personal services","professional, managers, executive and technicians","3.3"
"2015-Q3","services","community, social and personal services","clerical, sales and services workers","3.9"
"2015-Q3","services","community, social and personal services","production and transport operators, cleaners and labourers","3.4"
"2015-Q3","others","others","total","3.1"
"2015-Q3","others","others","professional, managers, executive and technicians","3"
"2015-Q3","others","others","clerical, sales and services workers","-"
"2015-Q3","others","others","production and transport operators, cleaners and labourers","3.4"
"2015-Q4","total","total","total","2.4"
"2015-Q4","total","total","professional, managers, executive and technicians","2.5"
"2015-Q4","total","total","clerical, sales and services workers","3.4"
"2015-Q4","total","total","production and transport operators, cleaners and labourers","1.7"
"2015-Q4","manufacturing","food, beverages and tobacco","total","2.6"
"2015-Q4","manufacturing","food, beverages and tobacco","professional, managers, executive and technicians","1.7"
"2015-Q4","manufacturing","food, beverages and tobacco","clerical, sales and services workers","3.6"
"2015-Q4","manufacturing","food, beverages and tobacco","production and transport operators, cleaners and labourers","2.5"
"2015-Q4","manufacturing","paper,rubber,plastic products and printing","total","1"
"2015-Q4","manufacturing","paper,rubber,plastic products and printing","professional, managers, executive and technicians","1.3"
"2015-Q4","manufacturing","paper,rubber,plastic products and printing","clerical, sales and services workers","-"
"2015-Q4","manufacturing","paper,rubber,plastic products and printing","production and transport operators, cleaners and labourers","1"
"2015-Q4","manufacturing","petroleum, chemical and pharmaceutical products","total","1.6"
"2015-Q4","manufacturing","petroleum, chemical and pharmaceutical products","professional, managers, executive and technicians","1.9"
"2015-Q4","manufacturing","petroleum, chemical and pharmaceutical products","clerical, sales and services workers","-"
"2015-Q4","manufacturing","petroleum, chemical and pharmaceutical products","production and transport operators, cleaners and labourers","0.9"
"2015-Q4","manufacturing","fabricated metal products, machinery and equipment","total","1.1"
"2015-Q4","manufacturing","fabricated metal products, machinery and equipment","professional, managers, executive and technicians","1.2"
"2015-Q4","manufacturing","fabricated metal products, machinery and equipment","clerical, sales and services workers","0.9"
"2015-Q4","manufacturing","fabricated metal products, machinery and equipment","production and transport operators, cleaners and labourers","1"
"2015-Q4","manufacturing","electronic, computer and optical products","total","1.8"
"2015-Q4","manufacturing","electronic, computer and optical products","professional, managers, executive and technicians","2.3"
"2015-Q4","manufacturing","electronic, computer and optical products","clerical, sales and services workers","-"
"2015-Q4","manufacturing","electronic, computer and optical products","production and transport operators, cleaners and labourers","1.3"
"2015-Q4","manufacturing","transport equipment","total","2"
"2015-Q4","manufacturing","transport equipment","professional, managers, executive and technicians","2"
"2015-Q4","manufacturing","transport equipment","clerical, sales and services workers","1.8"
"2015-Q4","manufacturing","transport equipment","production and transport operators, cleaners and labourers","2"
"2015-Q4","manufacturing","other manufacturing industries","total","1.8"
"2015-Q4","manufacturing","other manufacturing industries","professional, managers, executive and technicians","2"
"2015-Q4","manufacturing","other manufacturing industries","clerical, sales and services workers","2.1"
"2015-Q4","manufacturing","other manufacturing industries","production and transport operators, cleaners and labourers","1.7"
"2015-Q4","construction","construction","total","0.6"
"2015-Q4","construction","construction","professional, managers, executive and technicians","1.1"
"2015-Q4","construction","construction","clerical, sales and services workers","1.5"
"2015-Q4","construction","construction","production and transport operators, cleaners and labourers","0.5"
"2015-Q4","services","wholesale and retail trade","total","2.7"
"2015-Q4","services","wholesale and retail trade","professional, managers, executive and technicians","2.2"
"2015-Q4","services","wholesale and retail trade","clerical, sales and services workers","3.6"
"2015-Q4","services","wholesale and retail trade","production and transport operators, cleaners and labourers","1.7"
"2015-Q4","services","transportation and storage","total","2"
"2015-Q4","services","transportation and storage","professional, managers, executive and technicians","1.7"
"2015-Q4","services","transportation and storage","clerical, sales and services workers","1.9"
"2015-Q4","services","transportation and storage","production and transport operators, cleaners and labourers","2.3"
"2015-Q4","services","accommodation and food services","total","4.6"
"2015-Q4","services","accommodation and food services","professional, managers, executive and technicians","3.7"
"2015-Q4","services","accommodation and food services","clerical, sales and services workers","4.5"
"2015-Q4","services","accommodation and food services","production and transport operators, cleaners and labourers","6"
"2015-Q4","services","information and communications","total","3.4"
"2015-Q4","services","information and communications","professional, managers, executive and technicians","3.7"
"2015-Q4","services","information and communications","clerical, sales and services workers","2.9"
"2015-Q4","services","information and communications","production and transport operators, cleaners and labourers","-"
"2015-Q4","services","financial and insurance services","total","2.7"
"2015-Q4","services","financial and insurance services","professional, managers, executive and technicians","2.8"
"2015-Q4","services","financial and insurance services","clerical, sales and services workers","2.6"
"2015-Q4","services","financial and insurance services","production and transport operators, cleaners and labourers","-"
"2015-Q4","services","real estate services","total","3.5"
"2015-Q4","services","real estate services","professional, managers, executive and technicians","2.1"
"2015-Q4","services","real estate services","clerical, sales and services workers","2.8"
"2015-Q4","services","real estate services","production and transport operators, cleaners and labourers","4.9"
"2015-Q4","services","professional services","total","2.5"
"2015-Q4","services","professional services","professional, managers, executive and technicians","2.4"
"2015-Q4","services","professional services","clerical, sales and services workers","3.3"
"2015-Q4","services","professional services","production and transport operators, cleaners and labourers","2.2"
"2015-Q4","services","administrative and support services","total","3.4"
"2015-Q4","services","administrative and support services","professional, managers, executive and technicians","4"
"2015-Q4","services","administrative and support services","clerical, sales and services workers","4.3"
"2015-Q4","services","administrative and support services","production and transport operators, cleaners and labourers","2.4"
"2015-Q4","services","community, social and personal services","total","3"
"2015-Q4","services","community, social and personal services","professional, managers, executive and technicians","2.8"
"2015-Q4","services","community, social and personal services","clerical, sales and services workers","3.3"
"2015-Q4","services","community, social and personal services","production and transport operators, cleaners and labourers","4.2"
"2015-Q4","others","others","total","2.1"
"2015-Q4","others","others","professional, managers, executive and technicians","1.7"
"2015-Q4","others","others","clerical, sales and services workers","7.8"
"2015-Q4","others","others","production and transport operators, cleaners and labourers","2.1"
"2016-Q1","total","total","total","2.4"
"2016-Q1","total","total","professional, managers, executive and technicians","2.5"
"2016-Q1","total","total","clerical, sales and services workers","3.2"
"2016-Q1","total","total","production and transport operators, cleaners and labourers","1.6"
"2016-Q1","manufacturing","food, beverages and tobacco","total","2.5"
"2016-Q1","manufacturing","food, beverages and tobacco","professional, managers, executive and technicians","1.5"
"2016-Q1","manufacturing","food, beverages and tobacco","clerical, sales and services workers","4.3"
"2016-Q1","manufacturing","food, beverages and tobacco","production and transport operators, cleaners and labourers","2.1"
"2016-Q1","manufacturing","paper,rubber,plastic products and printing","total","1.3"
"2016-Q1","manufacturing","paper,rubber,plastic products and printing","professional, managers, executive and technicians","1.6"
"2016-Q1","manufacturing","paper,rubber,plastic products and printing","clerical, sales and services workers","-"
"2016-Q1","manufacturing","paper,rubber,plastic products and printing","production and transport operators, cleaners and labourers","1.3"
"2016-Q1","manufacturing","petroleum, chemical and pharmaceutical products","total","1.3"
"2016-Q1","manufacturing","petroleum, chemical and pharmaceutical products","professional, managers, executive and technicians","1.2"
"2016-Q1","manufacturing","petroleum, chemical and pharmaceutical products","clerical, sales and services workers","-"
"2016-Q1","manufacturing","petroleum, chemical and pharmaceutical products","production and transport operators, cleaners and labourers","1.5"
"2016-Q1","manufacturing","fabricated metal products, machinery and equipment","total","1.3"
"2016-Q1","manufacturing","fabricated metal products, machinery and equipment","professional, managers, executive and technicians","2"
"2016-Q1","manufacturing","fabricated metal products, machinery and equipment","clerical, sales and services workers","-"
"2016-Q1","manufacturing","fabricated metal products, machinery and equipment","production and transport operators, cleaners and labourers","1"
"2016-Q1","manufacturing","electronic, computer and optical products","total","1.9"
"2016-Q1","manufacturing","electronic, computer and optical products","professional, managers, executive and technicians","2"
"2016-Q1","manufacturing","electronic, computer and optical products","clerical, sales and services workers","-"
"2016-Q1","manufacturing","electronic, computer and optical products","production and transport operators, cleaners and labourers","1.8"
"2016-Q1","manufacturing","transport equipment","total","1.1"
"2016-Q1","manufacturing","transport equipment","professional, managers, executive and technicians","1.8"
"2016-Q1","manufacturing","transport equipment","clerical, sales and services workers","-"
"2016-Q1","manufacturing","transport equipment","production and transport operators, cleaners and labourers","0.8"
"2016-Q1","manufacturing","other manufacturing industries","total","2"
"2016-Q1","manufacturing","other manufacturing industries","professional, managers, executive and technicians","2.3"
"2016-Q1","manufacturing","other manufacturing industries","clerical, sales and services workers","-"
"2016-Q1","manufacturing","other manufacturing industries","production and transport operators, cleaners and labourers","2"
"2016-Q1","construction","construction","total","0.7"
"2016-Q1","construction","construction","professional, managers, executive and technicians","1.2"
"2016-Q1","construction","construction","clerical, sales and services workers","1.3"
"2016-Q1","construction","construction","production and transport operators, cleaners and labourers","0.5"
"2016-Q1","services","wholesale and retail trade","total","2.6"
"2016-Q1","services","wholesale and retail trade","professional, managers, executive and technicians","2.2"
"2016-Q1","services","wholesale and retail trade","clerical, sales and services workers","3.5"
"2016-Q1","services","wholesale and retail trade","production and transport operators, cleaners and labourers","1.8"
"2016-Q1","services","transportation and storage","total","2.1"
"2016-Q1","services","transportation and storage","professional, managers, executive and technicians","1.8"
"2016-Q1","services","transportation and storage","clerical, sales and services workers","1.9"
"2016-Q1","services","transportation and storage","production and transport operators, cleaners and labourers","2.5"
"2016-Q1","services","accommodation and food services","total","4.6"
"2016-Q1","services","accommodation and food services","professional, managers, executive and technicians","4.1"
"2016-Q1","services","accommodation and food services","clerical, sales and services workers","4.2"
"2016-Q1","services","accommodation and food services","production and transport operators, cleaners and labourers","6"
"2016-Q1","services","information and communications","total","3.7"
"2016-Q1","services","information and communications","professional, managers, executive and technicians","3.9"
"2016-Q1","services","information and communications","clerical, sales and services workers","2.4"
"2016-Q1","services","information and communications","production and transport operators, cleaners and labourers","2.2"
"2016-Q1","services","financial and insurance services","total","2.4"
"2016-Q1","services","financial and insurance services","professional, managers, executive and technicians","2.4"
"2016-Q1","services","financial and insurance services","clerical, sales and services workers","2"
"2016-Q1","services","financial and insurance services","production and transport operators, cleaners and labourers","-"
"2016-Q1","services","real estate services","total","2.3"
"2016-Q1","services","real estate services","professional, managers, executive and technicians","1.9"
"2016-Q1","services","real estate services","clerical, sales and services workers","3.1"
"2016-Q1","services","real estate services","production and transport operators, cleaners and labourers","2.3"
"2016-Q1","services","professional services","total","2.5"
"2016-Q1","services","professional services","professional, managers, executive and technicians","2.5"
"2016-Q1","services","professional services","clerical, sales and services workers","3.5"
"2016-Q1","services","professional services","production and transport operators, cleaners and labourers","1.8"
"2016-Q1","services","administrative and support services","total","3.3"
"2016-Q1","services","administrative and support services","professional, managers, executive and technicians","3.6"
"2016-Q1","services","administrative and support services","clerical, sales and services workers","4.5"
"2016-Q1","services","administrative and support services","production and transport operators, cleaners and labourers","2.2"
"2016-Q1","services","community, social and personal services","total","3.1"
"2016-Q1","services","community, social and personal services","professional, managers, executive and technicians","3.1"
"2016-Q1","services","community, social and personal services","clerical, sales and services workers","3"
"2016-Q1","services","community, social and personal services","production and transport operators, cleaners and labourers","3.9"
"2016-Q1","others","others","total","1.5"
"2016-Q1","others","others","professional, managers, executive and technicians","1.9"
"2016-Q1","others","others","clerical, sales and services workers","-"
"2016-Q1","others","others","production and transport operators, cleaners and labourers","0.9"
"2016-Q2","total","total","total","2.4"
"2016-Q2","total","total","professional, managers, executive and technicians","2.7"
"2016-Q2","total","total","clerical, sales and services workers","3.2"
"2016-Q2","total","total","production and transport operators, cleaners and labourers","1.6"
"2016-Q2","manufacturing","food, beverages and tobacco","total","2.4"
"2016-Q2","manufacturing","food, beverages and tobacco","professional, managers, executive and technicians","1.8"
"2016-Q2","manufacturing","food, beverages and tobacco","clerical, sales and services workers","3.7"
"2016-Q2","manufacturing","food, beverages and tobacco","production and transport operators, cleaners and labourers","1.9"
"2016-Q2","manufacturing","paper,rubber,plastic products and printing","total","1.3"
"2016-Q2","manufacturing","paper,rubber,plastic products and printing","professional, managers, executive and technicians","1.5"
"2016-Q2","manufacturing","paper,rubber,plastic products and printing","clerical, sales and services workers","-"
"2016-Q2","manufacturing","paper,rubber,plastic products and printing","production and transport operators, cleaners and labourers","1.2"
"2016-Q2","manufacturing","petroleum, chemical and pharmaceutical products","total","1.7"
"2016-Q2","manufacturing","petroleum, chemical and pharmaceutical products","professional, managers, executive and technicians","1.6"
"2016-Q2","manufacturing","petroleum, chemical and pharmaceutical products","clerical, sales and services workers","-"
"2016-Q2","manufacturing","petroleum, chemical and pharmaceutical products","production and transport operators, cleaners and labourers","2"
"2016-Q2","manufacturing","fabricated metal products, machinery and equipment","total","1.3"
"2016-Q2","manufacturing","fabricated metal products, machinery and equipment","professional, managers, executive and technicians","1.3"
"2016-Q2","manufacturing","fabricated metal products, machinery and equipment","clerical, sales and services workers","-"
"2016-Q2","manufacturing","fabricated metal products, machinery and equipment","production and transport operators, cleaners and labourers","1.3"
"2016-Q2","manufacturing","electronic, computer and optical products","total","2.3"
"2016-Q2","manufacturing","electronic, computer and optical products","professional, managers, executive and technicians","2.4"
"2016-Q2","manufacturing","electronic, computer and optical products","clerical, sales and services workers","-"
"2016-Q2","manufacturing","electronic, computer and optical products","production and transport operators, cleaners and labourers","2.3"
"2016-Q2","manufacturing","transport equipment","total","0.9"
"2016-Q2","manufacturing","transport equipment","professional, managers, executive and technicians","1.8"
"2016-Q2","manufacturing","transport equipment","clerical, sales and services workers","-"
"2016-Q2","manufacturing","transport equipment","production and transport operators, cleaners and labourers","0.4"
"2016-Q2","manufacturing","other manufacturing industries","total","2.5"
"2016-Q2","manufacturing","other manufacturing industries","professional, managers, executive and technicians","2.5"
"2016-Q2","manufacturing","other manufacturing industries","clerical, sales and services workers","-"
"2016-Q2","manufacturing","other manufacturing industries","production and transport operators, cleaners and labourers","2.7"
"2016-Q2","construction","construction","total","0.6"
"2016-Q2","construction","construction","professional, managers, executive and technicians","1.2"
"2016-Q2","construction","construction","clerical, sales and services workers","1.1"
"2016-Q2","construction","construction","production and transport operators, cleaners and labourers","0.4"
"2016-Q2","services","wholesale and retail trade","total","2.7"
"2016-Q2","services","wholesale and retail trade","professional, managers, executive and technicians","2.3"
"2016-Q2","services","wholesale and retail trade","clerical, sales and services workers","3.6"
"2016-Q2","services","wholesale and retail trade","production and transport operators, cleaners and labourers","1.7"
"2016-Q2","services","transportation and storage","total","2.2"
"2016-Q2","services","transportation and storage","professional, managers, executive and technicians","2"
"2016-Q2","services","transportation and storage","clerical, sales and services workers","2.3"
"2016-Q2","services","transportation and storage","production and transport operators, cleaners and labourers","2.3"
"2016-Q2","services","accommodation and food services","total","4.1"
"2016-Q2","services","accommodation and food services","professional, managers, executive and technicians","3.1"
"2016-Q2","services","accommodation and food services","clerical, sales and services workers","4.3"
"2016-Q2","services","accommodation and food services","production and transport operators, cleaners and labourers","4.6"
"2016-Q2","services","information and communications","total","3.8"
"2016-Q2","services","information and communications","professional, managers, executive and technicians","4"
"2016-Q2","services","information and communications","clerical, sales and services workers","3.2"
"2016-Q2","services","information and communications","production and transport operators, cleaners and labourers","2.1"
"2016-Q2","services","financial and insurance services","total","2.4"
"2016-Q2","services","financial and insurance services","professional, managers, executive and technicians","2.4"
"2016-Q2","services","financial and insurance services","clerical, sales and services workers","1.9"
"2016-Q2","services","financial and insurance services","production and transport operators, cleaners and labourers","4.9"
"2016-Q2","services","real estate services","total","3.4"
"2016-Q2","services","real estate services","professional, managers, executive and technicians","2.8"
"2016-Q2","services","real estate services","clerical, sales and services workers","4.3"
"2016-Q2","services","real estate services","production and transport operators, cleaners and labourers","3.6"
"2016-Q2","services","professional services","total","2.9"
"2016-Q2","services","professional services","professional, managers, executive and technicians","3.2"
"2016-Q2","services","professional services","clerical, sales and services workers","2.5"
"2016-Q2","services","professional services","production and transport operators, cleaners and labourers","2.1"
"2016-Q2","services","administrative and support services","total","3"
"2016-Q2","services","administrative and support services","professional, managers, executive and technicians","3.1"
"2016-Q2","services","administrative and support services","clerical, sales and services workers","4"
"2016-Q2","services","administrative and support services","production and transport operators, cleaners and labourers","2.2"
"2016-Q2","services","community, social and personal services","total","3.3"
"2016-Q2","services","community, social and personal services","professional, managers, executive and technicians","3.4"
"2016-Q2","services","community, social and personal services","clerical, sales and services workers","2.5"
"2016-Q2","services","community, social and personal services","production and transport operators, cleaners and labourers","3.7"
"2016-Q2","others","others","total","2.1"
"2016-Q2","others","others","professional, managers, executive and technicians","1.7"
"2016-Q2","others","others","clerical, sales and services workers","6.9"
"2016-Q2","others","others","production and transport operators, cleaners and labourers","2.3"
"2016-Q3","total","total","total","2.4"
"2016-Q3","total","total","professional, managers, executive and technicians","2.5"
"2016-Q3","total","total","clerical, sales and services workers","3.6"
"2016-Q3","total","total","production and transport operators, cleaners and labourers","1.7"
"2016-Q3","manufacturing","food, beverages and tobacco","total","2.3"
"2016-Q3","manufacturing","food, beverages and tobacco","professional, managers, executive and technicians","1.5"
"2016-Q3","manufacturing","food, beverages and tobacco","clerical, sales and services workers","3"
"2016-Q3","manufacturing","food, beverages and tobacco","production and transport operators, cleaners and labourers","2.2"
"2016-Q3","manufacturing","paper,rubber,plastic products and printing","total","1"
"2016-Q3","manufacturing","paper,rubber,plastic products and printing","professional, managers, executive and technicians","-"
"2016-Q3","manufacturing","paper,rubber,plastic products and printing","clerical, sales and services workers","-"
"2016-Q3","manufacturing","paper,rubber,plastic products and printing","production and transport operators, cleaners and labourers","1.2"
"2016-Q3","manufacturing","petroleum, chemical and pharmaceutical products","total","1.8"
"2016-Q3","manufacturing","petroleum, chemical and pharmaceutical products","professional, managers, executive and technicians","1.9"
"2016-Q3","manufacturing","petroleum, chemical and pharmaceutical products","clerical, sales and services workers","-"
"2016-Q3","manufacturing","petroleum, chemical and pharmaceutical products","production and transport operators, cleaners and labourers","1.6"
"2016-Q3","manufacturing","fabricated metal products, machinery and equipment","total","1.1"
"2016-Q3","manufacturing","fabricated metal products, machinery and equipment","professional, managers, executive and technicians","1.2"
"2016-Q3","manufacturing","fabricated metal products, machinery and equipment","clerical, sales and services workers","1.1"
"2016-Q3","manufacturing","fabricated metal products, machinery and equipment","production and transport operators, cleaners and labourers","1"
"2016-Q3","manufacturing","electronic, computer and optical products","total","2.6"
"2016-Q3","manufacturing","electronic, computer and optical products","professional, managers, executive and technicians","2"
"2016-Q3","manufacturing","electronic, computer and optical products","clerical, sales and services workers","-"
"2016-Q3","manufacturing","electronic, computer and optical products","production and transport operators, cleaners and labourers","3.4"
"2016-Q3","manufacturing","transport equipment","total","1"
"2016-Q3","manufacturing","transport equipment","professional, managers, executive and technicians","1.4"
"2016-Q3","manufacturing","transport equipment","clerical, sales and services workers","-"
"2016-Q3","manufacturing","transport equipment","production and transport operators, cleaners and labourers","0.8"
"2016-Q3","manufacturing","other manufacturing industries","total","1.9"
"2016-Q3","manufacturing","other manufacturing industries","professional, managers, executive and technicians","2.1"
"2016-Q3","manufacturing","other manufacturing industries","clerical, sales and services workers","2"
"2016-Q3","manufacturing","other manufacturing industries","production and transport operators, cleaners and labourers","1.8"
"2016-Q3","construction","construction","total","0.7"
"2016-Q3","construction","construction","professional, managers, executive and technicians","1.2"
"2016-Q3","construction","construction","clerical, sales and services workers","0.9"
"2016-Q3","construction","construction","production and transport operators, cleaners and labourers","0.5"
"2016-Q3","services","wholesale and retail trade","total","2.7"
"2016-Q3","services","wholesale and retail trade","professional, managers, executive and technicians","2.2"
"2016-Q3","services","wholesale and retail trade","clerical, sales and services workers","3.6"
"2016-Q3","services","wholesale and retail trade","production and transport operators, cleaners and labourers","1.8"
"2016-Q3","services","transportation and storage","total","1.8"
"2016-Q3","services","transportation and storage","professional, managers, executive and technicians","1.7"
"2016-Q3","services","transportation and storage","clerical, sales and services workers","2.2"
"2016-Q3","services","transportation and storage","production and transport operators, cleaners and labourers","1.7"
"2016-Q3","services","accommodation and food services","total","4.5"
"2016-Q3","services","accommodation and food services","professional, managers, executive and technicians","2.3"
"2016-Q3","services","accommodation and food services","clerical, sales and services workers","4.9"
"2016-Q3","services","accommodation and food services","production and transport operators, cleaners and labourers","5.7"
"2016-Q3","services","information and communications","total","4.3"
"2016-Q3","services","information and communications","professional, managers, executive and technicians","4.5"
"2016-Q3","services","information and communications","clerical, sales and services workers","3.6"
"2016-Q3","services","information and communications","production and transport operators, cleaners and labourers","-"
"2016-Q3","services","financial and insurance services","total","2.3"
"2016-Q3","services","financial and insurance services","professional, managers, executive and technicians","2.3"
"2016-Q3","services","financial and insurance services","clerical, sales and services workers","2.2"
"2016-Q3","services","financial and insurance services","production and transport operators, cleaners and labourers","-"
"2016-Q3","services","real estate services","total","3.4"
"2016-Q3","services","real estate services","professional, managers, executive and technicians","2.8"
"2016-Q3","services","real estate services","clerical, sales and services workers","4.2"
"2016-Q3","services","real estate services","production and transport operators, cleaners and labourers","3.6"
"2016-Q3","services","professional services","total","2.5"
"2016-Q3","services","professional services","professional, managers, executive and technicians","2.7"
"2016-Q3","services","professional services","clerical, sales and services workers","2.5"
"2016-Q3","services","professional services","production and transport operators, cleaners and labourers","1.1"
"2016-Q3","services","administrative and support services","total","3.9"
"2016-Q3","services","administrative and support services","professional, managers, executive and technicians","3.2"
"2016-Q3","services","administrative and support services","clerical, sales and services workers","4.9"
"2016-Q3","services","administrative and support services","production and transport operators, cleaners and labourers","3.3"
"2016-Q3","services","community, social and personal services","total","3.2"
"2016-Q3","services","community, social and personal services","professional, managers, executive and technicians","3.2"
"2016-Q3","services","community, social and personal services","clerical, sales and services workers","3.3"
"2016-Q3","services","community, social and personal services","production and transport operators, cleaners and labourers","2.9"
"2016-Q3","others","others","total","1.9"
"2016-Q3","others","others","professional, managers, executive and technicians","1.2"
"2016-Q3","others","others","clerical, sales and services workers","-"
"2016-Q3","others","others","production and transport operators, cleaners and labourers","2.6"
"2016-Q4","total","total","total","2.2"
"2016-Q4","total","total","professional, managers, executive and technicians","2.4"
"2016-Q4","total","total","clerical, sales and services workers","2.8"
"2016-Q4","total","total","production and transport operators, cleaners and labourers","1.5"
"2016-Q4","manufacturing","food, beverages and tobacco","total","1.3"
"2016-Q4","manufacturing","food, beverages and tobacco","professional, managers, executive and technicians","0.9"
"2016-Q4","manufacturing","food, beverages and tobacco","clerical, sales and services workers","1.3"
"2016-Q4","manufacturing","food, beverages and tobacco","production and transport operators, cleaners and labourers","1.5"
"2016-Q4","manufacturing","paper,rubber,plastic products and printing","total","1.6"
"2016-Q4","manufacturing","paper,rubber,plastic products and printing","professional, managers, executive and technicians","1"
"2016-Q4","manufacturing","paper,rubber,plastic products and printing","clerical, sales and services workers","-"
"2016-Q4","manufacturing","paper,rubber,plastic products and printing","production and transport operators, cleaners and labourers","2"
"2016-Q4","manufacturing","petroleum, chemical and pharmaceutical products","total","1.5"
"2016-Q4","manufacturing","petroleum, chemical and pharmaceutical products","professional, managers, executive and technicians","1.5"
"2016-Q4","manufacturing","petroleum, chemical and pharmaceutical products","clerical, sales and services workers","-"
"2016-Q4","manufacturing","petroleum, chemical and pharmaceutical products","production and transport operators, cleaners and labourers","1.3"
"2016-Q4","manufacturing","fabricated metal products, machinery and equipment","total","0.8"
"2016-Q4","manufacturing","fabricated metal products, machinery and equipment","professional, managers, executive and technicians","0.9"
"2016-Q4","manufacturing","fabricated metal products, machinery and equipment","clerical, sales and services workers","-"
"2016-Q4","manufacturing","fabricated metal products, machinery and equipment","production and transport operators, cleaners and labourers","0.8"
"2016-Q4","manufacturing","electronic, computer and optical products","total","2.9"
"2016-Q4","manufacturing","electronic, computer and optical products","professional, managers, executive and technicians","2.3"
"2016-Q4","manufacturing","electronic, computer and optical products","clerical, sales and services workers","-"
"2016-Q4","manufacturing","electronic, computer and optical products","production and transport operators, cleaners and labourers","3.9"
"2016-Q4","manufacturing","transport equipment","total","0.7"
"2016-Q4","manufacturing","transport equipment","professional, managers, executive and technicians","1.3"
"2016-Q4","manufacturing","transport equipment","clerical, sales and services workers","-"
"2016-Q4","manufacturing","transport equipment","production and transport operators, cleaners and labourers","0.4"
"2016-Q4","manufacturing","other manufacturing industries","total","1.3"
"2016-Q4","manufacturing","other manufacturing industries","professional, managers, executive and technicians","1.8"
"2016-Q4","manufacturing","other manufacturing industries","clerical, sales and services workers","-"
"2016-Q4","manufacturing","other manufacturing industries","production and transport operators, cleaners and labourers","1.1"
"2016-Q4","construction","construction","total","0.6"
"2016-Q4","construction","construction","professional, managers, executive and technicians","1"
"2016-Q4","construction","construction","clerical, sales and services workers","1"
"2016-Q4","construction","construction","production and transport operators, cleaners and labourers","0.4"
"2016-Q4","services","wholesale and retail trade","total","2.5"
"2016-Q4","services","wholesale and retail trade","professional, managers, executive and technicians","1.9"
"2016-Q4","services","wholesale and retail trade","clerical, sales and services workers","3.4"
"2016-Q4","services","wholesale and retail trade","production and transport operators, cleaners and labourers","1.9"
"2016-Q4","services","transportation and storage","total","1.5"
"2016-Q4","services","transportation and storage","professional, managers, executive and technicians","1.2"
"2016-Q4","services","transportation and storage","clerical, sales and services workers","1.5"
"2016-Q4","services","transportation and storage","production and transport operators, cleaners and labourers","1.6"
"2016-Q4","services","accommodation and food services","total","3.9"
"2016-Q4","services","accommodation and food services","professional, managers, executive and technicians","3"
"2016-Q4","services","accommodation and food services","clerical, sales and services workers","3.8"
"2016-Q4","services","accommodation and food services","production and transport operators, cleaners and labourers","5.6"
"2016-Q4","services","information and communications","total","3.6"
"2016-Q4","services","information and communications","professional, managers, executive and technicians","4"
"2016-Q4","services","information and communications","clerical, sales and services workers","1.2"
"2016-Q4","services","information and communications","production and transport operators, cleaners and labourers","-"
"2016-Q4","services","financial and insurance services","total","2.5"
"2016-Q4","services","financial and insurance services","professional, managers, executive and technicians","2.5"
"2016-Q4","services","financial and insurance services","clerical, sales and services workers","2.4"
"2016-Q4","services","financial and insurance services","production and transport operators, cleaners and labourers","-"
"2016-Q4","services","real estate services","total","2.5"
"2016-Q4","services","real estate services","professional, managers, executive and technicians","1.8"
"2016-Q4","services","real estate services","clerical, sales and services workers","3"
"2016-Q4","services","real estate services","production and transport operators, cleaners and labourers","2.9"
"2016-Q4","services","professional services","total","2.1"
"2016-Q4","services","professional services","professional, managers, executive and technicians","2.3"
"2016-Q4","services","professional services","clerical, sales and services workers","2"
"2016-Q4","services","professional services","production and transport operators, cleaners and labourers","0.5"
"2016-Q4","services","administrative and support services","total","3.3"
"2016-Q4","services","administrative and support services","professional, managers, executive and technicians","3.4"
"2016-Q4","services","administrative and support services","clerical, sales and services workers","4.2"
"2016-Q4","services","administrative and support services","production and transport operators, cleaners and labourers","2.7"
"2016-Q4","services","community, social and personal services","total","2.8"
"2016-Q4","services","community, social and personal services","professional, managers, executive and technicians","3.1"
"2016-Q4","services","community, social and personal services","clerical, sales and services workers","2.3"
"2016-Q4","services","community, social and personal services","production and transport operators, cleaners and labourers","1.9"
"2016-Q4","others","others","total","1.8"
"2016-Q4","others","others","professional, managers, executive and technicians","1.2"
"2016-Q4","others","others","clerical, sales and services workers","-"
"2016-Q4","others","others","production and transport operators, cleaners and labourers","2.4"
"2017-Q1","total","total","total","2.3"
"2017-Q1","total","total","professional, managers, executive and technicians","2.5"
"2017-Q1","total","total","clerical, sales and services workers","2.8"
"2017-Q1","total","total","production and transport operators, cleaners and labourers","1.7"
"2017-Q1","manufacturing","food, beverages and tobacco","total","1.9"
"2017-Q1","manufacturing","food, beverages and tobacco","professional, managers, executive and technicians","1.8"
"2017-Q1","manufacturing","food, beverages and tobacco","clerical, sales and services workers","2.3"
"2017-Q1","manufacturing","food, beverages and tobacco","production and transport operators, cleaners and labourers","1.7"
"2017-Q1","manufacturing","paper,rubber,plastic products and printing","total","1.8"
"2017-Q1","manufacturing","paper,rubber,plastic products and printing","professional, managers, executive and technicians","1.8"
"2017-Q1","manufacturing","paper,rubber,plastic products and printing","clerical, sales and services workers","-"
"2017-Q1","manufacturing","paper,rubber,plastic products and printing","production and transport operators, cleaners and labourers","1.9"
"2017-Q1","manufacturing","petroleum, chemical and pharmaceutical products","total","1.5"
"2017-Q1","manufacturing","petroleum, chemical and pharmaceutical products","professional, managers, executive and technicians","1.7"
"2017-Q1","manufacturing","petroleum, chemical and pharmaceutical products","clerical, sales and services workers","-"
"2017-Q1","manufacturing","petroleum, chemical and pharmaceutical products","production and transport operators, cleaners and labourers","1"
"2017-Q1","manufacturing","fabricated metal products, machinery and equipment","total","1.3"
"2017-Q1","manufacturing","fabricated metal products, machinery and equipment","professional, managers, executive and technicians","1.6"
"2017-Q1","manufacturing","fabricated metal products, machinery and equipment","clerical, sales and services workers","0.8"
"2017-Q1","manufacturing","fabricated metal products, machinery and equipment","production and transport operators, cleaners and labourers","1.2"
"2017-Q1","manufacturing","electronic, computer and optical products","total","3.7"
"2017-Q1","manufacturing","electronic, computer and optical products","professional, managers, executive and technicians","2.1"
"2017-Q1","manufacturing","electronic, computer and optical products","clerical, sales and services workers","-"
"2017-Q1","manufacturing","electronic, computer and optical products","production and transport operators, cleaners and labourers","5.8"
"2017-Q1","manufacturing","transport equipment","total","1.2"
"2017-Q1","manufacturing","transport equipment","professional, managers, executive and technicians","1.6"
"2017-Q1","manufacturing","transport equipment","clerical, sales and services workers","1.1"
"2017-Q1","manufacturing","transport equipment","production and transport operators, cleaners and labourers","1"
"2017-Q1","manufacturing","other manufacturing industries","total","1.3"
"2017-Q1","manufacturing","other manufacturing industries","professional, managers, executive and technicians","1.5"
"2017-Q1","manufacturing","other manufacturing industries","clerical, sales and services workers","-"
"2017-Q1","manufacturing","other manufacturing industries","production and transport operators, cleaners and labourers","1.2"
"2017-Q1","construction","construction","total","0.5"
"2017-Q1","construction","construction","professional, managers, executive and technicians","1"
"2017-Q1","construction","construction","clerical, sales and services workers","1"
"2017-Q1","construction","construction","production and transport operators, cleaners and labourers","0.4"
"2017-Q1","services","wholesale and retail trade","total","2.6"
"2017-Q1","services","wholesale and retail trade","professional, managers, executive and technicians","2.6"
"2017-Q1","services","wholesale and retail trade","clerical, sales and services workers","2.8"
"2017-Q1","services","wholesale and retail trade","production and transport operators, cleaners and labourers","2"
"2017-Q1","services","transportation and storage","total","2.1"
"2017-Q1","services","transportation and storage","professional, managers, executive and technicians","1.8"
"2017-Q1","services","transportation and storage","clerical, sales and services workers","1.9"
"2017-Q1","services","transportation and storage","production and transport operators, cleaners and labourers","2.5"
"2017-Q1","services","accommodation and food services","total","3.9"
"2017-Q1","services","accommodation and food services","professional, managers, executive and technicians","3.2"
"2017-Q1","services","accommodation and food services","clerical, sales and services workers","3.9"
"2017-Q1","services","accommodation and food services","production and transport operators, cleaners and labourers","5"
"2017-Q1","services","information and communications","total","3.8"
"2017-Q1","services","information and communications","professional, managers, executive and technicians","4.1"
"2017-Q1","services","information and communications","clerical, sales and services workers","2.3"
"2017-Q1","services","information and communications","production and transport operators, cleaners and labourers","-"
"2017-Q1","services","financial and insurance services","total","2.8"
"2017-Q1","services","financial and insurance services","professional, managers, executive and technicians","2.8"
"2017-Q1","services","financial and insurance services","clerical, sales and services workers","2.9"
"2017-Q1","services","financial and insurance services","production and transport operators, cleaners and labourers","-"
"2017-Q1","services","real estate services","total","2.2"
"2017-Q1","services","real estate services","professional, managers, executive and technicians","1.6"
"2017-Q1","services","real estate services","clerical, sales and services workers","2.8"
"2017-Q1","services","real estate services","production and transport operators, cleaners and labourers","2.5"
"2017-Q1","services","professional services","total","2.3"
"2017-Q1","services","professional services","professional, managers, executive and technicians","2.5"
"2017-Q1","services","professional services","clerical, sales and services workers","2"
"2017-Q1","services","professional services","production and transport operators, cleaners and labourers","1.1"
"2017-Q1","services","administrative and support services","total","3.1"
"2017-Q1","services","administrative and support services","professional, managers, executive and technicians","2.7"
"2017-Q1","services","administrative and support services","clerical, sales and services workers","4.1"
"2017-Q1","services","administrative and support services","production and transport operators, cleaners and labourers","2.5"
"2017-Q1","services","community, social and personal services","total","2.7"
"2017-Q1","services","community, social and personal services","professional, managers, executive and technicians","2.8"
"2017-Q1","services","community, social and personal services","clerical, sales and services workers","2.5"
"2017-Q1","services","community, social and personal services","production and transport operators, cleaners and labourers","2.1"
"2017-Q1","others","others","total","1.7"
"2017-Q1","others","others","professional, managers, executive and technicians","1.3"
"2017-Q1","others","others","clerical, sales and services workers","-"
"2017-Q1","others","others","production and transport operators, cleaners and labourers","2.5"
"2017-Q2","total","total","total","2.5"
"2017-Q2","total","total","professional, managers, executive and technicians","2.8"
"2017-Q2","total","total","clerical, sales and services workers","2.9"
"2017-Q2","total","total","production and transport operators, cleaners and labourers","1.7"
"2017-Q2","manufacturing","food, beverages and tobacco","total","2.1"
"2017-Q2","manufacturing","food, beverages and tobacco","professional, managers, executive and technicians","1.8"
"2017-Q2","manufacturing","food, beverages and tobacco","clerical, sales and services workers","3.1"
"2017-Q2","manufacturing","food, beverages and tobacco","production and transport operators, cleaners and labourers","1.7"
"2017-Q2","manufacturing","paper,rubber,plastic products and printing","total","1.7"
"2017-Q2","manufacturing","paper,rubber,plastic products and printing","professional, managers, executive and technicians","1.5"
"2017-Q2","manufacturing","paper,rubber,plastic products and printing","clerical, sales and services workers","-"
"2017-Q2","manufacturing","paper,rubber,plastic products and printing","production and transport operators, cleaners and labourers","2"
"2017-Q2","manufacturing","petroleum, chemical and pharmaceutical products","total","1.5"
"2017-Q2","manufacturing","petroleum, chemical and pharmaceutical products","professional, managers, executive and technicians","1.5"
"2017-Q2","manufacturing","petroleum, chemical and pharmaceutical products","clerical, sales and services workers","-"
"2017-Q2","manufacturing","petroleum, chemical and pharmaceutical products","production and transport operators, cleaners and labourers","1.4"
"2017-Q2","manufacturing","fabricated metal products, machinery and equipment","total","1.3"
"2017-Q2","manufacturing","fabricated metal products, machinery and equipment","professional, managers, executive and technicians","1.6"
"2017-Q2","manufacturing","fabricated metal products, machinery and equipment","clerical, sales and services workers","0.8"
"2017-Q2","manufacturing","fabricated metal products, machinery and equipment","production and transport operators, cleaners and labourers","1.2"
"2017-Q2","manufacturing","electronic, computer and optical products","total","2.8"
"2017-Q2","manufacturing","electronic, computer and optical products","professional, managers, executive and technicians","3.3"
"2017-Q2","manufacturing","electronic, computer and optical products","clerical, sales and services workers","-"
"2017-Q2","manufacturing","electronic, computer and optical products","production and transport operators, cleaners and labourers","2.3"
"2017-Q2","manufacturing","transport equipment","total","1.1"
"2017-Q2","manufacturing","transport equipment","professional, managers, executive and technicians","2.3"
"2017-Q2","manufacturing","transport equipment","clerical, sales and services workers","1.2"
"2017-Q2","manufacturing","transport equipment","production and transport operators, cleaners and labourers","0.5"
"2017-Q2","manufacturing","other manufacturing industries","total","1.6"
"2017-Q2","manufacturing","other manufacturing industries","professional, managers, executive and technicians","1.9"
"2017-Q2","manufacturing","other manufacturing industries","clerical, sales and services workers","-"
"2017-Q2","manufacturing","other manufacturing industries","production and transport operators, cleaners and labourers","1.6"
"2017-Q2","construction","construction","total","0.6"
"2017-Q2","construction","construction","professional, managers, executive and technicians","1.4"
"2017-Q2","construction","construction","clerical, sales and services workers","0.8"
"2017-Q2","construction","construction","production and transport operators, cleaners and labourers","0.4"
"2017-Q2","services","wholesale and retail trade","total","2.6"
"2017-Q2","services","wholesale and retail trade","professional, managers, executive and technicians","2.5"
"2017-Q2","services","wholesale and retail trade","clerical, sales and services workers","2.8"
"2017-Q2","services","wholesale and retail trade","production and transport operators, cleaners and labourers","2.1"
"2017-Q2","services","transportation and storage","total","2.5"
"2017-Q2","services","transportation and storage","professional, managers, executive and technicians","1.9"
"2017-Q2","services","transportation and storage","clerical, sales and services workers","1.7"
"2017-Q2","services","transportation and storage","production and transport operators, cleaners and labourers","3.4"
"2017-Q2","services","accommodation and food services","total","4.4"
"2017-Q2","services","accommodation and food services","professional, managers, executive and technicians","3.5"
"2017-Q2","services","accommodation and food services","clerical, sales and services workers","4.4"
"2017-Q2","services","accommodation and food services","production and transport operators, cleaners and labourers","5.9"
"2017-Q2","services","information and communications","total","4.5"
"2017-Q2","services","information and communications","professional, managers, executive and technicians","4.8"
"2017-Q2","services","information and communications","clerical, sales and services workers","2.9"
"2017-Q2","services","information and communications","production and transport operators, cleaners and labourers","-"
"2017-Q2","services","financial and insurance services","total","3.1"
"2017-Q2","services","financial and insurance services","professional, managers, executive and technicians","3.2"
"2017-Q2","services","financial and insurance services","clerical, sales and services workers","2.4"
"2017-Q2","services","financial and insurance services","production and transport operators, cleaners and labourers","-"
"2017-Q2","services","real estate services","total","2"
"2017-Q2","services","real estate services","professional, managers, executive and technicians","1.8"
"2017-Q2","services","real estate services","clerical, sales and services workers","2.2"
"2017-Q2","services","real estate services","production and transport operators, cleaners and labourers","2.1"
"2017-Q2","services","professional services","total","2.3"
"2017-Q2","services","professional services","professional, managers, executive and technicians","2.7"
"2017-Q2","services","professional services","clerical, sales and services workers","2.2"
"2017-Q2","services","professional services","production and transport operators, cleaners and labourers","0.6"
"2017-Q2","services","administrative and support services","total","3.4"
"2017-Q2","services","administrative and support services","professional, managers, executive and technicians","4"
"2017-Q2","services","administrative and support services","clerical, sales and services workers","4.1"
"2017-Q2","services","administrative and support services","production and transport operators, cleaners and labourers","2.8"
"2017-Q2","services","community, social and personal services","total","2.9"
"2017-Q2","services","community, social and personal services","professional, managers, executive and technicians","3.1"
"2017-Q2","services","community, social and personal services","clerical, sales and services workers","2.5"
"2017-Q2","services","community, social and personal services","production and transport operators, cleaners and labourers","2.1"
"2017-Q2","others","others","total","2.4"
"2017-Q2","others","others","professional, managers, executive and technicians","2"
"2017-Q2","others","others","clerical, sales and services workers","-"
"2017-Q2","others","others","production and transport operators, cleaners and labourers","3.1"
"2017-Q3","total","total","total","2.5"
"2017-Q3","total","total","professional, managers, executive and technicians","2.5"
"2017-Q3","total","total","clerical, sales and services workers","3.3"
"2017-Q3","total","total","production and transport operators, cleaners and labourers","1.9"
"2017-Q3","manufacturing","food, beverages and tobacco","total","1.9"
"2017-Q3","manufacturing","food, beverages and tobacco","professional, managers, executive and technicians","1.2"
"2017-Q3","manufacturing","food, beverages and tobacco","clerical, sales and services workers","2.5"
"2017-Q3","manufacturing","food, beverages and tobacco","production and transport operators, cleaners and labourers","2"
"2017-Q3","manufacturing","paper,rubber,plastic products and printing","total","1.3"
"2017-Q3","manufacturing","paper,rubber,plastic products and printing","professional, managers, executive and technicians","1"
"2017-Q3","manufacturing","paper,rubber,plastic products and printing","clerical, sales and services workers","-"
"2017-Q3","manufacturing","paper,rubber,plastic products and printing","production and transport operators, cleaners and labourers","1.4"
"2017-Q3","manufacturing","petroleum, chemical and pharmaceutical products","total","1.6"
"2017-Q3","manufacturing","petroleum, chemical and pharmaceutical products","professional, managers, executive and technicians","1.7"
"2017-Q3","manufacturing","petroleum, chemical and pharmaceutical products","clerical, sales and services workers","-"
"2017-Q3","manufacturing","petroleum, chemical and pharmaceutical products","production and transport operators, cleaners and labourers","1.5"
"2017-Q3","manufacturing","fabricated metal products, machinery and equipment","total","1.5"
"2017-Q3","manufacturing","fabricated metal products, machinery and equipment","professional, managers, executive and technicians","2.1"
"2017-Q3","manufacturing","fabricated metal products, machinery and equipment","clerical, sales and services workers","1.1"
"2017-Q3","manufacturing","fabricated metal products, machinery and equipment","production and transport operators, cleaners and labourers","1.2"
"2017-Q3","manufacturing","electronic, computer and optical products","total","3.8"
"2017-Q3","manufacturing","electronic, computer and optical products","professional, managers, executive and technicians","2.2"
"2017-Q3","manufacturing","electronic, computer and optical products","clerical, sales and services workers","-"
"2017-Q3","manufacturing","electronic, computer and optical products","production and transport operators, cleaners and labourers","6"
"2017-Q3","manufacturing","transport equipment","total","1.1"
"2017-Q3","manufacturing","transport equipment","professional, managers, executive and technicians","1.5"
"2017-Q3","manufacturing","transport equipment","clerical, sales and services workers","1.8"
"2017-Q3","manufacturing","transport equipment","production and transport operators, cleaners and labourers","0.8"
"2017-Q3","manufacturing","other manufacturing industries","total","1.6"
"2017-Q3","manufacturing","other manufacturing industries","professional, managers, executive and technicians","1.8"
"2017-Q3","manufacturing","other manufacturing industries","clerical, sales and services workers","-"
"2017-Q3","manufacturing","other manufacturing industries","production and transport operators, cleaners and labourers","1.6"
"2017-Q3","construction","construction","total","0.7"
"2017-Q3","construction","construction","professional, managers, executive and technicians","1.1"
"2017-Q3","construction","construction","clerical, sales and services workers","0.8"
"2017-Q3","construction","construction","production and transport operators, cleaners and labourers","0.5"
"2017-Q3","services","wholesale and retail trade","total","2.4"
"2017-Q3","services","wholesale and retail trade","professional, managers, executive and technicians","2.1"
"2017-Q3","services","wholesale and retail trade","clerical, sales and services workers","2.8"
"2017-Q3","services","wholesale and retail trade","production and transport operators, cleaners and labourers","2.1"
"2017-Q3","services","transportation and storage","total","2.2"
"2017-Q3","services","transportation and storage","professional, managers, executive and technicians","1.7"
"2017-Q3","services","transportation and storage","clerical, sales and services workers","2"
"2017-Q3","services","transportation and storage","production and transport operators, cleaners and labourers","2.6"
"2017-Q3","services","accommodation and food services","total","4.2"
"2017-Q3","services","accommodation and food services","professional, managers, executive and technicians","2.4"
"2017-Q3","services","accommodation and food services","clerical, sales and services workers","4.5"
"2017-Q3","services","accommodation and food services","production and transport operators, cleaners and labourers","5.2"
"2017-Q3","services","information and communications","total","3.7"
"2017-Q3","services","information and communications","professional, managers, executive and technicians","4"
"2017-Q3","services","information and communications","clerical, sales and services workers","2.5"
"2017-Q3","services","information and communications","production and transport operators, cleaners and labourers","-"
"2017-Q3","services","financial and insurance services","total","3.5"
"2017-Q3","services","financial and insurance services","professional, managers, executive and technicians","3.6"
"2017-Q3","services","financial and insurance services","clerical, sales and services workers","2.9"
"2017-Q3","services","financial and insurance services","production and transport operators, cleaners and labourers","-"
"2017-Q3","services","real estate services","total","2.3"
"2017-Q3","services","real estate services","professional, managers, executive and technicians","2.1"
"2017-Q3","services","real estate services","clerical, sales and services workers","3"
"2017-Q3","services","real estate services","production and transport operators, cleaners and labourers","2.2"
"2017-Q3","services","professional services","total","2.3"
"2017-Q3","services","professional services","professional, managers, executive and technicians","2.6"
"2017-Q3","services","professional services","clerical, sales and services workers","1.8"
"2017-Q3","services","professional services","production and transport operators, cleaners and labourers","1.2"
"2017-Q3","services","administrative and support services","total","3.3"
"2017-Q3","services","administrative and support services","professional, managers, executive and technicians","2.7"
"2017-Q3","services","administrative and support services","clerical, sales and services workers","4.2"
"2017-Q3","services","administrative and support services","production and transport operators, cleaners and labourers","2.9"
"2017-Q3","services","community, social and personal services","total","3"
"2017-Q3","services","community, social and personal services","professional, managers, executive and technicians","2.7"
"2017-Q3","services","community, social and personal services","clerical, sales and services workers","4"
"2017-Q3","services","community, social and personal services","production and transport operators, cleaners and labourers","3"
"2017-Q3","others","others","total","1.8"
"2017-Q3","others","others","professional, managers, executive and technicians","1.2"
"2017-Q3","others","others","clerical, sales and services workers","-"
"2017-Q3","others","others","production and transport operators, cleaners and labourers","3"
"2017-Q4","total","total","total","2.3"
"2017-Q4","total","total","professional, managers, executive and technicians","2.5"
"2017-Q4","total","total","clerical, sales and services workers","2.9"
"2017-Q4","total","total","production and transport operators, cleaners and labourers","1.4"
"2017-Q4","manufacturing","food, beverages and tobacco","total","1.9"
"2017-Q4","manufacturing","food, beverages and tobacco","professional, managers, executive and technicians","1.2"
"2017-Q4","manufacturing","food, beverages and tobacco","clerical, sales and services workers","3"
"2017-Q4","manufacturing","food, beverages and tobacco","production and transport operators, cleaners and labourers","1.4"
"2017-Q4","manufacturing","paper,rubber,plastic products and printing","total","1.5"
"2017-Q4","manufacturing","paper,rubber,plastic products and printing","professional, managers, executive and technicians","1.7"
"2017-Q4","manufacturing","paper,rubber,plastic products and printing","clerical, sales and services workers","-"
"2017-Q4","manufacturing","paper,rubber,plastic products and printing","production and transport operators, cleaners and labourers","1.2"
"2017-Q4","manufacturing","petroleum, chemical and pharmaceutical products","total","1.4"
"2017-Q4","manufacturing","petroleum, chemical and pharmaceutical products","professional, managers, executive and technicians","1.5"
"2017-Q4","manufacturing","petroleum, chemical and pharmaceutical products","clerical, sales and services workers","-"
"2017-Q4","manufacturing","petroleum, chemical and pharmaceutical products","production and transport operators, cleaners and labourers","1.1"
"2017-Q4","manufacturing","fabricated metal products, machinery and equipment","total","1.7"
"2017-Q4","manufacturing","fabricated metal products, machinery and equipment","professional, managers, executive and technicians","2"
"2017-Q4","manufacturing","fabricated metal products, machinery and equipment","clerical, sales and services workers","0.9"
"2017-Q4","manufacturing","fabricated metal products, machinery and equipment","production and transport operators, cleaners and labourers","1.5"
"2017-Q4","manufacturing","electronic, computer and optical products","total","2.4"
"2017-Q4","manufacturing","electronic, computer and optical products","professional, managers, executive and technicians","2.7"
"2017-Q4","manufacturing","electronic, computer and optical products","clerical, sales and services workers","-"
"2017-Q4","manufacturing","electronic, computer and optical products","production and transport operators, cleaners and labourers","2.1"
"2017-Q4","manufacturing","transport equipment","total","1.2"
"2017-Q4","manufacturing","transport equipment","professional, managers, executive and technicians","2.1"
"2017-Q4","manufacturing","transport equipment","clerical, sales and services workers","0.9"
"2017-Q4","manufacturing","transport equipment","production and transport operators, cleaners and labourers","0.5"
"2017-Q4","manufacturing","other manufacturing industries","total","1.4"
"2017-Q4","manufacturing","other manufacturing industries","professional, managers, executive and technicians","2"
"2017-Q4","manufacturing","other manufacturing industries","clerical, sales and services workers","-"
"2017-Q4","manufacturing","other manufacturing industries","production and transport operators, cleaners and labourers","1.1"
"2017-Q4","construction","construction","total","0.6"
"2017-Q4","construction","construction","professional, managers, executive and technicians","1"
"2017-Q4","construction","construction","clerical, sales and services workers","0.7"
"2017-Q4","construction","construction","production and transport operators, cleaners and labourers","0.4"
"2017-Q4","services","wholesale and retail trade","total","2.4"
"2017-Q4","services","wholesale and retail trade","professional, managers, executive and technicians","2.3"
"2017-Q4","services","wholesale and retail trade","clerical, sales and services workers","2.8"
"2017-Q4","services","wholesale and retail trade","production and transport operators, cleaners and labourers","1.5"
"2017-Q4","services","transportation and storage","total","2"
"2017-Q4","services","transportation and storage","professional, managers, executive and technicians","1.9"
"2017-Q4","services","transportation and storage","clerical, sales and services workers","1.6"
"2017-Q4","services","transportation and storage","production and transport operators, cleaners and labourers","2.3"
"2017-Q4","services","accommodation and food services","total","4.1"
"2017-Q4","services","accommodation and food services","professional, managers, executive and technicians","3"
"2017-Q4","services","accommodation and food services","clerical, sales and services workers","4.3"
"2017-Q4","services","accommodation and food services","production and transport operators, cleaners and labourers","4.6"
"2017-Q4","services","information and communications","total","4"
"2017-Q4","services","information and communications","professional, managers, executive and technicians","4.3"
"2017-Q4","services","information and communications","clerical, sales and services workers","2"
"2017-Q4","services","information and communications","production and transport operators, cleaners and labourers","-"
"2017-Q4","services","financial and insurance services","total","3"
"2017-Q4","services","financial and insurance services","professional, managers, executive and technicians","3"
"2017-Q4","services","financial and insurance services","clerical, sales and services workers","3.4"
"2017-Q4","services","financial and insurance services","production and transport operators, cleaners and labourers","-"
"2017-Q4","services","real estate services","total","2.2"
"2017-Q4","services","real estate services","professional, managers, executive and technicians","2.8"
"2017-Q4","services","real estate services","clerical, sales and services workers","1.4"
"2017-Q4","services","real estate services","production and transport operators, cleaners and labourers","1.9"
"2017-Q4","services","professional services","total","2.1"
"2017-Q4","services","professional services","professional, managers, executive and technicians","2.5"
"2017-Q4","services","professional services","clerical, sales and services workers","1.6"
"2017-Q4","services","professional services","production and transport operators, cleaners and labourers","0.4"
"2017-Q4","services","administrative and support services","total","3.1"
"2017-Q4","services","administrative and support services","professional, managers, executive and technicians","3.4"
"2017-Q4","services","administrative and support services","clerical, sales and services workers","4"
"2017-Q4","services","administrative and support services","production and transport operators, cleaners and labourers","2.4"
"2017-Q4","services","community, social and personal services","total","2.6"
"2017-Q4","services","community, social and personal services","professional, managers, executive and technicians","2.6"
"2017-Q4","services","community, social and personal services","clerical, sales and services workers","2.9"
"2017-Q4","services","community, social and personal services","production and transport operators, cleaners and labourers","2.3"
"2017-Q4","others","others","total","1.3"
"2017-Q4","others","others","professional, managers, executive and technicians","0.9"
"2017-Q4","others","others","clerical, sales and services workers","-"
"2017-Q4","others","others","production and transport operators, cleaners and labourers","1.9"
"2018-Q1","total","total","total","2.5"
"2018-Q1","total","total","professional, managers, executive and technicians","2.8"
"2018-Q1","total","total","clerical, sales and services workers","2.9"
"2018-Q1","total","total","production and transport operators, cleaners and labourers","1.8"
"2018-Q1","manufacturing","food, beverages and tobacco","total","2"
"2018-Q1","manufacturing","food, beverages and tobacco","professional, managers, executive and technicians","1.7"
"2018-Q1","manufacturing","food, beverages and tobacco","clerical, sales and services workers","2.4"
"2018-Q1","manufacturing","food, beverages and tobacco","production and transport operators, cleaners and labourers","1.8"
"2018-Q1","manufacturing","paper,rubber,plastic products and printing","total","1.7"
"2018-Q1","manufacturing","paper,rubber,plastic products and printing","professional, managers, executive and technicians","1.6"
"2018-Q1","manufacturing","paper,rubber,plastic products and printing","clerical, sales and services workers","-"
"2018-Q1","manufacturing","paper,rubber,plastic products and printing","production and transport operators, cleaners and labourers","1.8"
"2018-Q1","manufacturing","petroleum, chemical and pharmaceutical products","total","2.5"
"2018-Q1","manufacturing","petroleum, chemical and pharmaceutical products","professional, managers, executive and technicians","2.7"
"2018-Q1","manufacturing","petroleum, chemical and pharmaceutical products","clerical, sales and services workers","-"
"2018-Q1","manufacturing","petroleum, chemical and pharmaceutical products","production and transport operators, cleaners and labourers","1.7"
"2018-Q1","manufacturing","fabricated metal products, machinery and equipment","total","1.8"
"2018-Q1","manufacturing","fabricated metal products, machinery and equipment","professional, managers, executive and technicians","2.3"
"2018-Q1","manufacturing","fabricated metal products, machinery and equipment","clerical, sales and services workers","1.6"
"2018-Q1","manufacturing","fabricated metal products, machinery and equipment","production and transport operators, cleaners and labourers","1.4"
"2018-Q1","manufacturing","electronic, computer and optical products","total","3.2"
"2018-Q1","manufacturing","electronic, computer and optical products","professional, managers, executive and technicians","4.1"
"2018-Q1","manufacturing","electronic, computer and optical products","clerical, sales and services workers","-"
"2018-Q1","manufacturing","electronic, computer and optical products","production and transport operators, cleaners and labourers","2.2"
"2018-Q1","manufacturing","transport equipment","total","2.2"
"2018-Q1","manufacturing","transport equipment","professional, managers, executive and technicians","3"
"2018-Q1","manufacturing","transport equipment","clerical, sales and services workers","1.1"
"2018-Q1","manufacturing","transport equipment","production and transport operators, cleaners and labourers","1.8"
"2018-Q1","manufacturing","other manufacturing industries","total","1.8"
"2018-Q1","manufacturing","other manufacturing industries","professional, managers, executive and technicians","2.1"
"2018-Q1","manufacturing","other manufacturing industries","clerical, sales and services workers","2.1"
"2018-Q1","manufacturing","other manufacturing industries","production and transport operators, cleaners and labourers","1.6"
"2018-Q1","construction","construction","total","0.5"
"2018-Q1","construction","construction","professional, managers, executive and technicians","0.8"
"2018-Q1","construction","construction","clerical, sales and services workers","0.7"
"2018-Q1","construction","construction","production and transport operators, cleaners and labourers","0.4"
"2018-Q1","services","wholesale and retail trade","total","2.6"
"2018-Q1","services","wholesale and retail trade","professional, managers, executive and technicians","2.5"
"2018-Q1","services","wholesale and retail trade","clerical, sales and services workers","2.8"
"2018-Q1","services","wholesale and retail trade","production and transport operators, cleaners and labourers","2.3"
"2018-Q1","services","transportation and storage","total","2.5"
"2018-Q1","services","transportation and storage","professional, managers, executive and technicians","1.9"
"2018-Q1","services","transportation and storage","clerical, sales and services workers","2.6"
"2018-Q1","services","transportation and storage","production and transport operators, cleaners and labourers","2.9"
"2018-Q1","services","accommodation and food services","total","3.6"
"2018-Q1","services","accommodation and food services","professional, managers, executive and technicians","3.2"
"2018-Q1","services","accommodation and food services","clerical, sales and services workers","3.5"
"2018-Q1","services","accommodation and food services","production and transport operators, cleaners and labourers","4.5"
"2018-Q1","services","information and communications","total","4.9"
"2018-Q1","services","information and communications","professional, managers, executive and technicians","5.2"
"2018-Q1","services","information and communications","clerical, sales and services workers","3"
"2018-Q1","services","information and communications","production and transport operators, cleaners and labourers","-"
"2018-Q1","services","financial and insurance services","total","3.2"
"2018-Q1","services","financial and insurance services","professional, managers, executive and technicians","3.2"
"2018-Q1","services","financial and insurance services","clerical, sales and services workers","2.8"
"2018-Q1","services","financial and insurance services","production and transport operators, cleaners and labourers","-"
"2018-Q1","services","real estate services","total","1.9"
"2018-Q1","services","real estate services","professional, managers, executive and technicians","2.3"
"2018-Q1","services","real estate services","clerical, sales and services workers","1.8"
"2018-Q1","services","real estate services","production and transport operators, cleaners and labourers","1.5"
"2018-Q1","services","professional services","total","2.8"
"2018-Q1","services","professional services","professional, managers, executive and technicians","3"
"2018-Q1","services","professional services","clerical, sales and services workers","2"
"2018-Q1","services","professional services","production and transport operators, cleaners and labourers","2.2"
"2018-Q1","services","administrative and support services","total","3"
"2018-Q1","services","administrative and support services","professional, managers, executive and technicians","2.3"
"2018-Q1","services","administrative and support services","clerical, sales and services workers","3.7"
"2018-Q1","services","administrative and support services","production and transport operators, cleaners and labourers","2.9"
"2018-Q1","services","community, social and personal services","total","2.9"
"2018-Q1","services","community, social and personal services","professional, managers, executive and technicians","2.8"
"2018-Q1","services","community, social and personal services","clerical, sales and services workers","3.2"
"2018-Q1","services","community, social and personal services","production and transport operators, cleaners and labourers","2.5"
"2018-Q1","others","others","total","1.4"
"2018-Q1","others","others","professional, managers, executive and technicians","1.3"
"2018-Q1","others","others","clerical, sales and services workers","-"
"2018-Q1","others","others","production and transport operators, cleaners and labourers","1.8"
"2018-Q2","total","total","total","2.8"
"2018-Q2","total","total","professional, managers, executive and technicians","3.2"
"2018-Q2","total","total","clerical, sales and services workers","3.3"
"2018-Q2","total","total","production and transport operators, cleaners and labourers","1.9"
"2018-Q2","manufacturing","food, beverages and tobacco","total","1.9"
"2018-Q2","manufacturing","food, beverages and tobacco","professional, managers, executive and technicians","1.6"
"2018-Q2","manufacturing","food, beverages and tobacco","clerical, sales and services workers","2.4"
"2018-Q2","manufacturing","food, beverages and tobacco","production and transport operators, cleaners and labourers","1.7"
"2018-Q2","manufacturing","paper,rubber,plastic products and printing","total","1.8"
"2018-Q2","manufacturing","paper,rubber,plastic products and printing","professional, managers, executive and technicians","2.1"
"2018-Q2","manufacturing","paper,rubber,plastic products and printing","clerical, sales and services workers","-"
"2018-Q2","manufacturing","paper,rubber,plastic products and printing","production and transport operators, cleaners and labourers","1.6"
"2018-Q2","manufacturing","petroleum, chemical and pharmaceutical products","total","2.7"
"2018-Q2","manufacturing","petroleum, chemical and pharmaceutical products","professional, managers, executive and technicians","3.2"
"2018-Q2","manufacturing","petroleum, chemical and pharmaceutical products","clerical, sales and services workers","-"
"2018-Q2","manufacturing","petroleum, chemical and pharmaceutical products","production and transport operators, cleaners and labourers","1.4"
"2018-Q2","manufacturing","fabricated metal products, machinery and equipment","total","2.2"
"2018-Q2","manufacturing","fabricated metal products, machinery and equipment","professional, managers, executive and technicians","2.8"
"2018-Q2","manufacturing","fabricated metal products, machinery and equipment","clerical, sales and services workers","1.9"
"2018-Q2","manufacturing","fabricated metal products, machinery and equipment","production and transport operators, cleaners and labourers","1.8"
"2018-Q2","manufacturing","electronic, computer and optical products","total","3"
"2018-Q2","manufacturing","electronic, computer and optical products","professional, managers, executive and technicians","3.7"
"2018-Q2","manufacturing","electronic, computer and optical products","clerical, sales and services workers","3"
"2018-Q2","manufacturing","electronic, computer and optical products","production and transport operators, cleaners and labourers","2"
"2018-Q2","manufacturing","transport equipment","total","2"
"2018-Q2","manufacturing","transport equipment","professional, managers, executive and technicians","2.8"
"2018-Q2","manufacturing","transport equipment","clerical, sales and services workers","1.2"
"2018-Q2","manufacturing","transport equipment","production and transport operators, cleaners and labourers","1.4"
"2018-Q2","manufacturing","other manufacturing industries","total","2.1"
"2018-Q2","manufacturing","other manufacturing industries","professional, managers, executive and technicians","2.8"
"2018-Q2","manufacturing","other manufacturing industries","clerical, sales and services workers","-"
"2018-Q2","manufacturing","other manufacturing industries","production and transport operators, cleaners and labourers","1.8"
"2018-Q2","construction","construction","total","0.7"
"2018-Q2","construction","construction","professional, managers, executive and technicians","1.1"
"2018-Q2","construction","construction","clerical, sales and services workers","0.8"
"2018-Q2","construction","construction","production and transport operators, cleaners and labourers","0.6"
"2018-Q2","services","wholesale and retail trade","total","2.9"
"2018-Q2","services","wholesale and retail trade","professional, managers, executive and technicians","2.5"
"2018-Q2","services","wholesale and retail trade","clerical, sales and services workers","3.8"
"2018-Q2","services","wholesale and retail trade","production and transport operators, cleaners and labourers","2.1"
"2018-Q2","services","transportation and storage","total","2.7"
"2018-Q2","services","transportation and storage","professional, managers, executive and technicians","1.9"
"2018-Q2","services","transportation and storage","clerical, sales and services workers","2.5"
"2018-Q2","services","transportation and storage","production and transport operators, cleaners and labourers","3.3"
"2018-Q2","services","accommodation and food services","total","4.5"
"2018-Q2","services","accommodation and food services","professional, managers, executive and technicians","4.4"
"2018-Q2","services","accommodation and food services","clerical, sales and services workers","4.1"
"2018-Q2","services","accommodation and food services","production and transport operators, cleaners and labourers","6.1"
"2018-Q2","services","information and communications","total","4.7"
"2018-Q2","services","information and communications","professional, managers, executive and technicians","5"
"2018-Q2","services","information and communications","clerical, sales and services workers","3"
"2018-Q2","services","information and communications","production and transport operators, cleaners and labourers","-"
"2018-Q2","services","financial and insurance services","total","3.5"
"2018-Q2","services","financial and insurance services","professional, managers, executive and technicians","3.6"
"2018-Q2","services","financial and insurance services","clerical, sales and services workers","2.2"
"2018-Q2","services","financial and insurance services","production and transport operators, cleaners and labourers","-"
"2018-Q2","services","real estate services","total","2.2"
"2018-Q2","services","real estate services","professional, managers, executive and technicians","2.6"
"2018-Q2","services","real estate services","clerical, sales and services workers","2.2"
"2018-Q2","services","real estate services","production and transport operators, cleaners and labourers","1.6"
"2018-Q2","services","professional services","total","3.1"
"2018-Q2","services","professional services","professional, managers, executive and technicians","3.4"
"2018-Q2","services","professional services","clerical, sales and services workers","3.2"
"2018-Q2","services","professional services","production and transport operators, cleaners and labourers","1.5"
"2018-Q2","services","administrative and support services","total","3.2"
"2018-Q2","services","administrative and support services","professional, managers, executive and technicians","2.9"
"2018-Q2","services","administrative and support services","clerical, sales and services workers","4"
"2018-Q2","services","administrative and support services","production and transport operators, cleaners and labourers","2.8"
"2018-Q2","services","community, social and personal services","total","3.3"
"2018-Q2","services","community, social and personal services","professional, managers, executive and technicians","3.3"
"2018-Q2","services","community, social and personal services","clerical, sales and services workers","3.5"
"2018-Q2","services","community, social and personal services","production and transport operators, cleaners and labourers","2.4"
"2018-Q2","others","others","total","2.5"
"2018-Q2","others","others","professional, managers, executive and technicians","2.3"
"2018-Q2","others","others","clerical, sales and services workers","-"
"2018-Q2","others","others","production and transport operators, cleaners and labourers","2.9"
"2018-Q3","total","total","total","2.9"
"2018-Q3","total","total","professional, managers, executive and technicians","3.1"
"2018-Q3","total","total","clerical, sales and services workers","3.4"
"2018-Q3","total","total","production and transport operators, cleaners and labourers","2.3"
"2018-Q3","manufacturing","food, beverages and tobacco","total","2.8"
"2018-Q3","manufacturing","food, beverages and tobacco","professional, managers, executive and technicians","2.7"
"2018-Q3","manufacturing","food, beverages and tobacco","clerical, sales and services workers","3.6"
"2018-Q3","manufacturing","food, beverages and tobacco","production and transport operators, cleaners and labourers","2.5"
"2018-Q3","manufacturing","paper,rubber,plastic products and printing","total","2.1"
"2018-Q3","manufacturing","paper,rubber,plastic products and printing","professional, managers, executive and technicians","1.7"
"2018-Q3","manufacturing","paper,rubber,plastic products and printing","clerical, sales and services workers","-"
"2018-Q3","manufacturing","paper,rubber,plastic products and printing","production and transport operators, cleaners and labourers","2.4"
"2018-Q3","manufacturing","petroleum, chemical and pharmaceutical products","total","2.4"
"2018-Q3","manufacturing","petroleum, chemical and pharmaceutical products","professional, managers, executive and technicians","2.7"
"2018-Q3","manufacturing","petroleum, chemical and pharmaceutical products","clerical, sales and services workers","-"
"2018-Q3","manufacturing","petroleum, chemical and pharmaceutical products","production and transport operators, cleaners and labourers","1.6"
"2018-Q3","manufacturing","fabricated metal products, machinery and equipment","total","2.2"
"2018-Q3","manufacturing","fabricated metal products, machinery and equipment","professional, managers, executive and technicians","2.8"
"2018-Q3","manufacturing","fabricated metal products, machinery and equipment","clerical, sales and services workers","2"
"2018-Q3","manufacturing","fabricated metal products, machinery and equipment","production and transport operators, cleaners and labourers","1.8"
"2018-Q3","manufacturing","electronic, computer and optical products","total","2.7"
"2018-Q3","manufacturing","electronic, computer and optical products","professional, managers, executive and technicians","2.8"
"2018-Q3","manufacturing","electronic, computer and optical products","clerical, sales and services workers","-"
"2018-Q3","manufacturing","electronic, computer and optical products","production and transport operators, cleaners and labourers","2.6"
"2018-Q3","manufacturing","transport equipment","total","2.5"
"2018-Q3","manufacturing","transport equipment","professional, managers, executive and technicians","2.8"
"2018-Q3","manufacturing","transport equipment","clerical, sales and services workers","1.7"
"2018-Q3","manufacturing","transport equipment","production and transport operators, cleaners and labourers","2.4"
"2018-Q3","manufacturing","other manufacturing industries","total","3.1"
"2018-Q3","manufacturing","other manufacturing industries","professional, managers, executive and technicians","3.3"
"2018-Q3","manufacturing","other manufacturing industries","clerical, sales and services workers","2"
"2018-Q3","manufacturing","other manufacturing industries","production and transport operators, cleaners and labourers","3.1"
"2018-Q3","construction","construction","total","1.5"
"2018-Q3","construction","construction","professional, managers, executive and technicians","1.8"
"2018-Q3","construction","construction","clerical, sales and services workers","1.3"
"2018-Q3","construction","construction","production and transport operators, cleaners and labourers","1.4"
"2018-Q3","services","wholesale and retail trade","total","2.8"
"2018-Q3","services","wholesale and retail trade","professional, managers, executive and technicians","2.5"
"2018-Q3","services","wholesale and retail trade","clerical, sales and services workers","3.5"
"2018-Q3","services","wholesale and retail trade","production and transport operators, cleaners and labourers","1.7"
"2018-Q3","services","transportation and storage","total","2.3"
"2018-Q3","services","transportation and storage","professional, managers, executive and technicians","2.3"
"2018-Q3","services","transportation and storage","clerical, sales and services workers","2.2"
"2018-Q3","services","transportation and storage","production and transport operators, cleaners and labourers","2.4"
"2018-Q3","services","accommodation and food services","total","4.2"
"2018-Q3","services","accommodation and food services","professional, managers, executive and technicians","2.9"
"2018-Q3","services","accommodation and food services","clerical, sales and services workers","4.4"
"2018-Q3","services","accommodation and food services","production and transport operators, cleaners and labourers","4.7"
"2018-Q3","services","information and communications","total","4.7"
"2018-Q3","services","information and communications","professional, managers, executive and technicians","5"
"2018-Q3","services","information and communications","clerical, sales and services workers","3"
"2018-Q3","services","information and communications","production and transport operators, cleaners and labourers","-"
"2018-Q3","services","financial and insurance services","total","4.1"
"2018-Q3","services","financial and insurance services","professional, managers, executive and technicians","4.2"
"2018-Q3","services","financial and insurance services","clerical, sales and services workers","3"
"2018-Q3","services","financial and insurance services","production and transport operators, cleaners and labourers","-"
"2018-Q3","services","real estate services","total","2.5"
"2018-Q3","services","real estate services","professional, managers, executive and technicians","2.7"
"2018-Q3","services","real estate services","clerical, sales and services workers","1.9"
"2018-Q3","services","real estate services","production and transport operators, cleaners and labourers","2.4"
"2018-Q3","services","professional services","total","3.2"
"2018-Q3","services","professional services","professional, managers, executive and technicians","3.5"
"2018-Q3","services","professional services","clerical, sales and services workers","3"
"2018-Q3","services","professional services","production and transport operators, cleaners and labourers","1.4"
"2018-Q3","services","administrative and support services","total","3.9"
"2018-Q3","services","administrative and support services","professional, managers, executive and technicians","2.9"
"2018-Q3","services","administrative and support services","clerical, sales and services workers","4.8"
"2018-Q3","services","administrative and support services","production and transport operators, cleaners and labourers","3.8"
"2018-Q3","services","community, social and personal services","total","2.9"
"2018-Q3","services","community, social and personal services","professional, managers, executive and technicians","2.8"
"2018-Q3","services","community, social and personal services","clerical, sales and services workers","3.1"
"2018-Q3","services","community, social and personal services","production and transport operators, cleaners and labourers","2.4"
"2018-Q3","others","others","total","2"
"2018-Q3","others","others","professional, managers, executive and technicians","1.5"
"2018-Q3","others","others","clerical, sales and services workers","-"
"2018-Q3","others","others","production and transport operators, cleaners and labourers","3.1"
"2018-Q4","total","total","total","2.7"
"2018-Q4","total","total","professional, managers, executive and technicians","2.8"
"2018-Q4","total","total","clerical, sales and services workers","3.2"
"2018-Q4","total","total","production and transport operators, cleaners and labourers","2"
"2018-Q4","manufacturing","food, beverages and tobacco","total","1.9"
"2018-Q4","manufacturing","food, beverages and tobacco","professional, managers, executive and technicians","1.9"
"2018-Q4","manufacturing","food, beverages and tobacco","clerical, sales and services workers","2.5"
"2018-Q4","manufacturing","food, beverages and tobacco","production and transport operators, cleaners and labourers","1.5"
"2018-Q4","manufacturing","paper,rubber,plastic products and printing","total","2.3"
"2018-Q4","manufacturing","paper,rubber,plastic products and printing","professional, managers, executive and technicians","3.2"
"2018-Q4","manufacturing","paper,rubber,plastic products and printing","clerical, sales and services workers","-"
"2018-Q4","manufacturing","paper,rubber,plastic products and printing","production and transport operators, cleaners and labourers","2"
"2018-Q4","manufacturing","petroleum, chemical and pharmaceutical products","total","1.9"
"2018-Q4","manufacturing","petroleum, chemical and pharmaceutical products","professional, managers, executive and technicians","2.2"
"2018-Q4","manufacturing","petroleum, chemical and pharmaceutical products","clerical, sales and services workers","-"
"2018-Q4","manufacturing","petroleum, chemical and pharmaceutical products","production and transport operators, cleaners and labourers","0.9"
"2018-Q4","manufacturing","fabricated metal products, machinery and equipment","total","1.6"
"2018-Q4","manufacturing","fabricated metal products, machinery and equipment","professional, managers, executive and technicians","1.8"
"2018-Q4","manufacturing","fabricated metal products, machinery and equipment","clerical, sales and services workers","1.8"
"2018-Q4","manufacturing","fabricated metal products, machinery and equipment","production and transport operators, cleaners and labourers","1.5"
"2018-Q4","manufacturing","electronic, computer and optical products","total","2.6"
"2018-Q4","manufacturing","electronic, computer and optical products","professional, managers, executive and technicians","3.4"
"2018-Q4","manufacturing","electronic, computer and optical products","clerical, sales and services workers","3"
"2018-Q4","manufacturing","electronic, computer and optical products","production and transport operators, cleaners and labourers","1.5"
"2018-Q4","manufacturing","transport equipment","total","2.1"
"2018-Q4","manufacturing","transport equipment","professional, managers, executive and technicians","2.2"
"2018-Q4","manufacturing","transport equipment","clerical, sales and services workers","1.9"
"2018-Q4","manufacturing","transport equipment","production and transport operators, cleaners and labourers","2.1"
"2018-Q4","manufacturing","other manufacturing industries","total","2"
"2018-Q4","manufacturing","other manufacturing industries","professional, managers, executive and technicians","2.7"
"2018-Q4","manufacturing","other manufacturing industries","clerical, sales and services workers","2.6"
"2018-Q4","manufacturing","other manufacturing industries","production and transport operators, cleaners and labourers","1.4"
"2018-Q4","construction","construction","total","1.6"
"2018-Q4","construction","construction","professional, managers, executive and technicians","1.6"
"2018-Q4","construction","construction","clerical, sales and services workers","1.5"
"2018-Q4","construction","construction","production and transport operators, cleaners and labourers","1.6"
"2018-Q4","services","wholesale and retail trade","total","2.4"
"2018-Q4","services","wholesale and retail trade","professional, managers, executive and technicians","2.4"
"2018-Q4","services","wholesale and retail trade","clerical, sales and services workers","2.8"
"2018-Q4","services","wholesale and retail trade","production and transport operators, cleaners and labourers","1.6"
"2018-Q4","services","transportation and storage","total","2.2"
"2018-Q4","services","transportation and storage","professional, managers, executive and technicians","2.3"
"2018-Q4","services","transportation and storage","clerical, sales and services workers","2.4"
"2018-Q4","services","transportation and storage","production and transport operators, cleaners and labourers","2"
"2018-Q4","services","accommodation and food services","total","4.4"
"2018-Q4","services","accommodation and food services","professional, managers, executive and technicians","3.3"
"2018-Q4","services","accommodation and food services","clerical, sales and services workers","4.3"
"2018-Q4","services","accommodation and food services","production and transport operators, cleaners and labourers","5.6"
"2018-Q4","services","information and communications","total","4.6"
"2018-Q4","services","information and communications","professional, managers, executive and technicians","4.9"
"2018-Q4","services","information and communications","clerical, sales and services workers","2.6"
"2018-Q4","services","information and communications","production and transport operators, cleaners and labourers","-"
"2018-Q4","services","financial and insurance services","total","3.3"
"2018-Q4","services","financial and insurance services","professional, managers, executive and technicians","3.4"
"2018-Q4","services","financial and insurance services","clerical, sales and services workers","2.4"
"2018-Q4","services","financial and insurance services","production and transport operators, cleaners and labourers","-"
"2018-Q4","services","real estate services","total","2.7"
"2018-Q4","services","real estate services","professional, managers, executive and technicians","2.8"
"2018-Q4","services","real estate services","clerical, sales and services workers","2.3"
"2018-Q4","services","real estate services","production and transport operators, cleaners and labourers","2.7"
"2018-Q4","services","professional services","total","3"
"2018-Q4","services","professional services","professional, managers, executive and technicians","3"
"2018-Q4","services","professional services","clerical, sales and services workers","2.8"
"2018-Q4","services","professional services","production and transport operators, cleaners and labourers","2.8"
"2018-Q4","services","administrative and support services","total","3.6"
"2018-Q4","services","administrative and support services","professional, managers, executive and technicians","3.8"
"2018-Q4","services","administrative and support services","clerical, sales and services workers","5"
"2018-Q4","services","administrative and support services","production and transport operators, cleaners and labourers","2.6"
"2018-Q4","services","community, social and personal services","total","2.7"
"2018-Q4","services","community, social and personal services","professional, managers, executive and technicians","2.6"
"2018-Q4","services","community, social and personal services","clerical, sales and services workers","3"
"2018-Q4","services","community, social and personal services","production and transport operators, cleaners and labourers","2.3"
"2018-Q4","others","others","total","1.9"
"2018-Q4","others","others","professional, managers, executive and technicians","1.5"
"2018-Q4","others","others","clerical, sales and services workers","-"
"2018-Q4","others","others","production and transport operators, cleaners and labourers","2.6"
"2019-Q1","total","total","total","2.5"
"2019-Q1","total","total","professional, managers, executive and technicians","2.9"
"2019-Q1","total","total","clerical, sales and services workers","2.9"
"2019-Q1","total","total","production and transport operators, cleaners and labourers","1.7"
"2019-Q1","manufacturing","food, beverages and tobacco","total","2"
"2019-Q1","manufacturing","food, beverages and tobacco","professional, managers, executive and technicians","2.3"
"2019-Q1","manufacturing","food, beverages and tobacco","clerical, sales and services workers","2.9"
"2019-Q1","manufacturing","food, beverages and tobacco","production and transport operators, cleaners and labourers","1.3"
"2019-Q1","manufacturing","paper,rubber,plastic products and printing","total","1.9"
"2019-Q1","manufacturing","paper,rubber,plastic products and printing","professional, managers, executive and technicians","2.5"
"2019-Q1","manufacturing","paper,rubber,plastic products and printing","clerical, sales and services workers","-"
"2019-Q1","manufacturing","paper,rubber,plastic products and printing","production and transport operators, cleaners and labourers","1.7"
"2019-Q1","manufacturing","petroleum, chemical and pharmaceutical products","total","2.4"
"2019-Q1","manufacturing","petroleum, chemical and pharmaceutical products","professional, managers, executive and technicians","2.2"
"2019-Q1","manufacturing","petroleum, chemical and pharmaceutical products","clerical, sales and services workers","-"
"2019-Q1","manufacturing","petroleum, chemical and pharmaceutical products","production and transport operators, cleaners and labourers","3.4"
"2019-Q1","manufacturing","fabricated metal products, machinery and equipment","total","1.5"
"2019-Q1","manufacturing","fabricated metal products, machinery and equipment","professional, managers, executive and technicians","1.7"
"2019-Q1","manufacturing","fabricated metal products, machinery and equipment","clerical, sales and services workers","1.6"
"2019-Q1","manufacturing","fabricated metal products, machinery and equipment","production and transport operators, cleaners and labourers","1.4"
"2019-Q1","manufacturing","electronic, computer and optical products","total","2.4"
"2019-Q1","manufacturing","electronic, computer and optical products","professional, managers, executive and technicians","2.9"
"2019-Q1","manufacturing","electronic, computer and optical products","clerical, sales and services workers","-"
"2019-Q1","manufacturing","electronic, computer and optical products","production and transport operators, cleaners and labourers","1.8"
"2019-Q1","manufacturing","transport equipment","total","2"
"2019-Q1","manufacturing","transport equipment","professional, managers, executive and technicians","3.4"
"2019-Q1","manufacturing","transport equipment","clerical, sales and services workers","1.3"
"2019-Q1","manufacturing","transport equipment","production and transport operators, cleaners and labourers","1.2"
"2019-Q1","manufacturing","other manufacturing industries","total","2.4"
"2019-Q1","manufacturing","other manufacturing industries","professional, managers, executive and technicians","2.4"
"2019-Q1","manufacturing","other manufacturing industries","clerical, sales and services workers","1.7"
"2019-Q1","manufacturing","other manufacturing industries","production and transport operators, cleaners and labourers","2.5"
"2019-Q1","construction","construction","total","1.2"
"2019-Q1","construction","construction","professional, managers, executive and technicians","1.5"
"2019-Q1","construction","construction","clerical, sales and services workers","1.4"
"2019-Q1","construction","construction","production and transport operators, cleaners and labourers","1.1"
"2019-Q1","services","wholesale and retail trade","total","2.3"
"2019-Q1","services","wholesale and retail trade","professional, managers, executive and technicians","2.3"
"2019-Q1","services","wholesale and retail trade","clerical, sales and services workers","2.7"
"2019-Q1","services","wholesale and retail trade","production and transport operators, cleaners and labourers","1.5"
"2019-Q1","services","transportation and storage","total","2.2"
"2019-Q1","services","transportation and storage","professional, managers, executive and technicians","2.4"
"2019-Q1","services","transportation and storage","clerical, sales and services workers","2.1"
"2019-Q1","services","transportation and storage","production and transport operators, cleaners and labourers","2.1"
"2019-Q1","services","accommodation and food services","total","3.8"
"2019-Q1","services","accommodation and food services","professional, managers, executive and technicians","3.4"
"2019-Q1","services","accommodation and food services","clerical, sales and services workers","3.8"
"2019-Q1","services","accommodation and food services","production and transport operators, cleaners and labourers","4.6"
"2019-Q1","services","information and communications","total","3.9"
"2019-Q1","services","information and communications","professional, managers, executive and technicians","4.1"
"2019-Q1","services","information and communications","clerical, sales and services workers","2.6"
"2019-Q1","services","information and communications","production and transport operators, cleaners and labourers","-"
"2019-Q1","services","financial and insurance services","total","3.6"
"2019-Q1","services","financial and insurance services","professional, managers, executive and technicians","3.7"
"2019-Q1","services","financial and insurance services","clerical, sales and services workers","3.3"
"2019-Q1","services","financial and insurance services","production and transport operators, cleaners and labourers","-"
"2019-Q1","services","real estate services","total","2.5"
"2019-Q1","services","real estate services","professional, managers, executive and technicians","2.8"
"2019-Q1","services","real estate services","clerical, sales and services workers","2.3"
"2019-Q1","services","real estate services","production and transport operators, cleaners and labourers","2.2"
"2019-Q1","services","professional services","total","2.9"
"2019-Q1","services","professional services","professional, managers, executive and technicians","3.3"
"2019-Q1","services","professional services","clerical, sales and services workers","2.9"
"2019-Q1","services","professional services","production and transport operators, cleaners and labourers","0.9"
"2019-Q1","services","administrative and support services","total","2.7"
"2019-Q1","services","administrative and support services","professional, managers, executive and technicians","2.7"
"2019-Q1","services","administrative and support services","clerical, sales and services workers","3.5"
"2019-Q1","services","administrative and support services","production and transport operators, cleaners and labourers","2.1"
"2019-Q1","services","community, social and personal services","total","2.9"
"2019-Q1","services","community, social and personal services","professional, managers, executive and technicians","2.9"
"2019-Q1","services","community, social and personal services","clerical, sales and services workers","3"
"2019-Q1","services","community, social and personal services","production and transport operators, cleaners and labourers","2.2"
"2019-Q1","others","others","total","1.9"
"2019-Q1","others","others","professional, managers, executive and technicians","1.8"
"2019-Q1","others","others","clerical, sales and services workers","-"
"2019-Q1","others","others","production and transport operators, cleaners and labourers","2"
"2019-Q2","total","total","total","2.5"
"2019-Q2","total","total","professional, managers, executive and technicians","2.9"
"2019-Q2","total","total","clerical, sales and services workers","2.9"
"2019-Q2","total","total","production and transport operators, cleaners and labourers","1.5"
"2019-Q2","manufacturing","food, beverages and tobacco","total","1.9"
"2019-Q2","manufacturing","food, beverages and tobacco","professional, managers, executive and technicians","1.8"
"2019-Q2","manufacturing","food, beverages and tobacco","clerical, sales and services workers","2.7"
"2019-Q2","manufacturing","food, beverages and tobacco","production and transport operators, cleaners and labourers","1.5"
"2019-Q2","manufacturing","paper,rubber,plastic products and printing","total","1.3"
"2019-Q2","manufacturing","paper,rubber,plastic products and printing","professional, managers, executive and technicians","1.7"
"2019-Q2","manufacturing","paper,rubber,plastic products and printing","clerical, sales and services workers","-"
"2019-Q2","manufacturing","paper,rubber,plastic products and printing","production and transport operators, cleaners and labourers","1.1"
"2019-Q2","manufacturing","petroleum, chemical and pharmaceutical products","total","2.1"
"2019-Q2","manufacturing","petroleum, chemical and pharmaceutical products","professional, managers, executive and technicians","2.5"
"2019-Q2","manufacturing","petroleum, chemical and pharmaceutical products","clerical, sales and services workers","-"
"2019-Q2","manufacturing","petroleum, chemical and pharmaceutical products","production and transport operators, cleaners and labourers","1.3"
"2019-Q2","manufacturing","fabricated metal products, machinery and equipment","total","1.9"
"2019-Q2","manufacturing","fabricated metal products, machinery and equipment","professional, managers, executive and technicians","2.2"
"2019-Q2","manufacturing","fabricated metal products, machinery and equipment","clerical, sales and services workers","1.2"
"2019-Q2","manufacturing","fabricated metal products, machinery and equipment","production and transport operators, cleaners and labourers","1.9"
"2019-Q2","manufacturing","electronic, computer and optical products","total","2.3"
"2019-Q2","manufacturing","electronic, computer and optical products","professional, managers, executive and technicians","2.5"
"2019-Q2","manufacturing","electronic, computer and optical products","clerical, sales and services workers","-"
"2019-Q2","manufacturing","electronic, computer and optical products","production and transport operators, cleaners and labourers","2.1"
"2019-Q2","manufacturing","transport equipment","total","1.9"
"2019-Q2","manufacturing","transport equipment","professional, managers, executive and technicians","3.1"
"2019-Q2","manufacturing","transport equipment","clerical, sales and services workers","2.3"
"2019-Q2","manufacturing","transport equipment","production and transport operators, cleaners and labourers","1.1"
"2019-Q2","manufacturing","other manufacturing industries","total","1.9"
"2019-Q2","manufacturing","other manufacturing industries","professional, managers, executive and technicians","2.8"
"2019-Q2","manufacturing","other manufacturing industries","clerical, sales and services workers","-"
"2019-Q2","manufacturing","other manufacturing industries","production and transport operators, cleaners and labourers","1.3"
"2019-Q2","construction","construction","total","0.8"
"2019-Q2","construction","construction","professional, managers, executive and technicians","1.2"
"2019-Q2","construction","construction","clerical, sales and services workers","0.9"
"2019-Q2","construction","construction","production and transport operators, cleaners and labourers","0.7"
"2019-Q2","services","wholesale and retail trade","total","2.2"
"2019-Q2","services","wholesale and retail trade","professional, managers, executive and technicians","2.3"
"2019-Q2","services","wholesale and retail trade","clerical, sales and services workers","2.4"
"2019-Q2","services","wholesale and retail trade","production and transport operators, cleaners and labourers","1.4"
"2019-Q2","services","transportation and storage","total","2.2"
"2019-Q2","services","transportation and storage","professional, managers, executive and technicians","2.6"
"2019-Q2","services","transportation and storage","clerical, sales and services workers","2.4"
"2019-Q2","services","transportation and storage","production and transport operators, cleaners and labourers","1.8"
"2019-Q2","services","accommodation and food services","total","4.4"
"2019-Q2","services","accommodation and food services","professional, managers, executive and technicians","3.7"
"2019-Q2","services","accommodation and food services","clerical, sales and services workers","4.2"
"2019-Q2","services","accommodation and food services","production and transport operators, cleaners and labourers","5.7"
"2019-Q2","services","information and communications","total","4.5"
"2019-Q2","services","information and communications","professional, managers, executive and technicians","4.7"
"2019-Q2","services","information and communications","clerical, sales and services workers","3.1"
"2019-Q2","services","information and communications","production and transport operators, cleaners and labourers","-"
"2019-Q2","services","financial and insurance services","total","3.9"
"2019-Q2","services","financial and insurance services","professional, managers, executive and technicians","4.1"
"2019-Q2","services","financial and insurance services","clerical, sales and services workers","2.7"
"2019-Q2","services","financial and insurance services","production and transport operators, cleaners and labourers","-"
"2019-Q2","services","real estate services","total","2.6"
"2019-Q2","services","real estate services","professional, managers, executive and technicians","3.1"
"2019-Q2","services","real estate services","clerical, sales and services workers","2.4"
"2019-Q2","services","real estate services","production and transport operators, cleaners and labourers","2.1"
"2019-Q2","services","professional services","total","2.9"
"2019-Q2","services","professional services","professional, managers, executive and technicians","3.1"
"2019-Q2","services","professional services","clerical, sales and services workers","2.5"
"2019-Q2","services","professional services","production and transport operators, cleaners and labourers","2"
"2019-Q2","services","administrative and support services","total","2.3"
"2019-Q2","services","administrative and support services","professional, managers, executive and technicians","2.5"
"2019-Q2","services","administrative and support services","clerical, sales and services workers","3.1"
"2019-Q2","services","administrative and support services","production and transport operators, cleaners and labourers","1.8"
"2019-Q2","services","community, social and personal services","total","2.7"
"2019-Q2","services","community, social and personal services","professional, managers, executive and technicians","2.8"
"2019-Q2","services","community, social and personal services","clerical, sales and services workers","2.9"
"2019-Q2","services","community, social and personal services","production and transport operators, cleaners and labourers","1.7"
"2019-Q2","others","others","total","1.7"
"2019-Q2","others","others","professional, managers, executive and technicians","2.2"
"2019-Q2","others","others","clerical, sales and services workers","-"
"2019-Q2","others","others","production and transport operators, cleaners and labourers","0.9"
"2019-Q3","total","total","total","2.4"
"2019-Q3","total","total","professional, managers, executive and technicians","2.8"
"2019-Q3","total","total","clerical, sales and services workers","2.8"
"2019-Q3","total","total","production and transport operators, cleaners and labourers","1.6"
"2019-Q3","manufacturing","food, beverages and tobacco","total","2.1"
"2019-Q3","manufacturing","food, beverages and tobacco","professional, managers, executive and technicians","1.9"
"2019-Q3","manufacturing","food, beverages and tobacco","clerical, sales and services workers","1.9"
"2019-Q3","manufacturing","food, beverages and tobacco","production and transport operators, cleaners and labourers","2.3"
"2019-Q3","manufacturing","paper,rubber,plastic products and printing","total","1.3"
"2019-Q3","manufacturing","paper,rubber,plastic products and printing","professional, managers, executive and technicians","1.3"
"2019-Q3","manufacturing","paper,rubber,plastic products and printing","clerical, sales and services workers","-"
"2019-Q3","manufacturing","paper,rubber,plastic products and printing","production and transport operators, cleaners and labourers","1.3"
"2019-Q3","manufacturing","petroleum, chemical and pharmaceutical products","total","2"
"2019-Q3","manufacturing","petroleum, chemical and pharmaceutical products","professional, managers, executive and technicians","2.1"
"2019-Q3","manufacturing","petroleum, chemical and pharmaceutical products","clerical, sales and services workers","-"
"2019-Q3","manufacturing","petroleum, chemical and pharmaceutical products","production and transport operators, cleaners and labourers","2"
"2019-Q3","manufacturing","fabricated metal products, machinery and equipment","total","1.7"
"2019-Q3","manufacturing","fabricated metal products, machinery and equipment","professional, managers, executive and technicians","1.9"
"2019-Q3","manufacturing","fabricated metal products, machinery and equipment","clerical, sales and services workers","2.1"
"2019-Q3","manufacturing","fabricated metal products, machinery and equipment","production and transport operators, cleaners and labourers","1.5"
"2019-Q3","manufacturing","electronic, computer and optical products","total","2.1"
"2019-Q3","manufacturing","electronic, computer and optical products","professional, managers, executive and technicians","2.3"
"2019-Q3","manufacturing","electronic, computer and optical products","clerical, sales and services workers","-"
"2019-Q3","manufacturing","electronic, computer and optical products","production and transport operators, cleaners and labourers","2"
"2019-Q3","manufacturing","transport equipment","total","1.2"
"2019-Q3","manufacturing","transport equipment","professional, managers, executive and technicians","1.7"
"2019-Q3","manufacturing","transport equipment","clerical, sales and services workers","1.1"
"2019-Q3","manufacturing","transport equipment","production and transport operators, cleaners and labourers","0.8"
"2019-Q3","manufacturing","other manufacturing industries","total","1.9"
"2019-Q3","manufacturing","other manufacturing industries","professional, managers, executive and technicians","2.2"
"2019-Q3","manufacturing","other manufacturing industries","clerical, sales and services workers","1.8"
"2019-Q3","manufacturing","other manufacturing industries","production and transport operators, cleaners and labourers","1.7"
"2019-Q3","construction","construction","total","0.8"
"2019-Q3","construction","construction","professional, managers, executive and technicians","1.5"
"2019-Q3","construction","construction","clerical, sales and services workers","1.2"
"2019-Q3","construction","construction","production and transport operators, cleaners and labourers","0.5"
"2019-Q3","services","wholesale and retail trade","total","2.1"
"2019-Q3","services","wholesale and retail trade","professional, managers, executive and technicians","1.8"
"2019-Q3","services","wholesale and retail trade","clerical, sales and services workers","2.4"
"2019-Q3","services","wholesale and retail trade","production and transport operators, cleaners and labourers","2.3"
"2019-Q3","services","transportation and storage","total","1.8"
"2019-Q3","services","transportation and storage","professional, managers, executive and technicians","1.7"
"2019-Q3","services","transportation and storage","clerical, sales and services workers","1.4"
"2019-Q3","services","transportation and storage","production and transport operators, cleaners and labourers","2.1"
"2019-Q3","services","accommodation and food services","total","3.5"
"2019-Q3","services","accommodation and food services","professional, managers, executive and technicians","2.6"
"2019-Q3","services","accommodation and food services","clerical, sales and services workers","3.4"
"2019-Q3","services","accommodation and food services","production and transport operators, cleaners and labourers","4.9"
"2019-Q3","services","information and communications","total","4.9"
"2019-Q3","services","information and communications","professional, managers, executive and technicians","5.1"
"2019-Q3","services","information and communications","clerical, sales and services workers","3"
"2019-Q3","services","information and communications","production and transport operators, cleaners and labourers","-"
"2019-Q3","services","financial and insurance services","total","3.5"
"2019-Q3","services","financial and insurance services","professional, managers, executive and technicians","3.6"
"2019-Q3","services","financial and insurance services","clerical, sales and services workers","2"
"2019-Q3","services","financial and insurance services","production and transport operators, cleaners and labourers","4.1"
"2019-Q3","services","real estate services","total","2.9"
"2019-Q3","services","real estate services","professional, managers, executive and technicians","3.3"
"2019-Q3","services","real estate services","clerical, sales and services workers","2.4"
"2019-Q3","services","real estate services","production and transport operators, cleaners and labourers","2.3"
"2019-Q3","services","professional services","total","3"
"2019-Q3","services","professional services","professional, managers, executive and technicians","3.3"
"2019-Q3","services","professional services","clerical, sales and services workers","3.2"
"2019-Q3","services","professional services","production and transport operators, cleaners and labourers","1.3"
"2019-Q3","services","administrative and support services","total","2.6"
"2019-Q3","services","administrative and support services","professional, managers, executive and technicians","2.5"
"2019-Q3","services","administrative and support services","clerical, sales and services workers","3.9"
"2019-Q3","services","administrative and support services","production and transport operators, cleaners and labourers","1.9"
"2019-Q3","services","community, social and personal services","total","3"
"2019-Q3","services","community, social and personal services","professional, managers, executive and technicians","2.9"
"2019-Q3","services","community, social and personal services","clerical, sales and services workers","3.5"
"2019-Q3","services","community, social and personal services","production and transport operators, cleaners and labourers","2.4"
"2019-Q3","others","others","total","1.5"
"2019-Q3","others","others","professional, managers, executive and technicians","1.8"
"2019-Q3","others","others","clerical, sales and services workers","-"
"2019-Q3","others","others","production and transport operators, cleaners and labourers","1.1"
"2019-Q4","total","total","total","2.3"
"2019-Q4","total","total","professional, managers, executive and technicians","2.7"
"2019-Q4","total","total","clerical, sales and services workers","2.6"
"2019-Q4","total","total","production and transport operators, cleaners and labourers","1.5"
"2019-Q4","manufacturing","food, beverages and tobacco","total","1.9"
"2019-Q4","manufacturing","food, beverages and tobacco","professional, managers, executive and technicians","1.7"
"2019-Q4","manufacturing","food, beverages and tobacco","clerical, sales and services workers","2"
"2019-Q4","manufacturing","food, beverages and tobacco","production and transport operators, cleaners and labourers","2.1"
"2019-Q4","manufacturing","paper,rubber,plastic products and printing","total","1.5"
"2019-Q4","manufacturing","paper,rubber,plastic products and printing","professional, managers, executive and technicians","1.1"
"2019-Q4","manufacturing","paper,rubber,plastic products and printing","clerical, sales and services workers","-"
"2019-Q4","manufacturing","paper,rubber,plastic products and printing","production and transport operators, cleaners and labourers","1.6"
"2019-Q4","manufacturing","petroleum, chemical and pharmaceutical products","total","2.3"
"2019-Q4","manufacturing","petroleum, chemical and pharmaceutical products","professional, managers, executive and technicians","2.4"
"2019-Q4","manufacturing","petroleum, chemical and pharmaceutical products","clerical, sales and services workers","-"
"2019-Q4","manufacturing","petroleum, chemical and pharmaceutical products","production and transport operators, cleaners and labourers","2.2"
"2019-Q4","manufacturing","fabricated metal products, machinery and equipment","total","1.3"
"2019-Q4","manufacturing","fabricated metal products, machinery and equipment","professional, managers, executive and technicians","1.8"
"2019-Q4","manufacturing","fabricated metal products, machinery and equipment","clerical, sales and services workers","0.8"
"2019-Q4","manufacturing","fabricated metal products, machinery and equipment","production and transport operators, cleaners and labourers","0.9"
"2019-Q4","manufacturing","electronic, computer and optical products","total","2"
"2019-Q4","manufacturing","electronic, computer and optical products","professional, managers, executive and technicians","2.1"
"2019-Q4","manufacturing","electronic, computer and optical products","clerical, sales and services workers","-"
"2019-Q4","manufacturing","electronic, computer and optical products","production and transport operators, cleaners and labourers","1.9"
"2019-Q4","manufacturing","transport equipment","total","1.9"
"2019-Q4","manufacturing","transport equipment","professional, managers, executive and technicians","1.8"
"2019-Q4","manufacturing","transport equipment","clerical, sales and services workers","-"
"2019-Q4","manufacturing","transport equipment","production and transport operators, cleaners and labourers","2.1"
"2019-Q4","manufacturing","other manufacturing industries","total","1.4"
"2019-Q4","manufacturing","other manufacturing industries","professional, managers, executive and technicians","1.4"
"2019-Q4","manufacturing","other manufacturing industries","clerical, sales and services workers","-"
"2019-Q4","manufacturing","other manufacturing industries","production and transport operators, cleaners and labourers","1.5"
"2019-Q4","construction","construction","total","0.5"
"2019-Q4","construction","construction","professional, managers, executive and technicians","0.9"
"2019-Q4","construction","construction","clerical, sales and services workers","0.5"
"2019-Q4","construction","construction","production and transport operators, cleaners and labourers","0.3"
"2019-Q4","services","wholesale and retail trade","total","2.3"
"2019-Q4","services","wholesale and retail trade","professional, managers, executive and technicians","2.4"
"2019-Q4","services","wholesale and retail trade","clerical, sales and services workers","2.4"
"2019-Q4","services","wholesale and retail trade","production and transport operators, cleaners and labourers","1.9"
"2019-Q4","services","transportation and storage","total","1.4"
"2019-Q4","services","transportation and storage","professional, managers, executive and technicians","1.8"
"2019-Q4","services","transportation and storage","clerical, sales and services workers","1"
"2019-Q4","services","transportation and storage","production and transport operators, cleaners and labourers","1.4"
"2019-Q4","services","accommodation and food services","total","3.4"
"2019-Q4","services","accommodation and food services","professional, managers, executive and technicians","2.8"
"2019-Q4","services","accommodation and food services","clerical, sales and services workers","3.5"
"2019-Q4","services","accommodation and food services","production and transport operators, cleaners and labourers","3.8"
"2019-Q4","services","information and communications","total","4.9"
"2019-Q4","services","information and communications","professional, managers, executive and technicians","5.1"
"2019-Q4","services","information and communications","clerical, sales and services workers","2.9"
"2019-Q4","services","information and communications","production and transport operators, cleaners and labourers","-"
"2019-Q4","services","financial and insurance services","total","3"
"2019-Q4","services","financial and insurance services","professional, managers, executive and technicians","2.9"
"2019-Q4","services","financial and insurance services","clerical, sales and services workers","3.7"
"2019-Q4","services","financial and insurance services","production and transport operators, cleaners and labourers","1.7"
"2019-Q4","services","real estate services","total","2.8"
"2019-Q4","services","real estate services","professional, managers, executive and technicians","2.6"
"2019-Q4","services","real estate services","clerical, sales and services workers","2.1"
"2019-Q4","services","real estate services","production and transport operators, cleaners and labourers","3.5"
"2019-Q4","services","professional services","total","2.5"
"2019-Q4","services","professional services","professional, managers, executive and technicians","2.9"
"2019-Q4","services","professional services","clerical, sales and services workers","1.3"
"2019-Q4","services","professional services","production and transport operators, cleaners and labourers","0.8"
"2019-Q4","services","administrative and support services","total","2.9"
"2019-Q4","services","administrative and support services","professional, managers, executive and technicians","3"
"2019-Q4","services","administrative and support services","clerical, sales and services workers","3.7"
"2019-Q4","services","administrative and support services","production and transport operators, cleaners and labourers","2.3"
"2019-Q4","services","community, social and personal services","total","2.9"
"2019-Q4","services","community, social and personal services","professional, managers, executive and technicians","3"
"2019-Q4","services","community, social and personal services","clerical, sales and services workers","3.1"
"2019-Q4","services","community, social and personal services","production and transport operators, cleaners and labourers","1.7"
"2019-Q4","others","others","total","1.7"
"2019-Q4","others","others","professional, managers, executive and technicians","2.4"
"2019-Q4","others","others","clerical, sales and services workers","-"
"2019-Q4","others","others","production and transport operators, cleaners and labourers","0.8"
"2020-Q1","total","total","total","2.1"
"2020-Q1","total","total","professional, managers, executive and technicians","2.5"
"2020-Q1","total","total","clerical, sales and services workers","2"
"2020-Q1","total","total","production and transport operators, cleaners and labourers","1.4"
"2020-Q1","manufacturing","food, beverages and tobacco","total","1.6"
"2020-Q1","manufacturing","food, beverages and tobacco","professional, managers, executive and technicians","-"
"2020-Q1","manufacturing","food, beverages and tobacco","clerical, sales and services workers","0.8"
"2020-Q1","manufacturing","food, beverages and tobacco","production and transport operators, cleaners and labourers","2.3"
"2020-Q1","manufacturing","paper,rubber,plastic products and printing","total","1"
"2020-Q1","manufacturing","paper,rubber,plastic products and printing","professional, managers, executive and technicians","0.8"
"2020-Q1","manufacturing","paper,rubber,plastic products and printing","clerical, sales and services workers","-"
"2020-Q1","manufacturing","paper,rubber,plastic products and printing","production and transport operators, cleaners and labourers","1.3"
"2020-Q1","manufacturing","petroleum, chemical and pharmaceutical products","total","1.9"
"2020-Q1","manufacturing","petroleum, chemical and pharmaceutical products","professional, managers, executive and technicians","2"
"2020-Q1","manufacturing","petroleum, chemical and pharmaceutical products","clerical, sales and services workers","-"
"2020-Q1","manufacturing","petroleum, chemical and pharmaceutical products","production and transport operators, cleaners and labourers","1.6"
"2020-Q1","manufacturing","fabricated metal products, machinery and equipment","total","1.1"
"2020-Q1","manufacturing","fabricated metal products, machinery and equipment","professional, managers, executive and technicians","1.5"
"2020-Q1","manufacturing","fabricated metal products, machinery and equipment","clerical, sales and services workers","-"
"2020-Q1","manufacturing","fabricated metal products, machinery and equipment","production and transport operators, cleaners and labourers","1"
"2020-Q1","manufacturing","electronic, computer and optical products","total","3"
"2020-Q1","manufacturing","electronic, computer and optical products","professional, managers, executive and technicians","2.5"
"2020-Q1","manufacturing","electronic, computer and optical products","clerical, sales and services workers","-"
"2020-Q1","manufacturing","electronic, computer and optical products","production and transport operators, cleaners and labourers","4"
"2020-Q1","manufacturing","transport equipment","total","1.2"
"2020-Q1","manufacturing","transport equipment","professional, managers, executive and technicians","1.7"
"2020-Q1","manufacturing","transport equipment","clerical, sales and services workers","1.4"
"2020-Q1","manufacturing","transport equipment","production and transport operators, cleaners and labourers","0.8"
"2020-Q1","manufacturing","other manufacturing industries","total","2.3"
"2020-Q1","manufacturing","other manufacturing industries","professional, managers, executive and technicians","1.7"
"2020-Q1","manufacturing","other manufacturing industries","clerical, sales and services workers","-"
"2020-Q1","manufacturing","other manufacturing industries","production and transport operators, cleaners and labourers","2.8"
"2020-Q1","construction","construction","total","0.5"
"2020-Q1","construction","construction","professional, managers, executive and technicians","0.8"
"2020-Q1","construction","construction","clerical, sales and services workers","0.7"
"2020-Q1","construction","construction","production and transport operators, cleaners and labourers","0.4"
"2020-Q1","services","wholesale and retail trade","total","2.4"
"2020-Q1","services","wholesale and retail trade","professional, managers, executive and technicians","2"
"2020-Q1","services","wholesale and retail trade","clerical, sales and services workers","2.2"
"2020-Q1","services","wholesale and retail trade","production and transport operators, cleaners and labourers","3.5"
"2020-Q1","services","transportation and storage","total","1"
"2020-Q1","services","transportation and storage","professional, managers, executive and technicians","1.3"
"2020-Q1","services","transportation and storage","clerical, sales and services workers","0.8"
"2020-Q1","services","transportation and storage","production and transport operators, cleaners and labourers","0.9"
"2020-Q1","services","accommodation and food services","total","2"
"2020-Q1","services","accommodation and food services","professional, managers, executive and technicians","2"
"2020-Q1","services","accommodation and food services","clerical, sales and services workers","2"
"2020-Q1","services","accommodation and food services","production and transport operators, cleaners and labourers","2.1"
"2020-Q1","services","information and communications","total","4.8"
"2020-Q1","services","information and communications","professional, managers, executive and technicians","5"
"2020-Q1","services","information and communications","clerical, sales and services workers","3"
"2020-Q1","services","information and communications","production and transport operators, cleaners and labourers","-"
"2020-Q1","services","financial and insurance services","total","2.9"
"2020-Q1","services","financial and insurance services","professional, managers, executive and technicians","3.1"
"2020-Q1","services","financial and insurance services","clerical, sales and services workers","1.7"
"2020-Q1","services","financial and insurance services","production and transport operators, cleaners and labourers","-"
"2020-Q1","services","real estate services","total","2.6"
"2020-Q1","services","real estate services","professional, managers, executive and technicians","2.4"
"2020-Q1","services","real estate services","clerical, sales and services workers","3.1"
"2020-Q1","services","real estate services","production and transport operators, cleaners and labourers","2.6"
"2020-Q1","services","professional services","total","1.9"
"2020-Q1","services","professional services","professional, managers, executive and technicians","2.1"
"2020-Q1","services","professional services","clerical, sales and services workers","1"
"2020-Q1","services","professional services","production and transport operators, cleaners and labourers","1.5"
"2020-Q1","services","administrative and support services","total","2.2"
"2020-Q1","services","administrative and support services","professional, managers, executive and technicians","2.2"
"2020-Q1","services","administrative and support services","clerical, sales and services workers","3.4"
"2020-Q1","services","administrative and support services","production and transport operators, cleaners and labourers","1.5"
"2020-Q1","services","community, social and personal services","total","2.7"
"2020-Q1","services","community, social and personal services","professional, managers, executive and technicians","2.9"
"2020-Q1","services","community, social and personal services","clerical, sales and services workers","2.4"
"2020-Q1","services","community, social and personal services","production and transport operators, cleaners and labourers","1.3"
"2020-Q1","others","others","total","2"
"2020-Q1","others","others","professional, managers, executive and technicians","2.6"
"2020-Q1","others","others","clerical, sales and services workers","-"
"2020-Q1","others","others","production and transport operators, cleaners and labourers","1.3"
"2020-Q2","total","total","total","2.1"
"2020-Q2","total","total","professional, managers, executive and technicians","2.4"
"2020-Q2","total","total","clerical, sales and services workers","2"
"2020-Q2","total","total","production and transport operators, cleaners and labourers","1.4"
"2020-Q2","manufacturing","food, beverages and tobacco","total","1.6"
"2020-Q2","manufacturing","food, beverages and tobacco","professional, managers, executive and technicians","2.4"
"2020-Q2","manufacturing","food, beverages and tobacco","clerical, sales and services workers","1.4"
"2020-Q2","manufacturing","food, beverages and tobacco","production and transport operators, cleaners and labourers","1.4"
"2020-Q2","manufacturing","paper,rubber,plastic products and printing","total","1"
"2020-Q2","manufacturing","paper,rubber,plastic products and printing","professional, managers, executive and technicians","1"
"2020-Q2","manufacturing","paper,rubber,plastic products and printing","clerical, sales and services workers","-"
"2020-Q2","manufacturing","paper,rubber,plastic products and printing","production and transport operators, cleaners and labourers","1.1"
"2020-Q2","manufacturing","petroleum, chemical and pharmaceutical products","total","1.6"
"2020-Q2","manufacturing","petroleum, chemical and pharmaceutical products","professional, managers, executive and technicians","1.7"
"2020-Q2","manufacturing","petroleum, chemical and pharmaceutical products","clerical, sales and services workers","-"
"2020-Q2","manufacturing","petroleum, chemical and pharmaceutical products","production and transport operators, cleaners and labourers","1.6"
"2020-Q2","manufacturing","fabricated metal products, machinery and equipment","total","0.9"
"2020-Q2","manufacturing","fabricated metal products, machinery and equipment","professional, managers, executive and technicians","1"
"2020-Q2","manufacturing","fabricated metal products, machinery and equipment","clerical, sales and services workers","0.9"
"2020-Q2","manufacturing","fabricated metal products, machinery and equipment","production and transport operators, cleaners and labourers","0.7"
"2020-Q2","manufacturing","electronic, computer and optical products","total","2.3"
"2020-Q2","manufacturing","electronic, computer and optical products","professional, managers, executive and technicians","2.6"
"2020-Q2","manufacturing","electronic, computer and optical products","clerical, sales and services workers","-"
"2020-Q2","manufacturing","electronic, computer and optical products","production and transport operators, cleaners and labourers","2"
"2020-Q2","manufacturing","transport equipment","total","0.3"
"2020-Q2","manufacturing","transport equipment","professional, managers, executive and technicians","0.4"
"2020-Q2","manufacturing","transport equipment","clerical, sales and services workers","-"
"2020-Q2","manufacturing","transport equipment","production and transport operators, cleaners and labourers","0.3"
"2020-Q2","manufacturing","other manufacturing industries","total","1.9"
"2020-Q2","manufacturing","other manufacturing industries","professional, managers, executive and technicians","1.7"
"2020-Q2","manufacturing","other manufacturing industries","clerical, sales and services workers","2"
"2020-Q2","manufacturing","other manufacturing industries","production and transport operators, cleaners and labourers","2"
"2020-Q2","construction","construction","total","0.4"
"2020-Q2","construction","construction","professional, managers, executive and technicians","0.8"
"2020-Q2","construction","construction","clerical, sales and services workers","0.4"
"2020-Q2","construction","construction","production and transport operators, cleaners and labourers","0.2"
"2020-Q2","services","wholesale and retail trade","total","2.2"
"2020-Q2","services","wholesale and retail trade","professional, managers, executive and technicians","1.5"
"2020-Q2","services","wholesale and retail trade","clerical, sales and services workers","1.5"
"2020-Q2","services","wholesale and retail trade","production and transport operators, cleaners and labourers","4.3"
"2020-Q2","services","transportation and storage","total","0.9"
"2020-Q2","services","transportation and storage","professional, managers, executive and technicians","0.8"
"2020-Q2","services","transportation and storage","clerical, sales and services workers","0.5"
"2020-Q2","services","transportation and storage","production and transport operators, cleaners and labourers","1.1"
"2020-Q2","services","accommodation and food services","total","2.5"
"2020-Q2","services","accommodation and food services","professional, managers, executive and technicians","2"
"2020-Q2","services","accommodation and food services","clerical, sales and services workers","2.8"
"2020-Q2","services","accommodation and food services","production and transport operators, cleaners and labourers","2.2"
"2020-Q2","services","information and communications","total","4.2"
"2020-Q2","services","information and communications","professional, managers, executive and technicians","4.3"
"2020-Q2","services","information and communications","clerical, sales and services workers","2.4"
"2020-Q2","services","information and communications","production and transport operators, cleaners and labourers","-"
"2020-Q2","services","financial and insurance services","total","3"
"2020-Q2","services","financial and insurance services","professional, managers, executive and technicians","3.2"
"2020-Q2","services","financial and insurance services","clerical, sales and services workers","1"
"2020-Q2","services","financial and insurance services","production and transport operators, cleaners and labourers","-"
"2020-Q2","services","real estate services","total","2.1"
"2020-Q2","services","real estate services","professional, managers, executive and technicians","2.2"
"2020-Q2","services","real estate services","clerical, sales and services workers","2.4"
"2020-Q2","services","real estate services","production and transport operators, cleaners and labourers","1.9"
"2020-Q2","services","professional services","total","2"
"2020-Q2","services","professional services","professional, managers, executive and technicians","2.1"
"2020-Q2","services","professional services","clerical, sales and services workers","1.7"
"2020-Q2","services","professional services","production and transport operators, cleaners and labourers","0.9"
"2020-Q2","services","administrative and support services","total","3"
"2020-Q2","services","administrative and support services","professional, managers, executive and technicians","3.1"
"2020-Q2","services","administrative and support services","clerical, sales and services workers","3.9"
"2020-Q2","services","administrative and support services","production and transport operators, cleaners and labourers","2.4"
"2020-Q2","services","community, social and personal services","total","2.8"
"2020-Q2","services","community, social and personal services","professional, managers, executive and technicians","3"
"2020-Q2","services","community, social and personal services","clerical, sales and services workers","2.5"
"2020-Q2","services","community, social and personal services","production and transport operators, cleaners and labourers","1.3"
"2020-Q2","others","others","total","1.7"
"2020-Q2","others","others","professional, managers, executive and technicians","1.9"
"2020-Q2","others","others","clerical, sales and services workers","-"
"2020-Q2","others","others","production and transport operators, cleaners and labourers","1.8"
"2020-Q3","total","total","total","2.6"
"2020-Q3","total","total","professional, managers, executive and technicians","2.8"
"2020-Q3","total","total","clerical, sales and services workers","3"
"2020-Q3","total","total","production and transport operators, cleaners and labourers","2"
"2020-Q3","manufacturing","food, beverages and tobacco","total","3.1"
"2020-Q3","manufacturing","food, beverages and tobacco","professional, managers, executive and technicians","2.5"
"2020-Q3","manufacturing","food, beverages and tobacco","clerical, sales and services workers","3.5"
"2020-Q3","manufacturing","food, beverages and tobacco","production and transport operators, cleaners and labourers","3.2"
"2020-Q3","manufacturing","paper,rubber,plastic products and printing","total","2.6"
"2020-Q3","manufacturing","paper,rubber,plastic products and printing","professional, managers, executive and technicians","1.5"
"2020-Q3","manufacturing","paper,rubber,plastic products and printing","clerical, sales and services workers","-"
"2020-Q3","manufacturing","paper,rubber,plastic products and printing","production and transport operators, cleaners and labourers","3.6"
"2020-Q3","manufacturing","petroleum, chemical and pharmaceutical products","total","1.2"
"2020-Q3","manufacturing","petroleum, chemical and pharmaceutical products","professional, managers, executive and technicians","1.1"
"2020-Q3","manufacturing","petroleum, chemical and pharmaceutical products","clerical, sales and services workers","-"
"2020-Q3","manufacturing","petroleum, chemical and pharmaceutical products","production and transport operators, cleaners and labourers","1.7"
"2020-Q3","manufacturing","fabricated metal products, machinery and equipment","total","1.5"
"2020-Q3","manufacturing","fabricated metal products, machinery and equipment","professional, managers, executive and technicians","1.4"
"2020-Q3","manufacturing","fabricated metal products, machinery and equipment","clerical, sales and services workers","1.5"
"2020-Q3","manufacturing","fabricated metal products, machinery and equipment","production and transport operators, cleaners and labourers","1.6"
"2020-Q3","manufacturing","electronic, computer and optical products","total","1.6"
"2020-Q3","manufacturing","electronic, computer and optical products","professional, managers, executive and technicians","1.6"
"2020-Q3","manufacturing","electronic, computer and optical products","clerical, sales and services workers","-"
"2020-Q3","manufacturing","electronic, computer and optical products","production and transport operators, cleaners and labourers","1.6"
"2020-Q3","manufacturing","transport equipment","total","0.6"
"2020-Q3","manufacturing","transport equipment","professional, managers, executive and technicians","0.5"
"2020-Q3","manufacturing","transport equipment","clerical, sales and services workers","-"
"2020-Q3","manufacturing","transport equipment","production and transport operators, cleaners and labourers","0.6"
"2020-Q3","manufacturing","other manufacturing industries","total","2.4"
"2020-Q3","manufacturing","other manufacturing industries","professional, managers, executive and technicians","3.1"
"2020-Q3","manufacturing","other manufacturing industries","clerical, sales and services workers","-"
"2020-Q3","manufacturing","other manufacturing industries","production and transport operators, cleaners and labourers","1.9"
"2020-Q3","construction","construction","total","1.3"
"2020-Q3","construction","construction","professional, managers, executive and technicians","1.6"
"2020-Q3","construction","construction","clerical, sales and services workers","1"
"2020-Q3","construction","construction","production and transport operators, cleaners and labourers","1.3"
"2020-Q3","services","wholesale and retail trade","total","2.3"
"2020-Q3","services","wholesale and retail trade","professional, managers, executive and technicians","1.9"
"2020-Q3","services","wholesale and retail trade","clerical, sales and services workers","2.7"
"2020-Q3","services","wholesale and retail trade","production and transport operators, cleaners and labourers","3"
"2020-Q3","services","transportation and storage","total","1.3"
"2020-Q3","services","transportation and storage","professional, managers, executive and technicians","0.9"
"2020-Q3","services","transportation and storage","clerical, sales and services workers","0.8"
"2020-Q3","services","transportation and storage","production and transport operators, cleaners and labourers","1.9"
"2020-Q3","services","accommodation and food services","total","3.7"
"2020-Q3","services","accommodation and food services","professional, managers, executive and technicians","2.8"
"2020-Q3","services","accommodation and food services","clerical, sales and services workers","3.9"
"2020-Q3","services","accommodation and food services","production and transport operators, cleaners and labourers","4.3"
"2020-Q3","services","information and communications","total","5.3"
"2020-Q3","services","information and communications","professional, managers, executive and technicians","5.6"
"2020-Q3","services","information and communications","clerical, sales and services workers","3.2"
"2020-Q3","services","information and communications","production and transport operators, cleaners and labourers","-"
"2020-Q3","services","financial and insurance services","total","3.1"
"2020-Q3","services","financial and insurance services","professional, managers, executive and technicians","3.2"
"2020-Q3","services","financial and insurance services","clerical, sales and services workers","1.8"
"2020-Q3","services","financial and insurance services","production and transport operators, cleaners and labourers","-"
"2020-Q3","services","real estate services","total","2.7"
"2020-Q3","services","real estate services","professional, managers, executive and technicians","3"
"2020-Q3","services","real estate services","clerical, sales and services workers","2.9"
"2020-Q3","services","real estate services","production and transport operators, cleaners and labourers","1.5"
"2020-Q3","services","professional services","total","2.7"
"2020-Q3","services","professional services","professional, managers, executive and technicians","2.9"
"2020-Q3","services","professional services","clerical, sales and services workers","2.4"
"2020-Q3","services","professional services","production and transport operators, cleaners and labourers","1.5"
"2020-Q3","services","administrative and support services","total","3.1"
"2020-Q3","services","administrative and support services","professional, managers, executive and technicians","1.5"
"2020-Q3","services","administrative and support services","clerical, sales and services workers","4.4"
"2020-Q3","services","administrative and support services","production and transport operators, cleaners and labourers","2.7"
"2020-Q3","services","community, social and personal services","total","3.5"
"2020-Q3","services","community, social and personal services","professional, managers, executive and technicians","3.4"
"2020-Q3","services","community, social and personal services","clerical, sales and services workers","4"
"2020-Q3","services","community, social and personal services","production and transport operators, cleaners and labourers","2.5"
"2020-Q3","others","others","total","1.9"
"2020-Q3","others","others","professional, managers, executive and technicians","2"
"2020-Q3","others","others","clerical, sales and services workers","-"
"2020-Q3","others","others","production and transport operators, cleaners and labourers","1.6"
"2020-Q4","total","total","total","2.6"
"2020-Q4","total","total","professional, managers, executive and technicians","2.7"
"2020-Q4","total","total","clerical, sales and services workers","2.8"
"2020-Q4","total","total","production and transport operators, cleaners and labourers","2.3"
"2020-Q4","manufacturing","food, beverages and tobacco","total","3.3"
"2020-Q4","manufacturing","food, beverages and tobacco","professional, managers, executive and technicians","2.7"
"2020-Q4","manufacturing","food, beverages and tobacco","clerical, sales and services workers","3"
"2020-Q4","manufacturing","food, beverages and tobacco","production and transport operators, cleaners and labourers","3.8"
"2020-Q4","manufacturing","paper,rubber,plastic products and printing","total","2.7"
"2020-Q4","manufacturing","paper,rubber,plastic products and printing","professional, managers, executive and technicians","2.5"
"2020-Q4","manufacturing","paper,rubber,plastic products and printing","clerical, sales and services workers","-"
"2020-Q4","manufacturing","paper,rubber,plastic products and printing","production and transport operators, cleaners and labourers","3.2"
"2020-Q4","manufacturing","petroleum, chemical and pharmaceutical products","total","1.5"
"2020-Q4","manufacturing","petroleum, chemical and pharmaceutical products","professional, managers, executive and technicians","1.5"
"2020-Q4","manufacturing","petroleum, chemical and pharmaceutical products","clerical, sales and services workers","-"
"2020-Q4","manufacturing","petroleum, chemical and pharmaceutical products","production and transport operators, cleaners and labourers","1.8"
"2020-Q4","manufacturing","fabricated metal products, machinery and equipment","total","1.5"
"2020-Q4","manufacturing","fabricated metal products, machinery and equipment","professional, managers, executive and technicians","1.7"
"2020-Q4","manufacturing","fabricated metal products, machinery and equipment","clerical, sales and services workers","1.4"
"2020-Q4","manufacturing","fabricated metal products, machinery and equipment","production and transport operators, cleaners and labourers","1.4"
"2020-Q4","manufacturing","electronic, computer and optical products","total","1.9"
"2020-Q4","manufacturing","electronic, computer and optical products","professional, managers, executive and technicians","1.5"
"2020-Q4","manufacturing","electronic, computer and optical products","clerical, sales and services workers","-"
"2020-Q4","manufacturing","electronic, computer and optical products","production and transport operators, cleaners and labourers","2.6"
"2020-Q4","manufacturing","transport equipment","total","0.8"
"2020-Q4","manufacturing","transport equipment","professional, managers, executive and technicians","0.7"
"2020-Q4","manufacturing","transport equipment","clerical, sales and services workers","-"
"2020-Q4","manufacturing","transport equipment","production and transport operators, cleaners and labourers","0.9"
"2020-Q4","manufacturing","other manufacturing industries","total","2.9"
"2020-Q4","manufacturing","other manufacturing industries","professional, managers, executive and technicians","2.9"
"2020-Q4","manufacturing","other manufacturing industries","clerical, sales and services workers","2.4"
"2020-Q4","manufacturing","other manufacturing industries","production and transport operators, cleaners and labourers","2.9"
"2020-Q4","construction","construction","total","1.9"
"2020-Q4","construction","construction","professional, managers, executive and technicians","1.8"
"2020-Q4","construction","construction","clerical, sales and services workers","1.3"
"2020-Q4","construction","construction","production and transport operators, cleaners and labourers","2.1"
"2020-Q4","services","wholesale and retail trade","total","2.3"
"2020-Q4","services","wholesale and retail trade","professional, managers, executive and technicians","1.9"
"2020-Q4","services","wholesale and retail trade","clerical, sales and services workers","2.8"
"2020-Q4","services","wholesale and retail trade","production and transport operators, cleaners and labourers","2.6"
"2020-Q4","services","transportation and storage","total","1.5"
"2020-Q4","services","transportation and storage","professional, managers, executive and technicians","1"
"2020-Q4","services","transportation and storage","clerical, sales and services workers","0.9"
"2020-Q4","services","transportation and storage","production and transport operators, cleaners and labourers","2.3"
"2020-Q4","services","accommodation and food services","total","3.4"
"2020-Q4","services","accommodation and food services","professional, managers, executive and technicians","3.3"
"2020-Q4","services","accommodation and food services","clerical, sales and services workers","3.4"
"2020-Q4","services","accommodation and food services","production and transport operators, cleaners and labourers","3.7"
"2020-Q4","services","information and communications","total","5.3"
"2020-Q4","services","information and communications","professional, managers, executive and technicians","5.6"
"2020-Q4","services","information and communications","clerical, sales and services workers","2.2"
"2020-Q4","services","information and communications","production and transport operators, cleaners and labourers","7.6"
"2020-Q4","services","financial and insurance services","total","2.5"
"2020-Q4","services","financial and insurance services","professional, managers, executive and technicians","2.6"
"2020-Q4","services","financial and insurance services","clerical, sales and services workers","2"
"2020-Q4","services","financial and insurance services","production and transport operators, cleaners and labourers","-"
"2020-Q4","services","real estate services","total","2.4"
"2020-Q4","services","real estate services","professional, managers, executive and technicians","2.6"
"2020-Q4","services","real estate services","clerical, sales and services workers","2.9"
"2020-Q4","services","real estate services","production and transport operators, cleaners and labourers","1.5"
"2020-Q4","services","professional services","total","2.4"
"2020-Q4","services","professional services","professional, managers, executive and technicians","2.6"
"2020-Q4","services","professional services","clerical, sales and services workers","2.3"
"2020-Q4","services","professional services","production and transport operators, cleaners and labourers","1.5"
"2020-Q4","services","administrative and support services","total","2.5"
"2020-Q4","services","administrative and support services","professional, managers, executive and technicians","1.2"
"2020-Q4","services","administrative and support services","clerical, sales and services workers","3.1"
"2020-Q4","services","administrative and support services","production and transport operators, cleaners and labourers","2.6"
"2020-Q4","services","community, social and personal services","total","3.6"
"2020-Q4","services","community, social and personal services","professional, managers, executive and technicians","3.6"
"2020-Q4","services","community, social and personal services","clerical, sales and services workers","4"
"2020-Q4","services","community, social and personal services","production and transport operators, cleaners and labourers","3"
"2020-Q4","others","others","total","0.9"
"2020-Q4","others","others","professional, managers, executive and technicians","1.3"
"2020-Q4","others","others","clerical, sales and services workers","-"
"2020-Q4","others","others","production and transport operators, cleaners and labourers","-"
"2021-Q1","total","total","total","3.3"
"2021-Q1","total","total","professional, managers, executive and technicians","3.5"
"2021-Q1","total","total","clerical, sales and services workers","3.4"
"2021-Q1","total","total","production and transport operators, cleaners and labourers","2.9"
"2021-Q1","manufacturing","food, beverages and tobacco","total","2.5"
"2021-Q1","manufacturing","food, beverages and tobacco","professional, managers, executive and technicians","1.9"
"2021-Q1","manufacturing","food, beverages and tobacco","clerical, sales and services workers","2.4"
"2021-Q1","manufacturing","food, beverages and tobacco","production and transport operators, cleaners and labourers","3"
"2021-Q1","manufacturing","paper,rubber,plastic products and printing","total","4.3"
"2021-Q1","manufacturing","paper,rubber,plastic products and printing","professional, managers, executive and technicians","3.5"
"2021-Q1","manufacturing","paper,rubber,plastic products and printing","clerical, sales and services workers","3.2"
"2021-Q1","manufacturing","paper,rubber,plastic products and printing","production and transport operators, cleaners and labourers","5.1"
"2021-Q1","manufacturing","petroleum, chemical and pharmaceutical products","total","1.7"
"2021-Q1","manufacturing","petroleum, chemical and pharmaceutical products","professional, managers, executive and technicians","1.5"
"2021-Q1","manufacturing","petroleum, chemical and pharmaceutical products","clerical, sales and services workers","-"
"2021-Q1","manufacturing","petroleum, chemical and pharmaceutical products","production and transport operators, cleaners and labourers","2.4"
"2021-Q1","manufacturing","fabricated metal products, machinery and equipment","total","3.2"
"2021-Q1","manufacturing","fabricated metal products, machinery and equipment","professional, managers, executive and technicians","2.8"
"2021-Q1","manufacturing","fabricated metal products, machinery and equipment","clerical, sales and services workers","2.7"
"2021-Q1","manufacturing","fabricated metal products, machinery and equipment","production and transport operators, cleaners and labourers","3.6"
"2021-Q1","manufacturing","electronic, computer and optical products","total","2.7"
"2021-Q1","manufacturing","electronic, computer and optical products","professional, managers, executive and technicians","2.4"
"2021-Q1","manufacturing","electronic, computer and optical products","clerical, sales and services workers","-"
"2021-Q1","manufacturing","electronic, computer and optical products","production and transport operators, cleaners and labourers","3.2"
"2021-Q1","manufacturing","transport equipment","total","2.2"
"2021-Q1","manufacturing","transport equipment","professional, managers, executive and technicians","2.7"
"2021-Q1","manufacturing","transport equipment","clerical, sales and services workers","-"
"2021-Q1","manufacturing","transport equipment","production and transport operators, cleaners and labourers","2.1"
"2021-Q1","manufacturing","other manufacturing industries","total","3.8"
"2021-Q1","manufacturing","other manufacturing industries","professional, managers, executive and technicians","2.9"
"2021-Q1","manufacturing","other manufacturing industries","clerical, sales and services workers","3.1"
"2021-Q1","manufacturing","other manufacturing industries","production and transport operators, cleaners and labourers","4.6"
"2021-Q1","construction","construction","total","2.6"
"2021-Q1","construction","construction","professional, managers, executive and technicians","2.5"
"2021-Q1","construction","construction","clerical, sales and services workers","3.5"
"2021-Q1","construction","construction","production and transport operators, cleaners and labourers","2.5"
"2021-Q1","services","wholesale and retail trade","total","2.9"
"2021-Q1","services","wholesale and retail trade","professional, managers, executive and technicians","2.7"
"2021-Q1","services","wholesale and retail trade","clerical, sales and services workers","3"
"2021-Q1","services","wholesale and retail trade","production and transport operators, cleaners and labourers","3.4"
"2021-Q1","services","transportation and storage","total","2.4"
"2021-Q1","services","transportation and storage","professional, managers, executive and technicians","1.5"
"2021-Q1","services","transportation and storage","clerical, sales and services workers","1.4"
"2021-Q1","services","transportation and storage","production and transport operators, cleaners and labourers","3.7"
"2021-Q1","services","accommodation and food services","total","4.4"
"2021-Q1","services","accommodation and food services","professional, managers, executive and technicians","4"
"2021-Q1","services","accommodation and food services","clerical, sales and services workers","4.5"
"2021-Q1","services","accommodation and food services","production and transport operators, cleaners and labourers","4.7"
"2021-Q1","services","information and communications","total","6.6"
"2021-Q1","services","information and communications","professional, managers, executive and technicians","6.8"
"2021-Q1","services","information and communications","clerical, sales and services workers","3.9"
"2021-Q1","services","information and communications","production and transport operators, cleaners and labourers","5.7"
"2021-Q1","services","financial and insurance services","total","3.7"
"2021-Q1","services","financial and insurance services","professional, managers, executive and technicians","3.8"
"2021-Q1","services","financial and insurance services","clerical, sales and services workers","2.2"
"2021-Q1","services","financial and insurance services","production and transport operators, cleaners and labourers","-"
"2021-Q1","services","real estate services","total","2.6"
"2021-Q1","services","real estate services","professional, managers, executive and technicians","2.9"
"2021-Q1","services","real estate services","clerical, sales and services workers","2.5"
"2021-Q1","services","real estate services","production and transport operators, cleaners and labourers","2.2"
"2021-Q1","services","professional services","total","3.3"
"2021-Q1","services","professional services","professional, managers, executive and technicians","3.3"
"2021-Q1","services","professional services","clerical, sales and services workers","3.6"
"2021-Q1","services","professional services","production and transport operators, cleaners and labourers","2.8"
"2021-Q1","services","administrative and support services","total","2.5"
"2021-Q1","services","administrative and support services","professional, managers, executive and technicians","2.2"
"2021-Q1","services","administrative and support services","clerical, sales and services workers","3.8"
"2021-Q1","services","administrative and support services","production and transport operators, cleaners and labourers","1.9"
"2021-Q1","services","community, social and personal services","total","3.9"
"2021-Q1","services","community, social and personal services","professional, managers, executive and technicians","3.9"
"2021-Q1","services","community, social and personal services","clerical, sales and services workers","4.3"
"2021-Q1","services","community, social and personal services","production and transport operators, cleaners and labourers","3.3"
"2021-Q1","others","others","total","2.2"
"2021-Q1","others","others","professional, managers, executive and technicians","2.6"
"2021-Q1","others","others","clerical, sales and services workers","-"
"2021-Q1","others","others","production and transport operators, cleaners and labourers","1.8"
"2021-Q2","total","total","total","4.9"
"2021-Q2","total","total","professional, managers, executive and technicians","4.7"
"2021-Q2","total","total","clerical, sales and services workers","4.4"
"2021-Q2","total","total","production and transport operators, cleaners and labourers","5.4"
"2021-Q2","manufacturing","food, beverages and tobacco","total","4.8"
"2021-Q2","manufacturing","food, beverages and tobacco","professional, managers, executive and technicians","3.7"
"2021-Q2","manufacturing","food, beverages and tobacco","clerical, sales and services workers","4.9"
"2021-Q2","manufacturing","food, beverages and tobacco","production and transport operators, cleaners and labourers","5.4"
"2021-Q2","manufacturing","paper,rubber,plastic products and printing","total","7.6"
"2021-Q2","manufacturing","paper,rubber,plastic products and printing","professional, managers, executive and technicians","4.4"
"2021-Q2","manufacturing","paper,rubber,plastic products and printing","clerical, sales and services workers","4.3"
"2021-Q2","manufacturing","paper,rubber,plastic products and printing","production and transport operators, cleaners and labourers","10.4"
"2021-Q2","manufacturing","petroleum, chemical and pharmaceutical products","total","3.3"
"2021-Q2","manufacturing","petroleum, chemical and pharmaceutical products","professional, managers, executive and technicians","2.7"
"2021-Q2","manufacturing","petroleum, chemical and pharmaceutical products","clerical, sales and services workers","3.6"
"2021-Q2","manufacturing","petroleum, chemical and pharmaceutical products","production and transport operators, cleaners and labourers","5.9"
"2021-Q2","manufacturing","fabricated metal products, machinery and equipment","total","5.7"
"2021-Q2","manufacturing","fabricated metal products, machinery and equipment","professional, managers, executive and technicians","3.7"
"2021-Q2","manufacturing","fabricated metal products, machinery and equipment","clerical, sales and services workers","3.8"
"2021-Q2","manufacturing","fabricated metal products, machinery and equipment","production and transport operators, cleaners and labourers","7.7"
"2021-Q2","manufacturing","electronic, computer and optical products","total","5.5"
"2021-Q2","manufacturing","electronic, computer and optical products","professional, managers, executive and technicians","5.1"
"2021-Q2","manufacturing","electronic, computer and optical products","clerical, sales and services workers","-"
"2021-Q2","manufacturing","electronic, computer and optical products","production and transport operators, cleaners and labourers","6.5"
"2021-Q2","manufacturing","transport equipment","total","4.4"
"2021-Q2","manufacturing","transport equipment","professional, managers, executive and technicians","2.7"
"2021-Q2","manufacturing","transport equipment","clerical, sales and services workers","2.5"
"2021-Q2","manufacturing","transport equipment","production and transport operators, cleaners and labourers","5.8"
"2021-Q2","manufacturing","other manufacturing industries","total","4.5"
"2021-Q2","manufacturing","other manufacturing industries","professional, managers, executive and technicians","4.1"
"2021-Q2","manufacturing","other manufacturing industries","clerical, sales and services workers","4.4"
"2021-Q2","manufacturing","other manufacturing industries","production and transport operators, cleaners and labourers","4.8"
"2021-Q2","construction","construction","total","4.7"
"2021-Q2","construction","construction","professional, managers, executive and technicians","3.6"
"2021-Q2","construction","construction","clerical, sales and services workers","3.4"
"2021-Q2","construction","construction","production and transport operators, cleaners and labourers","5.3"
"2021-Q2","services","wholesale and retail trade","total","4.2"
"2021-Q2","services","wholesale and retail trade","professional, managers, executive and technicians","3.5"
"2021-Q2","services","wholesale and retail trade","clerical, sales and services workers","5"
"2021-Q2","services","wholesale and retail trade","production and transport operators, cleaners and labourers","4.8"
"2021-Q2","services","transportation and storage","total","3.5"
"2021-Q2","services","transportation and storage","professional, managers, executive and technicians","2.5"
"2021-Q2","services","transportation and storage","clerical, sales and services workers","2.2"
"2021-Q2","services","transportation and storage","production and transport operators, cleaners and labourers","4.9"
"2021-Q2","services","accommodation and food services","total","5.1"
"2021-Q2","services","accommodation and food services","professional, managers, executive and technicians","4.3"
"2021-Q2","services","accommodation and food services","clerical, sales and services workers","5.3"
"2021-Q2","services","accommodation and food services","production and transport operators, cleaners and labourers","5.5"
"2021-Q2","services","information and communications","total","9.4"
"2021-Q2","services","information and communications","professional, managers, executive and technicians","9.6"
"2021-Q2","services","information and communications","clerical, sales and services workers","7"
"2021-Q2","services","information and communications","production and transport operators, cleaners and labourers","9.5"
"2021-Q2","services","financial and insurance services","total","4.9"
"2021-Q2","services","financial and insurance services","professional, managers, executive and technicians","5"
"2021-Q2","services","financial and insurance services","clerical, sales and services workers","2.3"
"2021-Q2","services","financial and insurance services","production and transport operators, cleaners and labourers","6.4"
"2021-Q2","services","real estate services","total","3.6"
"2021-Q2","services","real estate services","professional, managers, executive and technicians","3.9"
"2021-Q2","services","real estate services","clerical, sales and services workers","3.1"
"2021-Q2","services","real estate services","production and transport operators, cleaners and labourers","3.3"
"2021-Q2","services","professional services","total","5.2"
"2021-Q2","services","professional services","professional, managers, executive and technicians","5.4"
"2021-Q2","services","professional services","clerical, sales and services workers","3.8"
"2021-Q2","services","professional services","production and transport operators, cleaners and labourers","5"
"2021-Q2","services","administrative and support services","total","4.6"
"2021-Q2","services","administrative and support services","professional, managers, executive and technicians","4.2"
"2021-Q2","services","administrative and support services","clerical, sales and services workers","5"
"2021-Q2","services","administrative and support services","production and transport operators, cleaners and labourers","4.6"
"2021-Q2","services","community, social and personal services","total","4.6"
"2021-Q2","services","community, social and personal services","professional, managers, executive and technicians","4.6"
"2021-Q2","services","community, social and personal services","clerical, sales and services workers","4.7"
"2021-Q2","services","community, social and personal services","production and transport operators, cleaners and labourers","5.2"
"2021-Q2","others","others","total","3.8"
"2021-Q2","others","others","professional, managers, executive and technicians","3.3"
"2021-Q2","others","others","clerical, sales and services workers","-"
"2021-Q2","others","others","production and transport operators, cleaners and labourers","5.5"
"2021-Q3","total","total","total","5.5"
"2021-Q3","total","total","professional, managers, executive and technicians","5.4"
"2021-Q3","total","total","clerical, sales and services workers","5.6"
"2021-Q3","total","total","production and transport operators, cleaners and labourers","5.6"
"2021-Q3","manufacturing","food, beverages and tobacco","total","4.6"
"2021-Q3","manufacturing","food, beverages and tobacco","professional, managers, executive and technicians","3.5"
"2021-Q3","manufacturing","food, beverages and tobacco","clerical, sales and services workers","3.7"
"2021-Q3","manufacturing","food, beverages and tobacco","production and transport operators, cleaners and labourers","5.9"
"2021-Q3","manufacturing","paper,rubber,plastic products and printing","total","5.8"
"2021-Q3","manufacturing","paper,rubber,plastic products and printing","professional, managers, executive and technicians","3.3"
"2021-Q3","manufacturing","paper,rubber,plastic products and printing","clerical, sales and services workers","3.5"
"2021-Q3","manufacturing","paper,rubber,plastic products and printing","production and transport operators, cleaners and labourers","8.2"
"2021-Q3","manufacturing","petroleum, chemical and pharmaceutical products","total","2.9"
"2021-Q3","manufacturing","petroleum, chemical and pharmaceutical products","professional, managers, executive and technicians","2.6"
"2021-Q3","manufacturing","petroleum, chemical and pharmaceutical products","clerical, sales and services workers","-"
"2021-Q3","manufacturing","petroleum, chemical and pharmaceutical products","production and transport operators, cleaners and labourers","4.3"
"2021-Q3","manufacturing","fabricated metal products, machinery and equipment","total","4.8"
"2021-Q3","manufacturing","fabricated metal products, machinery and equipment","professional, managers, executive and technicians","4.5"
"2021-Q3","manufacturing","fabricated metal products, machinery and equipment","clerical, sales and services workers","4.8"
"2021-Q3","manufacturing","fabricated metal products, machinery and equipment","production and transport operators, cleaners and labourers","5.1"
"2021-Q3","manufacturing","electronic, computer and optical products","total","5.3"
"2021-Q3","manufacturing","electronic, computer and optical products","professional, managers, executive and technicians","5.2"
"2021-Q3","manufacturing","electronic, computer and optical products","clerical, sales and services workers","4.4"
"2021-Q3","manufacturing","electronic, computer and optical products","production and transport operators, cleaners and labourers","5.8"
"2021-Q3","manufacturing","transport equipment","total","3.5"
"2021-Q3","manufacturing","transport equipment","professional, managers, executive and technicians","3.4"
"2021-Q3","manufacturing","transport equipment","clerical, sales and services workers","1.8"
"2021-Q3","manufacturing","transport equipment","production and transport operators, cleaners and labourers","3.7"
"2021-Q3","manufacturing","other manufacturing industries","total","5.5"
"2021-Q3","manufacturing","other manufacturing industries","professional, managers, executive and technicians","4.8"
"2021-Q3","manufacturing","other manufacturing industries","clerical, sales and services workers","5.5"
"2021-Q3","manufacturing","other manufacturing industries","production and transport operators, cleaners and labourers","6"
"2021-Q3","construction","construction","total","5"
"2021-Q3","construction","construction","professional, managers, executive and technicians","4.2"
"2021-Q3","construction","construction","clerical, sales and services workers","4.5"
"2021-Q3","construction","construction","production and transport operators, cleaners and labourers","5.4"
"2021-Q3","services","wholesale and retail trade","total","5"
"2021-Q3","services","wholesale and retail trade","professional, managers, executive and technicians","4.3"
"2021-Q3","services","wholesale and retail trade","clerical, sales and services workers","6.1"
"2021-Q3","services","wholesale and retail trade","production and transport operators, cleaners and labourers","5.5"
"2021-Q3","services","transportation and storage","total","4.7"
"2021-Q3","services","transportation and storage","professional, managers, executive and technicians","3.7"
"2021-Q3","services","transportation and storage","clerical, sales and services workers","2.9"
"2021-Q3","services","transportation and storage","production and transport operators, cleaners and labourers","6.3"
"2021-Q3","services","accommodation and food services","total","6.7"
"2021-Q3","services","accommodation and food services","professional, managers, executive and technicians","5.4"
"2021-Q3","services","accommodation and food services","clerical, sales and services workers","6.9"
"2021-Q3","services","accommodation and food services","production and transport operators, cleaners and labourers","7.2"
"2021-Q3","services","information and communications","total","9.9"
"2021-Q3","services","information and communications","professional, managers, executive and technicians","10.4"
"2021-Q3","services","information and communications","clerical, sales and services workers","4.4"
"2021-Q3","services","information and communications","production and transport operators, cleaners and labourers","6.5"
"2021-Q3","services","financial and insurance services","total","5.3"
"2021-Q3","services","financial and insurance services","professional, managers, executive and technicians","5.4"
"2021-Q3","services","financial and insurance services","clerical, sales and services workers","3.6"
"2021-Q3","services","financial and insurance services","production and transport operators, cleaners and labourers","5.4"
"2021-Q3","services","real estate services","total","5.1"
"2021-Q3","services","real estate services","professional, managers, executive and technicians","4.9"
"2021-Q3","services","real estate services","clerical, sales and services workers","4.8"
"2021-Q3","services","real estate services","production and transport operators, cleaners and labourers","5.8"
"2021-Q3","services","professional services","total","6"
"2021-Q3","services","professional services","professional, managers, executive and technicians","6.5"
"2021-Q3","services","professional services","clerical, sales and services workers","3.5"
"2021-Q3","services","professional services","production and transport operators, cleaners and labourers","4.9"
"2021-Q3","services","administrative and support services","total","5.9"
"2021-Q3","services","administrative and support services","professional, managers, executive and technicians","7.1"
"2021-Q3","services","administrative and support services","clerical, sales and services workers","6"
"2021-Q3","services","administrative and support services","production and transport operators, cleaners and labourers","5.5"
"2021-Q3","services","community, social and personal services","total","5.3"
"2021-Q3","services","community, social and personal services","professional, managers, executive and technicians","5"
"2021-Q3","services","community, social and personal services","clerical, sales and services workers","6.7"
"2021-Q3","services","community, social and personal services","production and transport operators, cleaners and labourers","5.3"
"2021-Q3","others","others","total","4.3"
"2021-Q3","others","others","professional, managers, executive and technicians","4.1"
"2021-Q3","others","others","clerical, sales and services workers","4.3"
"2021-Q3","others","others","production and transport operators, cleaners and labourers","4.5"
"2021-Q4","total","total","total","5.2"
"2021-Q4","total","total","professional, managers, executive and technicians","5.3"
"2021-Q4","total","total","clerical, sales and services workers","5.2"
"2021-Q4","total","total","production and transport operators, cleaners and labourers","5"
"2021-Q4","manufacturing","food, beverages and tobacco","total","4.6"
"2021-Q4","manufacturing","food, beverages and tobacco","professional, managers, executive and technicians","3.5"
"2021-Q4","manufacturing","food, beverages and tobacco","clerical, sales and services workers","5"
"2021-Q4","manufacturing","food, beverages and tobacco","production and transport operators, cleaners and labourers","5"
"2021-Q4","manufacturing","paper,rubber,plastic products and printing","total","7.3"
"2021-Q4","manufacturing","paper,rubber,plastic products and printing","professional, managers, executive and technicians","4.4"
"2021-Q4","manufacturing","paper,rubber,plastic products and printing","clerical, sales and services workers","9.6"
"2021-Q4","manufacturing","paper,rubber,plastic products and printing","production and transport operators, cleaners and labourers","8.3"
"2021-Q4","manufacturing","petroleum, chemical and pharmaceutical products","total","3.4"
"2021-Q4","manufacturing","petroleum, chemical and pharmaceutical products","professional, managers, executive and technicians","2.7"
"2021-Q4","manufacturing","petroleum, chemical and pharmaceutical products","clerical, sales and services workers","-"
"2021-Q4","manufacturing","petroleum, chemical and pharmaceutical products","production and transport operators, cleaners and labourers","7.2"
"2021-Q4","manufacturing","fabricated metal products, machinery and equipment","total","3.8"
"2021-Q4","manufacturing","fabricated metal products, machinery and equipment","professional, managers, executive and technicians","3.7"
"2021-Q4","manufacturing","fabricated metal products, machinery and equipment","clerical, sales and services workers","3.9"
"2021-Q4","manufacturing","fabricated metal products, machinery and equipment","production and transport operators, cleaners and labourers","3.9"
"2021-Q4","manufacturing","electronic, computer and optical products","total","5.3"
"2021-Q4","manufacturing","electronic, computer and optical products","professional, managers, executive and technicians","4.8"
"2021-Q4","manufacturing","electronic, computer and optical products","clerical, sales and services workers","-"
"2021-Q4","manufacturing","electronic, computer and optical products","production and transport operators, cleaners and labourers","6.4"
"2021-Q4","manufacturing","transport equipment","total","3.4"
"2021-Q4","manufacturing","transport equipment","professional, managers, executive and technicians","3.4"
"2021-Q4","manufacturing","transport equipment","clerical, sales and services workers","1.9"
"2021-Q4","manufacturing","transport equipment","production and transport operators, cleaners and labourers","3.5"
"2021-Q4","manufacturing","other manufacturing industries","total","5"
"2021-Q4","manufacturing","other manufacturing industries","professional, managers, executive and technicians","4.1"
"2021-Q4","manufacturing","other manufacturing industries","clerical, sales and services workers","7.2"
"2021-Q4","manufacturing","other manufacturing industries","production and transport operators, cleaners and labourers","5.3"
"2021-Q4","construction","construction","total","4.7"
"2021-Q4","construction","construction","professional, managers, executive and technicians","3.7"
"2021-Q4","construction","construction","clerical, sales and services workers","4.3"
"2021-Q4","construction","construction","production and transport operators, cleaners and labourers","5.1"
"2021-Q4","services","wholesale and retail trade","total","4.6"
"2021-Q4","services","wholesale and retail trade","professional, managers, executive and technicians","3.5"
"2021-Q4","services","wholesale and retail trade","clerical, sales and services workers","6.4"
"2021-Q4","services","wholesale and retail trade","production and transport operators, cleaners and labourers","4.1"
"2021-Q4","services","transportation and storage","total","4.6"
"2021-Q4","services","transportation and storage","professional, managers, executive and technicians","3.1"
"2021-Q4","services","transportation and storage","clerical, sales and services workers","3.5"
"2021-Q4","services","transportation and storage","production and transport operators, cleaners and labourers","6.2"
"2021-Q4","services","accommodation and food services","total","6.3"
"2021-Q4","services","accommodation and food services","professional, managers, executive and technicians","4.9"
"2021-Q4","services","accommodation and food services","clerical, sales and services workers","6.6"
"2021-Q4","services","accommodation and food services","production and transport operators, cleaners and labourers","7.1"
"2021-Q4","services","information and communications","total","9.9"
"2021-Q4","services","information and communications","professional, managers, executive and technicians","10.5"
"2021-Q4","services","information and communications","clerical, sales and services workers","4.5"
"2021-Q4","services","information and communications","production and transport operators, cleaners and labourers","5.7"
"2021-Q4","services","financial and insurance services","total","6.4"
"2021-Q4","services","financial and insurance services","professional, managers, executive and technicians","6.7"
"2021-Q4","services","financial and insurance services","clerical, sales and services workers","3.7"
"2021-Q4","services","financial and insurance services","production and transport operators, cleaners and labourers","1.9"
"2021-Q4","services","real estate services","total","4.3"
"2021-Q4","services","real estate services","professional, managers, executive and technicians","3.8"
"2021-Q4","services","real estate services","clerical, sales and services workers","4.4"
"2021-Q4","services","real estate services","production and transport operators, cleaners and labourers","5.6"
"2021-Q4","services","professional services","total","5.5"
"2021-Q4","services","professional services","professional, managers, executive and technicians","6"
"2021-Q4","services","professional services","clerical, sales and services workers","3.4"
"2021-Q4","services","professional services","production and transport operators, cleaners and labourers","4.3"
"2021-Q4","services","administrative and support services","total","4.4"
"2021-Q4","services","administrative and support services","professional, managers, executive and technicians","6"
"2021-Q4","services","administrative and support services","clerical, sales and services workers","4.3"
"2021-Q4","services","administrative and support services","production and transport operators, cleaners and labourers","3.9"
"2021-Q4","services","community, social and personal services","total","4.9"
"2021-Q4","services","community, social and personal services","professional, managers, executive and technicians","4.9"
"2021-Q4","services","community, social and personal services","clerical, sales and services workers","5.2"
"2021-Q4","services","community, social and personal services","production and transport operators, cleaners and labourers","4.1"
"2021-Q4","others","others","total","3.2"
"2021-Q4","others","others","professional, managers, executive and technicians","3.5"
"2021-Q4","others","others","clerical, sales and services workers","-"
"2021-Q4","others","others","production and transport operators, cleaners and labourers","3.1"
"2022-Q1","total","total","total","5.5"
"2022-Q1","total","total","professional, managers, executive and technicians","5.8"
"2022-Q1","total","total","clerical, sales and services workers","5.8"
"2022-Q1","total","total","production and transport operators, cleaners and labourers","4.9"
"2022-Q1","manufacturing","food, beverages and tobacco","total","4.9"
"2022-Q1","manufacturing","food, beverages and tobacco","professional, managers, executive and technicians","3.3"
"2022-Q1","manufacturing","food, beverages and tobacco","clerical, sales and services workers","5.5"
"2022-Q1","manufacturing","food, beverages and tobacco","production and transport operators, cleaners and labourers","5.4"
"2022-Q1","manufacturing","paper,rubber,plastic products and printing","total","7.7"
"2022-Q1","manufacturing","paper,rubber,plastic products and printing","professional, managers, executive and technicians","6.3"
"2022-Q1","manufacturing","paper,rubber,plastic products and printing","clerical, sales and services workers","4.9"
"2022-Q1","manufacturing","paper,rubber,plastic products and printing","production and transport operators, cleaners and labourers","8.9"
"2022-Q1","manufacturing","petroleum, chemical and pharmaceutical products","total","3.6"
"2022-Q1","manufacturing","petroleum, chemical and pharmaceutical products","professional, managers, executive and technicians","3.1"
"2022-Q1","manufacturing","petroleum, chemical and pharmaceutical products","clerical, sales and services workers","6.1"
"2022-Q1","manufacturing","petroleum, chemical and pharmaceutical products","production and transport operators, cleaners and labourers","4.8"
"2022-Q1","manufacturing","fabricated metal products, machinery and equipment","total","4.6"
"2022-Q1","manufacturing","fabricated metal products, machinery and equipment","professional, managers, executive and technicians","5"
"2022-Q1","manufacturing","fabricated metal products, machinery and equipment","clerical, sales and services workers","5"
"2022-Q1","manufacturing","fabricated metal products, machinery and equipment","production and transport operators, cleaners and labourers","4.1"
"2022-Q1","manufacturing","electronic, computer and optical products","total","5.5"
"2022-Q1","manufacturing","electronic, computer and optical products","professional, managers, executive and technicians","5"
"2022-Q1","manufacturing","electronic, computer and optical products","clerical, sales and services workers","2.9"
"2022-Q1","manufacturing","electronic, computer and optical products","production and transport operators, cleaners and labourers","6.4"
"2022-Q1","manufacturing","transport equipment","total","3.5"
"2022-Q1","manufacturing","transport equipment","professional, managers, executive and technicians","4.6"
"2022-Q1","manufacturing","transport equipment","clerical, sales and services workers","3.8"
"2022-Q1","manufacturing","transport equipment","production and transport operators, cleaners and labourers","2.5"
"2022-Q1","manufacturing","other manufacturing industries","total","4.3"
"2022-Q1","manufacturing","other manufacturing industries","professional, managers, executive and technicians","4.9"
"2022-Q1","manufacturing","other manufacturing industries","clerical, sales and services workers","5.2"
"2022-Q1","manufacturing","other manufacturing industries","production and transport operators, cleaners and labourers","3.7"
"2022-Q1","construction","construction","total","4.5"
"2022-Q1","construction","construction","professional, managers, executive and technicians","4.2"
"2022-Q1","construction","construction","clerical, sales and services workers","4.2"
"2022-Q1","construction","construction","production and transport operators, cleaners and labourers","4.6"
"2022-Q1","services","wholesale and retail trade","total","4.8"
"2022-Q1","services","wholesale and retail trade","professional, managers, executive and technicians","4"
"2022-Q1","services","wholesale and retail trade","clerical, sales and services workers","6.3"
"2022-Q1","services","wholesale and retail trade","production and transport operators, cleaners and labourers","4.7"
"2022-Q1","services","transportation and storage","total","5.2"
"2022-Q1","services","transportation and storage","professional, managers, executive and technicians","3.7"
"2022-Q1","services","transportation and storage","clerical, sales and services workers","4"
"2022-Q1","services","transportation and storage","production and transport operators, cleaners and labourers","6.8"
"2022-Q1","services","accommodation and food services","total","6.9"
"2022-Q1","services","accommodation and food services","professional, managers, executive and technicians","6.8"
"2022-Q1","services","accommodation and food services","clerical, sales and services workers","7.4"
"2022-Q1","services","accommodation and food services","production and transport operators, cleaners and labourers","5.6"
"2022-Q1","services","information and communications","total","10"
"2022-Q1","services","information and communications","professional, managers, executive and technicians","10.6"
"2022-Q1","services","information and communications","clerical, sales and services workers","4.7"
"2022-Q1","services","information and communications","production and transport operators, cleaners and labourers","5.8"
"2022-Q1","services","financial and insurance services","total","6.4"
"2022-Q1","services","financial and insurance services","professional, managers, executive and technicians","6.6"
"2022-Q1","services","financial and insurance services","clerical, sales and services workers","4.5"
"2022-Q1","services","financial and insurance services","production and transport operators, cleaners and labourers","1.2"
"2022-Q1","services","real estate services","total","4.6"
"2022-Q1","services","real estate services","professional, managers, executive and technicians","3.7"
"2022-Q1","services","real estate services","clerical, sales and services workers","6.5"
"2022-Q1","services","real estate services","production and transport operators, cleaners and labourers","5.6"
"2022-Q1","services","professional services","total","6.1"
"2022-Q1","services","professional services","professional, managers, executive and technicians","6.4"
"2022-Q1","services","professional services","clerical, sales and services workers","4.4"
"2022-Q1","services","professional services","production and transport operators, cleaners and labourers","5.3"
"2022-Q1","services","administrative and support services","total","4.8"
"2022-Q1","services","administrative and support services","professional, managers, executive and technicians","5.9"
"2022-Q1","services","administrative and support services","clerical, sales and services workers","5.1"
"2022-Q1","services","administrative and support services","production and transport operators, cleaners and labourers","4.1"
"2022-Q1","services","community, social and personal services","total","5.6"
"2022-Q1","services","community, social and personal services","professional, managers, executive and technicians","5.6"
"2022-Q1","services","community, social and personal services","clerical, sales and services workers","6"
"2022-Q1","services","community, social and personal services","production and transport operators, cleaners and labourers","4.9"
"2022-Q1","others","others","total","4"
"2022-Q1","others","others","professional, managers, executive and technicians","3.8"
"2022-Q1","others","others","clerical, sales and services workers","-"
"2022-Q1","others","others","production and transport operators, cleaners and labourers","4.9"
"2022-Q2","total","total","total","5.6"
"2022-Q2","total","total","professional, managers, executive and technicians","5.7"
"2022-Q2","total","total","clerical, sales and services workers","6.5"
"2022-Q2","total","total","production and transport operators, cleaners and labourers","4.7"
"2022-Q2","manufacturing","food, beverages and tobacco","total","4.8"
"2022-Q2","manufacturing","food, beverages and tobacco","professional, managers, executive and technicians","3.3"
"2022-Q2","manufacturing","food, beverages and tobacco","clerical, sales and services workers","6.4"
"2022-Q2","manufacturing","food, beverages and tobacco","production and transport operators, cleaners and labourers","4.8"
"2022-Q2","manufacturing","paper,rubber,plastic products and printing","total","4.9"
"2022-Q2","manufacturing","paper,rubber,plastic products and printing","professional, managers, executive and technicians","4.1"
"2022-Q2","manufacturing","paper,rubber,plastic products and printing","clerical, sales and services workers","5.5"
"2022-Q2","manufacturing","paper,rubber,plastic products and printing","production and transport operators, cleaners and labourers","5.2"
"2022-Q2","manufacturing","petroleum, chemical and pharmaceutical products","total","3.8"
"2022-Q2","manufacturing","petroleum, chemical and pharmaceutical products","professional, managers, executive and technicians","3.4"
"2022-Q2","manufacturing","petroleum, chemical and pharmaceutical products","clerical, sales and services workers","5.3"
"2022-Q2","manufacturing","petroleum, chemical and pharmaceutical products","production and transport operators, cleaners and labourers","4.7"
"2022-Q2","manufacturing","fabricated metal products, machinery and equipment","total","5.4"
"2022-Q2","manufacturing","fabricated metal products, machinery and equipment","professional, managers, executive and technicians","5.4"
"2022-Q2","manufacturing","fabricated metal products, machinery and equipment","clerical, sales and services workers","4.2"
"2022-Q2","manufacturing","fabricated metal products, machinery and equipment","production and transport operators, cleaners and labourers","5.7"
"2022-Q2","manufacturing","electronic, computer and optical products","total","5.4"
"2022-Q2","manufacturing","electronic, computer and optical products","professional, managers, executive and technicians","5.3"
"2022-Q2","manufacturing","electronic, computer and optical products","clerical, sales and services workers","3.7"
"2022-Q2","manufacturing","electronic, computer and optical products","production and transport operators, cleaners and labourers","5.9"
"2022-Q2","manufacturing","transport equipment","total","4"
"2022-Q2","manufacturing","transport equipment","professional, managers, executive and technicians","4.7"
"2022-Q2","manufacturing","transport equipment","clerical, sales and services workers","1.9"
"2022-Q2","manufacturing","transport equipment","production and transport operators, cleaners and labourers","3.7"
"2022-Q2","manufacturing","other manufacturing industries","total","3.8"
"2022-Q2","manufacturing","other manufacturing industries","professional, managers, executive and technicians","4.8"
"2022-Q2","manufacturing","other manufacturing industries","clerical, sales and services workers","5"
"2022-Q2","manufacturing","other manufacturing industries","production and transport operators, cleaners and labourers","2.7"
"2022-Q2","construction","construction","total","4"
"2022-Q2","construction","construction","professional, managers, executive and technicians","3.8"
"2022-Q2","construction","construction","clerical, sales and services workers","4.9"
"2022-Q2","construction","construction","production and transport operators, cleaners and labourers","4"
"2022-Q2","services","wholesale and retail trade","total","5.3"
"2022-Q2","services","wholesale and retail trade","professional, managers, executive and technicians","3.9"
"2022-Q2","services","wholesale and retail trade","clerical, sales and services workers","7.5"
"2022-Q2","services","wholesale and retail trade","production and transport operators, cleaners and labourers","5.1"
"2022-Q2","services","transportation and storage","total","5.3"
"2022-Q2","services","transportation and storage","professional, managers, executive and technicians","4.1"
"2022-Q2","services","transportation and storage","clerical, sales and services workers","5.9"
"2022-Q2","services","transportation and storage","production and transport operators, cleaners and labourers","5.9"
"2022-Q2","services","accommodation and food services","total","7.5"
"2022-Q2","services","accommodation and food services","professional, managers, executive and technicians","6.3"
"2022-Q2","services","accommodation and food services","clerical, sales and services workers","8.2"
"2022-Q2","services","accommodation and food services","production and transport operators, cleaners and labourers","7.1"
"2022-Q2","services","information and communications","total","10.2"
"2022-Q2","services","information and communications","professional, managers, executive and technicians","10.6"
"2022-Q2","services","information and communications","clerical, sales and services workers","5.8"
"2022-Q2","services","information and communications","production and transport operators, cleaners and labourers","13"
"2022-Q2","services","financial and insurance services","total","5.2"
"2022-Q2","services","financial and insurance services","professional, managers, executive and technicians","5.4"
"2022-Q2","services","financial and insurance services","clerical, sales and services workers","4.6"
"2022-Q2","services","financial and insurance services","production and transport operators, cleaners and labourers","1.6"
"2022-Q2","services","real estate services","total","5.3"
"2022-Q2","services","real estate services","professional, managers, executive and technicians","4.8"
"2022-Q2","services","real estate services","clerical, sales and services workers","6.6"
"2022-Q2","services","real estate services","production and transport operators, cleaners and labourers","5.6"
"2022-Q2","services","professional services","total","6"
"2022-Q2","services","professional services","professional, managers, executive and technicians","6.3"
"2022-Q2","services","professional services","clerical, sales and services workers","5.6"
"2022-Q2","services","professional services","production and transport operators, cleaners and labourers","4.1"
"2022-Q2","services","administrative and support services","total","5"
"2022-Q2","services","administrative and support services","professional, managers, executive and technicians","6.8"
"2022-Q2","services","administrative and support services","clerical, sales and services workers","4.8"
"2022-Q2","services","administrative and support services","production and transport operators, cleaners and labourers","4.4"
"2022-Q2","services","community, social and personal services","total","5.9"
"2022-Q2","services","community, social and personal services","professional, managers, executive and technicians","5.9"
"2022-Q2","services","community, social and personal services","clerical, sales and services workers","6.4"
"2022-Q2","services","community, social and personal services","production and transport operators, cleaners and labourers","5"
"2022-Q2","others","others","total","2.9"
"2022-Q2","others","others","professional, managers, executive and technicians","3.7"
"2022-Q2","others","others","clerical, sales and services workers","-"
"2022-Q2","others","others","production and transport operators, cleaners and labourers","1.8"
"2022-Q3","total","total","total","4.8"
"2022-Q3","total","total","professional, managers, executive and technicians","5"
"2022-Q3","total","total","clerical, sales and services workers","5.9"
"2022-Q3","total","total","production and transport operators, cleaners and labourers","3.7"
"2022-Q3","manufacturing","food, beverages and tobacco","total","3.8"
"2022-Q3","manufacturing","food, beverages and tobacco","professional, managers, executive and technicians","2.8"
"2022-Q3","manufacturing","food, beverages and tobacco","clerical, sales and services workers","4"
"2022-Q3","manufacturing","food, beverages and tobacco","production and transport operators, cleaners and labourers","4.3"
"2022-Q3","manufacturing","paper,rubber,plastic products and printing","total","3.7"
"2022-Q3","manufacturing","paper,rubber,plastic products and printing","professional, managers, executive and technicians","2.9"
"2022-Q3","manufacturing","paper,rubber,plastic products and printing","clerical, sales and services workers","-"
"2022-Q3","manufacturing","paper,rubber,plastic products and printing","production and transport operators, cleaners and labourers","4.2"
"2022-Q3","manufacturing","petroleum, chemical and pharmaceutical products","total","3.2"
"2022-Q3","manufacturing","petroleum, chemical and pharmaceutical products","professional, managers, executive and technicians","3"
"2022-Q3","manufacturing","petroleum, chemical and pharmaceutical products","clerical, sales and services workers","3.7"
"2022-Q3","manufacturing","petroleum, chemical and pharmaceutical products","production and transport operators, cleaners and labourers","3.9"
"2022-Q3","manufacturing","fabricated metal products, machinery and equipment","total","4.7"
"2022-Q3","manufacturing","fabricated metal products, machinery and equipment","professional, managers, executive and technicians","5"
"2022-Q3","manufacturing","fabricated metal products, machinery and equipment","clerical, sales and services workers","3.4"
"2022-Q3","manufacturing","fabricated metal products, machinery and equipment","production and transport operators, cleaners and labourers","4.6"
"2022-Q3","manufacturing","electronic, computer and optical products","total","3.2"
"2022-Q3","manufacturing","electronic, computer and optical products","professional, managers, executive and technicians","2.7"
"2022-Q3","manufacturing","electronic, computer and optical products","clerical, sales and services workers","3.2"
"2022-Q3","manufacturing","electronic, computer and optical products","production and transport operators, cleaners and labourers","3.9"
"2022-Q3","manufacturing","transport equipment","total","2.6"
"2022-Q3","manufacturing","transport equipment","professional, managers, executive and technicians","3.8"
"2022-Q3","manufacturing","transport equipment","clerical, sales and services workers","1.7"
"2022-Q3","manufacturing","transport equipment","production and transport operators, cleaners and labourers","1.8"
"2022-Q3","manufacturing","other manufacturing industries","total","3.4"
"2022-Q3","manufacturing","other manufacturing industries","professional, managers, executive and technicians","3.8"
"2022-Q3","manufacturing","other manufacturing industries","clerical, sales and services workers","3"
"2022-Q3","manufacturing","other manufacturing industries","production and transport operators, cleaners and labourers","3.1"
"2022-Q3","construction","construction","total","2.8"
"2022-Q3","construction","construction","professional, managers, executive and technicians","3.3"
"2022-Q3","construction","construction","clerical, sales and services workers","3.2"
"2022-Q3","construction","construction","production and transport operators, cleaners and labourers","2.6"
"2022-Q3","services","wholesale and retail trade","total","4.4"
"2022-Q3","services","wholesale and retail trade","professional, managers, executive and technicians","3.2"
"2022-Q3","services","wholesale and retail trade","clerical, sales and services workers","7"
"2022-Q3","services","wholesale and retail trade","production and transport operators, cleaners and labourers","3.5"
"2022-Q3","services","transportation and storage","total","5"
"2022-Q3","services","transportation and storage","professional, managers, executive and technicians","3.6"
"2022-Q3","services","transportation and storage","clerical, sales and services workers","5.3"
"2022-Q3","services","transportation and storage","production and transport operators, cleaners and labourers","5.9"
"2022-Q3","services","accommodation and food services","total","6.3"
"2022-Q3","services","accommodation and food services","professional, managers, executive and technicians","5.4"
"2022-Q3","services","accommodation and food services","clerical, sales and services workers","6.9"
"2022-Q3","services","accommodation and food services","production and transport operators, cleaners and labourers","5.8"
"2022-Q3","services","information and communications","total","8"
"2022-Q3","services","information and communications","professional, managers, executive and technicians","8.3"
"2022-Q3","services","information and communications","clerical, sales and services workers","4.1"
"2022-Q3","services","information and communications","production and transport operators, cleaners and labourers","10.5"
"2022-Q3","services","financial and insurance services","total","6"
"2022-Q3","services","financial and insurance services","professional, managers, executive and technicians","6"
"2022-Q3","services","financial and insurance services","clerical, sales and services workers","4.8"
"2022-Q3","services","financial and insurance services","production and transport operators, cleaners and labourers","-"
"2022-Q3","services","real estate services","total","5"
"2022-Q3","services","real estate services","professional, managers, executive and technicians","4.8"
"2022-Q3","services","real estate services","clerical, sales and services workers","5.6"
"2022-Q3","services","real estate services","production and transport operators, cleaners and labourers","5.2"
"2022-Q3","services","professional services","total","5.1"
"2022-Q3","services","professional services","professional, managers, executive and technicians","5.6"
"2022-Q3","services","professional services","clerical, sales and services workers","5"
"2022-Q3","services","professional services","production and transport operators, cleaners and labourers","2.1"
"2022-Q3","services","administrative and support services","total","4.5"
"2022-Q3","services","administrative and support services","professional, managers, executive and technicians","5.1"
"2022-Q3","services","administrative and support services","clerical, sales and services workers","5.1"
"2022-Q3","services","administrative and support services","production and transport operators, cleaners and labourers","3.9"
"2022-Q3","services","community, social and personal services","total","5.7"
"2022-Q3","services","community, social and personal services","professional, managers, executive and technicians","5.5"
"2022-Q3","services","community, social and personal services","clerical, sales and services workers","6.7"
"2022-Q3","services","community, social and personal services","production and transport operators, cleaners and labourers","4.9"
"2022-Q3","others","others","total","2.6"
"2022-Q3","others","others","professional, managers, executive and technicians","2.9"
"2022-Q3","others","others","clerical, sales and services workers","-"
"2022-Q3","others","others","production and transport operators, cleaners and labourers","2.3"
"2022-Q4","total","total","total","4.5"
"2022-Q4","total","total","professional, managers, executive and technicians","4.5"
"2022-Q4","total","total","clerical, sales and services workers","5.9"
"2022-Q4","total","total","production and transport operators, cleaners and labourers","3.6"
"2022-Q4","manufacturing","food, beverages and tobacco","total","4"
"2022-Q4","manufacturing","food, beverages and tobacco","professional, managers, executive and technicians","2.4"
"2022-Q4","manufacturing","food, beverages and tobacco","clerical, sales and services workers","5.1"
"2022-Q4","manufacturing","food, beverages and tobacco","production and transport operators, cleaners and labourers","4.2"
"2022-Q4","manufacturing","paper,rubber,plastic products and printing","total","3.3"
"2022-Q4","manufacturing","paper,rubber,plastic products and printing","professional, managers, executive and technicians","2.9"
"2022-Q4","manufacturing","paper,rubber,plastic products and printing","clerical, sales and services workers","-"
"2022-Q4","manufacturing","paper,rubber,plastic products and printing","production and transport operators, cleaners and labourers","3.9"
"2022-Q4","manufacturing","petroleum, chemical and pharmaceutical products","total","3"
"2022-Q4","manufacturing","petroleum, chemical and pharmaceutical products","professional, managers, executive and technicians","2.7"
"2022-Q4","manufacturing","petroleum, chemical and pharmaceutical products","clerical, sales and services workers","-"
"2022-Q4","manufacturing","petroleum, chemical and pharmaceutical products","production and transport operators, cleaners and labourers","4.5"
"2022-Q4","manufacturing","fabricated metal products, machinery and equipment","total","4"
"2022-Q4","manufacturing","fabricated metal products, machinery and equipment","professional, managers, executive and technicians","4.5"
"2022-Q4","manufacturing","fabricated metal products, machinery and equipment","clerical, sales and services workers","2.7"
"2022-Q4","manufacturing","fabricated metal products, machinery and equipment","production and transport operators, cleaners and labourers","3.7"
"2022-Q4","manufacturing","electronic, computer and optical products","total","2.2"
"2022-Q4","manufacturing","electronic, computer and optical products","professional, managers, executive and technicians","2"
"2022-Q4","manufacturing","electronic, computer and optical products","clerical, sales and services workers","3.5"
"2022-Q4","manufacturing","electronic, computer and optical products","production and transport operators, cleaners and labourers","2.6"
"2022-Q4","manufacturing","transport equipment","total","3.3"
"2022-Q4","manufacturing","transport equipment","professional, managers, executive and technicians","4.2"
"2022-Q4","manufacturing","transport equipment","clerical, sales and services workers","5.2"
"2022-Q4","manufacturing","transport equipment","production and transport operators, cleaners and labourers","2.5"
"2022-Q4","manufacturing","other manufacturing industries","total","3.3"
"2022-Q4","manufacturing","other manufacturing industries","professional, managers, executive and technicians","4.1"
"2022-Q4","manufacturing","other manufacturing industries","clerical, sales and services workers","2.8"
"2022-Q4","manufacturing","other manufacturing industries","production and transport operators, cleaners and labourers","2.9"
"2022-Q4","construction","construction","total","2.8"
"2022-Q4","construction","construction","professional, managers, executive and technicians","2.9"
"2022-Q4","construction","construction","clerical, sales and services workers","3.2"
"2022-Q4","construction","construction","production and transport operators, cleaners and labourers","2.7"
"2022-Q4","services","wholesale and retail trade","total","4.3"
"2022-Q4","services","wholesale and retail trade","professional, managers, executive and technicians","3.3"
"2022-Q4","services","wholesale and retail trade","clerical, sales and services workers","6.1"
"2022-Q4","services","wholesale and retail trade","production and transport operators, cleaners and labourers","3.5"
"2022-Q4","services","transportation and storage","total","4.7"
"2022-Q4","services","transportation and storage","professional, managers, executive and technicians","3"
"2022-Q4","services","transportation and storage","clerical, sales and services workers","7"
"2022-Q4","services","transportation and storage","production and transport operators, cleaners and labourers","4.6"
"2022-Q4","services","accommodation and food services","total","5.7"
"2022-Q4","services","accommodation and food services","professional, managers, executive and technicians","4.4"
"2022-Q4","services","accommodation and food services","clerical, sales and services workers","6.5"
"2022-Q4","services","accommodation and food services","production and transport operators, cleaners and labourers","5.1"
"2022-Q4","services","information and communications","total","6.8"
"2022-Q4","services","information and communications","professional, managers, executive and technicians","6.9"
"2022-Q4","services","information and communications","clerical, sales and services workers","4.1"
"2022-Q4","services","information and communications","production and transport operators, cleaners and labourers","11.1"
"2022-Q4","services","financial and insurance services","total","4.9"
"2022-Q4","services","financial and insurance services","professional, managers, executive and technicians","4.9"
"2022-Q4","services","financial and insurance services","clerical, sales and services workers","4.6"
"2022-Q4","services","financial and insurance services","production and transport operators, cleaners and labourers","3.6"
"2022-Q4","services","real estate services","total","5"
"2022-Q4","services","real estate services","professional, managers, executive and technicians","4.9"
"2022-Q4","services","real estate services","clerical, sales and services workers","6.8"
"2022-Q4","services","real estate services","production and transport operators, cleaners and labourers","4"
"2022-Q4","services","professional services","total","4.6"
"2022-Q4","services","professional services","professional, managers, executive and technicians","4.8"
"2022-Q4","services","professional services","clerical, sales and services workers","5"
"2022-Q4","services","professional services","production and transport operators, cleaners and labourers","3"
"2022-Q4","services","administrative and support services","total","5.1"
"2022-Q4","services","administrative and support services","professional, managers, executive and technicians","4.9"
"2022-Q4","services","administrative and support services","clerical, sales and services workers","5.8"
"2022-Q4","services","administrative and support services","production and transport operators, cleaners and labourers","4.8"
"2022-Q4","services","community, social and personal services","total","5.3"
"2022-Q4","services","community, social and personal services","professional, managers, executive and technicians","5.1"
"2022-Q4","services","community, social and personal services","clerical, sales and services workers","6.3"
"2022-Q4","services","community, social and personal services","production and transport operators, cleaners and labourers","4.4"
"2022-Q4","others","others","total","3.4"
"2022-Q4","others","others","professional, managers, executive and technicians","3.3"
"2022-Q4","others","others","clerical, sales and services workers","-"
"2022-Q4","others","others","production and transport operators, cleaners and labourers","3.8"
"2023-Q1","total","total","total","4.3"
"2023-Q1","total","total","professional, managers, executive and technicians","4.4"
"2023-Q1","total","total","clerical, sales and services workers","5.2"
"2023-Q1","total","total","production and transport operators, cleaners and labourers","3.3"
"2023-Q1","manufacturing","food, beverages and tobacco","total","3.5"
"2023-Q1","manufacturing","food, beverages and tobacco","professional, managers, executive and technicians","2.3"
"2023-Q1","manufacturing","food, beverages and tobacco","clerical, sales and services workers","4.8"
"2023-Q1","manufacturing","food, beverages and tobacco","production and transport operators, cleaners and labourers","3.5"
"2023-Q1","manufacturing","paper,rubber,plastic products and printing","total","3.1"
"2023-Q1","manufacturing","paper,rubber,plastic products and printing","professional, managers, executive and technicians","4.4"
"2023-Q1","manufacturing","paper,rubber,plastic products and printing","clerical, sales and services workers","3.2"
"2023-Q1","manufacturing","paper,rubber,plastic products and printing","production and transport operators, cleaners and labourers","2.4"
"2023-Q1","manufacturing","petroleum, chemical and pharmaceutical products","total","2.6"
"2023-Q1","manufacturing","petroleum, chemical and pharmaceutical products","professional, managers, executive and technicians","2.3"
"2023-Q1","manufacturing","petroleum, chemical and pharmaceutical products","clerical, sales and services workers","4.6"
"2023-Q1","manufacturing","petroleum, chemical and pharmaceutical products","production and transport operators, cleaners and labourers","3.2"
"2023-Q1","manufacturing","fabricated metal products, machinery and equipment","total","2.7"
"2023-Q1","manufacturing","fabricated metal products, machinery and equipment","professional, managers, executive and technicians","2.9"
"2023-Q1","manufacturing","fabricated metal products, machinery and equipment","clerical, sales and services workers","2.4"
"2023-Q1","manufacturing","fabricated metal products, machinery and equipment","production and transport operators, cleaners and labourers","2.6"
"2023-Q1","manufacturing","electronic, computer and optical products","total","1.8"
"2023-Q1","manufacturing","electronic, computer and optical products","professional, managers, executive and technicians","1.7"
"2023-Q1","manufacturing","electronic, computer and optical products","clerical, sales and services workers","4"
"2023-Q1","manufacturing","electronic, computer and optical products","production and transport operators, cleaners and labourers","1.6"
"2023-Q1","manufacturing","transport equipment","total","3.2"
"2023-Q1","manufacturing","transport equipment","professional, managers, executive and technicians","3.2"
"2023-Q1","manufacturing","transport equipment","clerical, sales and services workers","2.8"
"2023-Q1","manufacturing","transport equipment","production and transport operators, cleaners and labourers","3.1"
"2023-Q1","manufacturing","other manufacturing industries","total","3.5"
"2023-Q1","manufacturing","other manufacturing industries","professional, managers, executive and technicians","4.3"
"2023-Q1","manufacturing","other manufacturing industries","clerical, sales and services workers","4.5"
"2023-Q1","manufacturing","other manufacturing industries","production and transport operators, cleaners and labourers","2.5"
"2023-Q1","construction","construction","total","2.4"
"2023-Q1","construction","construction","professional, managers, executive and technicians","3"
"2023-Q1","construction","construction","clerical, sales and services workers","2.8"
"2023-Q1","construction","construction","production and transport operators, cleaners and labourers","2.2"
"2023-Q1","services","wholesale and retail trade","total","3.8"
"2023-Q1","services","wholesale and retail trade","professional, managers, executive and technicians","3.3"
"2023-Q1","services","wholesale and retail trade","clerical, sales and services workers","4.9"
"2023-Q1","services","wholesale and retail trade","production and transport operators, cleaners and labourers","3.5"
"2023-Q1","services","transportation and storage","total","4.6"
"2023-Q1","services","transportation and storage","professional, managers, executive and technicians","3.8"
"2023-Q1","services","transportation and storage","clerical, sales and services workers","5.2"
"2023-Q1","services","transportation and storage","production and transport operators, cleaners and labourers","5"
"2023-Q1","services","accommodation and food services","total","5.3"
"2023-Q1","services","accommodation and food services","professional, managers, executive and technicians","5"
"2023-Q1","services","accommodation and food services","clerical, sales and services workers","5.6"
"2023-Q1","services","accommodation and food services","production and transport operators, cleaners and labourers","4.7"
"2023-Q1","services","information and communications","total","6.6"
"2023-Q1","services","information and communications","professional, managers, executive and technicians","6.8"
"2023-Q1","services","information and communications","clerical, sales and services workers","3.8"
"2023-Q1","services","information and communications","production and transport operators, cleaners and labourers","8.7"
"2023-Q1","services","financial and insurance services","total","4.7"
"2023-Q1","services","financial and insurance services","professional, managers, executive and technicians","4.7"
"2023-Q1","services","financial and insurance services","clerical, sales and services workers","4.5"
"2023-Q1","services","financial and insurance services","production and transport operators, cleaners and labourers","-"
"2023-Q1","services","real estate services","total","4.8"
"2023-Q1","services","real estate services","professional, managers, executive and technicians","4.9"
"2023-Q1","services","real estate services","clerical, sales and services workers","4.8"
"2023-Q1","services","real estate services","production and transport operators, cleaners and labourers","4.5"
"2023-Q1","services","professional services","total","4.4"
"2023-Q1","services","professional services","professional, managers, executive and technicians","4.6"
"2023-Q1","services","professional services","clerical, sales and services workers","5.9"
"2023-Q1","services","professional services","production and transport operators, cleaners and labourers","2.3"
"2023-Q1","services","administrative and support services","total","5.3"
"2023-Q1","services","administrative and support services","professional, managers, executive and technicians","5.6"
"2023-Q1","services","administrative and support services","clerical, sales and services workers","4.6"
"2023-Q1","services","administrative and support services","production and transport operators, cleaners and labourers","5.6"
"2023-Q1","services","community, social and personal services","total","5.2"
"2023-Q1","services","community, social and personal services","professional, managers, executive and technicians","5"
"2023-Q1","services","community, social and personal services","clerical, sales and services workers","6.7"
"2023-Q1","services","community, social and personal services","production and transport operators, cleaners and labourers","3.6"
"2023-Q1","others","others","total","3.7"
"2023-Q1","others","others","professional, managers, executive and technicians","4"
"2023-Q1","others","others","clerical, sales and services workers","3.9"
"2023-Q1","others","others","production and transport operators, cleaners and labourers","3"
"2023-Q2","total","total","total","3.9"
"2023-Q2","total","total","professional, managers, executive and technicians","4.2"
"2023-Q2","total","total","clerical, sales and services workers","4.8"
"2023-Q2","total","total","production and transport operators, cleaners and labourers","2.7"
"2023-Q2","manufacturing","food, beverages and tobacco","total","3.8"
"2023-Q2","manufacturing","food, beverages and tobacco","professional, managers, executive and technicians","2.5"
"2023-Q2","manufacturing","food, beverages and tobacco","clerical, sales and services workers","4.3"
"2023-Q2","manufacturing","food, beverages and tobacco","production and transport operators, cleaners and labourers","4.1"
"2023-Q2","manufacturing","paper,rubber,plastic products and printing","total","2.9"
"2023-Q2","manufacturing","paper,rubber,plastic products and printing","professional, managers, executive and technicians","2.9"
"2023-Q2","manufacturing","paper,rubber,plastic products and printing","clerical, sales and services workers","2.9"
"2023-Q2","manufacturing","paper,rubber,plastic products and printing","production and transport operators, cleaners and labourers","2.9"
"2023-Q2","manufacturing","petroleum, chemical and pharmaceutical products","total","2.7"
"2023-Q2","manufacturing","petroleum, chemical and pharmaceutical products","professional, managers, executive and technicians","2.7"
"2023-Q2","manufacturing","petroleum, chemical and pharmaceutical products","clerical, sales and services workers","3.3"
"2023-Q2","manufacturing","petroleum, chemical and pharmaceutical products","production and transport operators, cleaners and labourers","2.5"
"2023-Q2","manufacturing","fabricated metal products, machinery and equipment","total","2"
"2023-Q2","manufacturing","fabricated metal products, machinery and equipment","professional, managers, executive and technicians","2.4"
"2023-Q2","manufacturing","fabricated metal products, machinery and equipment","clerical, sales and services workers","3.5"
"2023-Q2","manufacturing","fabricated metal products, machinery and equipment","production and transport operators, cleaners and labourers","1.4"
"2023-Q2","manufacturing","electronic, computer and optical products","total","1.3"
"2023-Q2","manufacturing","electronic, computer and optical products","professional, managers, executive and technicians","1.5"
"2023-Q2","manufacturing","electronic, computer and optical products","clerical, sales and services workers","-"
"2023-Q2","manufacturing","electronic, computer and optical products","production and transport operators, cleaners and labourers","1.1"
"2023-Q2","manufacturing","transport equipment","total","2.8"
"2023-Q2","manufacturing","transport equipment","professional, managers, executive and technicians","3.8"
"2023-Q2","manufacturing","transport equipment","clerical, sales and services workers","4"
"2023-Q2","manufacturing","transport equipment","production and transport operators, cleaners and labourers","1.8"
"2023-Q2","manufacturing","other manufacturing industries","total","2.8"
"2023-Q2","manufacturing","other manufacturing industries","professional, managers, executive and technicians","3.2"
"2023-Q2","manufacturing","other manufacturing industries","clerical, sales and services workers","2.4"
"2023-Q2","manufacturing","other manufacturing industries","production and transport operators, cleaners and labourers","2.6"
"2023-Q2","construction","construction","total","2.3"
"2023-Q2","construction","construction","professional, managers, executive and technicians","3"
"2023-Q2","construction","construction","clerical, sales and services workers","2.7"
"2023-Q2","construction","construction","production and transport operators, cleaners and labourers","2"
"2023-Q2","services","wholesale and retail trade","total","2.8"
"2023-Q2","services","wholesale and retail trade","professional, managers, executive and technicians","2.4"
"2023-Q2","services","wholesale and retail trade","clerical, sales and services workers","3.7"
"2023-Q2","services","wholesale and retail trade","production and transport operators, cleaners and labourers","2.9"
"2023-Q2","services","transportation and storage","total","3.6"
"2023-Q2","services","transportation and storage","professional, managers, executive and technicians","2.3"
"2023-Q2","services","transportation and storage","clerical, sales and services workers","4.9"
"2023-Q2","services","transportation and storage","production and transport operators, cleaners and labourers","4"
"2023-Q2","services","accommodation and food services","total","5.3"
"2023-Q2","services","accommodation and food services","professional, managers, executive and technicians","5.1"
"2023-Q2","services","accommodation and food services","clerical, sales and services workers","5.6"
"2023-Q2","services","accommodation and food services","production and transport operators, cleaners and labourers","4.3"
"2023-Q2","services","information and communications","total","5.9"
"2023-Q2","services","information and communications","professional, managers, executive and technicians","5.9"
"2023-Q2","services","information and communications","clerical, sales and services workers","3.4"
"2023-Q2","services","information and communications","production and transport operators, cleaners and labourers","14.7"
"2023-Q2","services","financial and insurance services","total","4.1"
"2023-Q2","services","financial and insurance services","professional, managers, executive and technicians","4.1"
"2023-Q2","services","financial and insurance services","clerical, sales and services workers","4.9"
"2023-Q2","services","financial and insurance services","production and transport operators, cleaners and labourers","-"
"2023-Q2","services","real estate services","total","5.3"
"2023-Q2","services","real estate services","professional, managers, executive and technicians","4.9"
"2023-Q2","services","real estate services","clerical, sales and services workers","5.9"
"2023-Q2","services","real estate services","production and transport operators, cleaners and labourers","5.9"
"2023-Q2","services","professional services","total","4.2"
"2023-Q2","services","professional services","professional, managers, executive and technicians","4.4"
"2023-Q2","services","professional services","clerical, sales and services workers","5"
"2023-Q2","services","professional services","production and transport operators, cleaners and labourers","1.9"
"2023-Q2","services","administrative and support services","total","4.2"
"2023-Q2","services","administrative and support services","professional, managers, executive and technicians","4.7"
"2023-Q2","services","administrative and support services","clerical, sales and services workers","4.6"
"2023-Q2","services","administrative and support services","production and transport operators, cleaners and labourers","3.7"
"2023-Q2","services","community, social and personal services","total","6"
"2023-Q2","services","community, social and personal services","professional, managers, executive and technicians","6"
"2023-Q2","services","community, social and personal services","clerical, sales and services workers","6.6"
"2023-Q2","services","community, social and personal services","production and transport operators, cleaners and labourers","4.3"
"2023-Q2","others","others","total","3.3"
"2023-Q2","others","others","professional, managers, executive and technicians","3.7"
"2023-Q2","others","others","clerical, sales and services workers","-"
"2023-Q2","others","others","production and transport operators, cleaners and labourers","3"
"2023-Q3","total","total","total","3.4"
"2023-Q3","total","total","professional, managers, executive and technicians","3.7"
"2023-Q3","total","total","clerical, sales and services workers","4.4"
"2023-Q3","total","total","production and transport operators, cleaners and labourers","2.3"
"2023-Q3","manufacturing","food, beverages and tobacco","total","3"
"2023-Q3","manufacturing","food, beverages and tobacco","professional, managers, executive and technicians","2.6"
"2023-Q3","manufacturing","food, beverages and tobacco","clerical, sales and services workers","3.7"
"2023-Q3","manufacturing","food, beverages and tobacco","production and transport operators, cleaners and labourers","2.8"
"2023-Q3","manufacturing","paper,rubber,plastic products and printing","total","2.2"
"2023-Q3","manufacturing","paper,rubber,plastic products and printing","professional, managers, executive and technicians","2.9"
"2023-Q3","manufacturing","paper,rubber,plastic products and printing","clerical, sales and services workers","-"
"2023-Q3","manufacturing","paper,rubber,plastic products and printing","production and transport operators, cleaners and labourers","1.8"
"2023-Q3","manufacturing","petroleum, chemical and pharmaceutical products","total","2.3"
"2023-Q3","manufacturing","petroleum, chemical and pharmaceutical products","professional, managers, executive and technicians","2.6"
"2023-Q3","manufacturing","petroleum, chemical and pharmaceutical products","clerical, sales and services workers","-"
"2023-Q3","manufacturing","petroleum, chemical and pharmaceutical products","production and transport operators, cleaners and labourers","1.3"
"2023-Q3","manufacturing","fabricated metal products, machinery and equipment","total","1.6"
"2023-Q3","manufacturing","fabricated metal products, machinery and equipment","professional, managers, executive and technicians","2"
"2023-Q3","manufacturing","fabricated metal products, machinery and equipment","clerical, sales and services workers","1.8"
"2023-Q3","manufacturing","fabricated metal products, machinery and equipment","production and transport operators, cleaners and labourers","1.3"
"2023-Q3","manufacturing","electronic, computer and optical products","total","1"
"2023-Q3","manufacturing","electronic, computer and optical products","professional, managers, executive and technicians","1.1"
"2023-Q3","manufacturing","electronic, computer and optical products","clerical, sales and services workers","-"
"2023-Q3","manufacturing","electronic, computer and optical products","production and transport operators, cleaners and labourers","0.7"
"2023-Q3","manufacturing","transport equipment","total","2.3"
"2023-Q3","manufacturing","transport equipment","professional, managers, executive and technicians","2.8"
"2023-Q3","manufacturing","transport equipment","clerical, sales and services workers","2"
"2023-Q3","manufacturing","transport equipment","production and transport operators, cleaners and labourers","2"
"2023-Q3","manufacturing","other manufacturing industries","total","2"
"2023-Q3","manufacturing","other manufacturing industries","professional, managers, executive and technicians","2.8"
"2023-Q3","manufacturing","other manufacturing industries","clerical, sales and services workers","1.7"
"2023-Q3","manufacturing","other manufacturing industries","production and transport operators, cleaners and labourers","1.4"
"2023-Q3","construction","construction","total","1.8"
"2023-Q3","construction","construction","professional, managers, executive and technicians","2.6"
"2023-Q3","construction","construction","clerical, sales and services workers","1.8"
"2023-Q3","construction","construction","production and transport operators, cleaners and labourers","1.5"
"2023-Q3","services","wholesale and retail trade","total","3"
"2023-Q3","services","wholesale and retail trade","professional, managers, executive and technicians","2.7"
"2023-Q3","services","wholesale and retail trade","clerical, sales and services workers","4.1"
"2023-Q3","services","wholesale and retail trade","production and transport operators, cleaners and labourers","2.1"
"2023-Q3","services","transportation and storage","total","3.9"
"2023-Q3","services","transportation and storage","professional, managers, executive and technicians","2.6"
"2023-Q3","services","transportation and storage","clerical, sales and services workers","6"
"2023-Q3","services","transportation and storage","production and transport operators, cleaners and labourers","3.9"
"2023-Q3","services","accommodation and food services","total","4.9"
"2023-Q3","services","accommodation and food services","professional, managers, executive and technicians","4.6"
"2023-Q3","services","accommodation and food services","clerical, sales and services workers","5.1"
"2023-Q3","services","accommodation and food services","production and transport operators, cleaners and labourers","4.8"
"2023-Q3","services","information and communications","total","6.1"
"2023-Q3","services","information and communications","professional, managers, executive and technicians","6.4"
"2023-Q3","services","information and communications","clerical, sales and services workers","2.7"
"2023-Q3","services","information and communications","production and transport operators, cleaners and labourers","3.2"
"2023-Q3","services","financial and insurance services","total","2.9"
"2023-Q3","services","financial and insurance services","professional, managers, executive and technicians","3.1"
"2023-Q3","services","financial and insurance services","clerical, sales and services workers","1.5"
"2023-Q3","services","financial and insurance services","production and transport operators, cleaners and labourers","2.6"
"2023-Q3","services","real estate services","total","2.5"
"2023-Q3","services","real estate services","professional, managers, executive and technicians","2.5"
"2023-Q3","services","real estate services","clerical, sales and services workers","3.2"
"2023-Q3","services","real estate services","production and transport operators, cleaners and labourers","1.8"
"2023-Q3","services","professional services","total","3.3"
"2023-Q3","services","professional services","professional, managers, executive and technicians","3.6"
"2023-Q3","services","professional services","clerical, sales and services workers","3.4"
"2023-Q3","services","professional services","production and transport operators, cleaners and labourers","1.4"
"2023-Q3","services","administrative and support services","total","4.2"
"2023-Q3","services","administrative and support services","professional, managers, executive and technicians","5"
"2023-Q3","services","administrative and support services","clerical, sales and services workers","4.9"
"2023-Q3","services","administrative and support services","production and transport operators, cleaners and labourers","3.5"
"2023-Q3","services","community, social and personal services","total","5"
"2023-Q3","services","community, social and personal services","professional, managers, executive and technicians","4.8"
"2023-Q3","services","community, social and personal services","clerical, sales and services workers","6.1"
"2023-Q3","services","community, social and personal services","production and transport operators, cleaners and labourers","4"
"2023-Q3","others","others","total","3"
"2023-Q3","others","others","professional, managers, executive and technicians","3.2"
"2023-Q3","others","others","clerical, sales and services workers","-"
"2023-Q3","others","others","production and transport operators, cleaners and labourers","2.8"
"2023-Q4","total","total","total","3.3"
"2023-Q4","total","total","professional, managers, executive and technicians","3.5"
"2023-Q4","total","total","clerical, sales and services workers","4.4"
"2023-Q4","total","total","production and transport operators, cleaners and labourers","2.4"
"2023-Q4","manufacturing","food, beverages and tobacco","total","2.8"
"2023-Q4","manufacturing","food, beverages and tobacco","professional, managers, executive and technicians","2.5"
"2023-Q4","manufacturing","food, beverages and tobacco","clerical, sales and services workers","2.2"
"2023-Q4","manufacturing","food, beverages and tobacco","production and transport operators, cleaners and labourers","3.4"
"2023-Q4","manufacturing","paper,rubber,plastic products and printing","total","2.3"
"2023-Q4","manufacturing","paper,rubber,plastic products and printing","professional, managers, executive and technicians","2.8"
"2023-Q4","manufacturing","paper,rubber,plastic products and printing","clerical, sales and services workers","-"
"2023-Q4","manufacturing","paper,rubber,plastic products and printing","production and transport operators, cleaners and labourers","1.8"
"2023-Q4","manufacturing","petroleum, chemical and pharmaceutical products","total","3.4"
"2023-Q4","manufacturing","petroleum, chemical and pharmaceutical products","professional, managers, executive and technicians","2.9"
"2023-Q4","manufacturing","petroleum, chemical and pharmaceutical products","clerical, sales and services workers","16.1"
"2023-Q4","manufacturing","petroleum, chemical and pharmaceutical products","production and transport operators, cleaners and labourers","2.1"
"2023-Q4","manufacturing","fabricated metal products, machinery and equipment","total","2.1"
"2023-Q4","manufacturing","fabricated metal products, machinery and equipment","professional, managers, executive and technicians","2.6"
"2023-Q4","manufacturing","fabricated metal products, machinery and equipment","clerical, sales and services workers","2.8"
"2023-Q4","manufacturing","fabricated metal products, machinery and equipment","production and transport operators, cleaners and labourers","1.6"
"2023-Q4","manufacturing","electronic, computer and optical products","total","1.4"
"2023-Q4","manufacturing","electronic, computer and optical products","professional, managers, executive and technicians","1.8"
"2023-Q4","manufacturing","electronic, computer and optical products","clerical, sales and services workers","-"
"2023-Q4","manufacturing","electronic, computer and optical products","production and transport operators, cleaners and labourers","0.6"
"2023-Q4","manufacturing","transport equipment","total","2.6"
"2023-Q4","manufacturing","transport equipment","professional, managers, executive and technicians","2.7"
"2023-Q4","manufacturing","transport equipment","clerical, sales and services workers","3.3"
"2023-Q4","manufacturing","transport equipment","production and transport operators, cleaners and labourers","2.4"
"2023-Q4","manufacturing","other manufacturing industries","total","1.6"
"2023-Q4","manufacturing","other manufacturing industries","professional, managers, executive and technicians","1.8"
"2023-Q4","manufacturing","other manufacturing industries","clerical, sales and services workers","2.3"
"2023-Q4","manufacturing","other manufacturing industries","production and transport operators, cleaners and labourers","1.3"
"2023-Q4","construction","construction","total","1.8"
"2023-Q4","construction","construction","professional, managers, executive and technicians","2.5"
"2023-Q4","construction","construction","clerical, sales and services workers","2.2"
"2023-Q4","construction","construction","production and transport operators, cleaners and labourers","1.5"
"2023-Q4","services","wholesale and retail trade","total","3"
"2023-Q4","services","wholesale and retail trade","professional, managers, executive and technicians","2.3"
"2023-Q4","services","wholesale and retail trade","clerical, sales and services workers","4.2"
"2023-Q4","services","wholesale and retail trade","production and transport operators, cleaners and labourers","2.6"
"2023-Q4","services","transportation and storage","total","3.7"
"2023-Q4","services","transportation and storage","professional, managers, executive and technicians","2.7"
"2023-Q4","services","transportation and storage","clerical, sales and services workers","4.7"
"2023-Q4","services","transportation and storage","production and transport operators, cleaners and labourers","4.1"
"2023-Q4","services","accommodation and food services","total","4.2"
"2023-Q4","services","accommodation and food services","professional, managers, executive and technicians","3.7"
"2023-Q4","services","accommodation and food services","clerical, sales and services workers","4.7"
"2023-Q4","services","accommodation and food services","production and transport operators, cleaners and labourers","3.2"
"2023-Q4","services","information and communications","total","5.4"
"2023-Q4","services","information and communications","professional, managers, executive and technicians","5.8"
"2023-Q4","services","information and communications","clerical, sales and services workers","2.6"
"2023-Q4","services","information and communications","production and transport operators, cleaners and labourers","2.5"
"2023-Q4","services","financial and insurance services","total","4"
"2023-Q4","services","financial and insurance services","professional, managers, executive and technicians","3.6"
"2023-Q4","services","financial and insurance services","clerical, sales and services workers","7.5"
"2023-Q4","services","financial and insurance services","production and transport operators, cleaners and labourers","8.9"
"2023-Q4","services","real estate services","total","3.9"
"2023-Q4","services","real estate services","professional, managers, executive and technicians","3.4"
"2023-Q4","services","real estate services","clerical, sales and services workers","5.3"
"2023-Q4","services","real estate services","production and transport operators, cleaners and labourers","3.2"
"2023-Q4","services","professional services","total","3.2"
"2023-Q4","services","professional services","professional, managers, executive and technicians","3.4"
"2023-Q4","services","professional services","clerical, sales and services workers","4.5"
"2023-Q4","services","professional services","production and transport operators, cleaners and labourers","1.6"
"2023-Q4","services","administrative and support services","total","3.7"
"2023-Q4","services","administrative and support services","professional, managers, executive and technicians","2.6"
"2023-Q4","services","administrative and support services","clerical, sales and services workers","4.3"
"2023-Q4","services","administrative and support services","production and transport operators, cleaners and labourers","3.9"
"2023-Q4","services","community, social and personal services","total","4.4"
"2023-Q4","services","community, social and personal services","professional, managers, executive and technicians","4.4"
"2023-Q4","services","community, social and personal services","clerical, sales and services workers","4.8"
"2023-Q4","services","community, social and personal services","production and transport operators, cleaners and labourers","3.4"
"2023-Q4","others","others","total","3.7"
"2023-Q4","others","others","professional, managers, executive and technicians","3.6"
"2023-Q4","others","others","clerical, sales and services workers","3.4"
"2023-Q4","others","others","production and transport operators, cleaners and labourers","4"
"2024-Q1","total","total","total","3.5"
"2024-Q1","total","total","professional, managers, executive and technicians","3.7"
"2024-Q1","total","total","clerical, sales and services workers","4.3"
"2024-Q1","total","total","production and transport operators, cleaners and labourers","2.6"
"2024-Q1","manufacturing","food, beverages and tobacco","total","3"
"2024-Q1","manufacturing","food, beverages and tobacco","professional, managers, executive and technicians","2.5"
"2024-Q1","manufacturing","food, beverages and tobacco","clerical, sales and services workers","3.6"
"2024-Q1","manufacturing","food, beverages and tobacco","production and transport operators, cleaners and labourers","2.9"
"2024-Q1","manufacturing","paper,rubber,plastic products and printing","total","3.3"
"2024-Q1","manufacturing","paper,rubber,plastic products and printing","professional, managers, executive and technicians","5"
"2024-Q1","manufacturing","paper,rubber,plastic products and printing","clerical, sales and services workers","-"
"2024-Q1","manufacturing","paper,rubber,plastic products and printing","production and transport operators, cleaners and labourers","2.4"
"2024-Q1","manufacturing","petroleum, chemical and pharmaceutical products","total","3.1"
"2024-Q1","manufacturing","petroleum, chemical and pharmaceutical products","professional, managers, executive and technicians","3"
"2024-Q1","manufacturing","petroleum, chemical and pharmaceutical products","clerical, sales and services workers","7.5"
"2024-Q1","manufacturing","petroleum, chemical and pharmaceutical products","production and transport operators, cleaners and labourers","2.8"
"2024-Q1","manufacturing","fabricated metal products, machinery and equipment","total","2.2"
"2024-Q1","manufacturing","fabricated metal products, machinery and equipment","professional, managers, executive and technicians","2.2"
"2024-Q1","manufacturing","fabricated metal products, machinery and equipment","clerical, sales and services workers","2.6"
"2024-Q1","manufacturing","fabricated metal products, machinery and equipment","production and transport operators, cleaners and labourers","2.1"
"2024-Q1","manufacturing","electronic, computer and optical products","total","2.1"
"2024-Q1","manufacturing","electronic, computer and optical products","professional, managers, executive and technicians","2.7"
"2024-Q1","manufacturing","electronic, computer and optical products","clerical, sales and services workers","2.7"
"2024-Q1","manufacturing","electronic, computer and optical products","production and transport operators, cleaners and labourers","0.9"
"2024-Q1","manufacturing","transport equipment","total","2.5"
"2024-Q1","manufacturing","transport equipment","professional, managers, executive and technicians","2.7"
"2024-Q1","manufacturing","transport equipment","clerical, sales and services workers","3.8"
"2024-Q1","manufacturing","transport equipment","production and transport operators, cleaners and labourers","2.1"
"2024-Q1","manufacturing","other manufacturing industries","total","2.1"
"2024-Q1","manufacturing","other manufacturing industries","professional, managers, executive and technicians","2.6"
"2024-Q1","manufacturing","other manufacturing industries","clerical, sales and services workers","2.3"
"2024-Q1","manufacturing","other manufacturing industries","production and transport operators, cleaners and labourers","1.6"
"2024-Q1","construction","construction","total","2.2"
"2024-Q1","construction","construction","professional, managers, executive and technicians","2.6"
"2024-Q1","construction","construction","clerical, sales and services workers","2.6"
"2024-Q1","construction","construction","production and transport operators, cleaners and labourers","2.1"
"2024-Q1","services","wholesale and retail trade","total","3.3"
"2024-Q1","services","wholesale and retail trade","professional, managers, executive and technicians","2.7"
"2024-Q1","services","wholesale and retail trade","clerical, sales and services workers","4.8"
"2024-Q1","services","wholesale and retail trade","production and transport operators, cleaners and labourers","1.9"
"2024-Q1","services","transportation and storage","total","4.1"
"2024-Q1","services","transportation and storage","professional, managers, executive and technicians","2.8"
"2024-Q1","services","transportation and storage","clerical, sales and services workers","6"
"2024-Q1","services","transportation and storage","production and transport operators, cleaners and labourers","4.3"
"2024-Q1","services","accommodation and food services","total","4.1"
"2024-Q1","services","accommodation and food services","professional, managers, executive and technicians","4.1"
"2024-Q1","services","accommodation and food services","clerical, sales and services workers","4.1"
"2024-Q1","services","accommodation and food services","production and transport operators, cleaners and labourers","4"
"2024-Q1","services","information and communications","total","5.9"
"2024-Q1","services","information and communications","professional, managers, executive and technicians","6.2"
"2024-Q1","services","information and communications","clerical, sales and services workers","2.5"
"2024-Q1","services","information and communications","production and transport operators, cleaners and labourers","3.6"
"2024-Q1","services","financial and insurance services","total","3.1"
"2024-Q1","services","financial and insurance services","professional, managers, executive and technicians","3.2"
"2024-Q1","services","financial and insurance services","clerical, sales and services workers","2.4"
"2024-Q1","services","financial and insurance services","production and transport operators, cleaners and labourers","3.8"
"2024-Q1","services","real estate services","total","3.9"
"2024-Q1","services","real estate services","professional, managers, executive and technicians","3.3"
"2024-Q1","services","real estate services","clerical, sales and services workers","5.2"
"2024-Q1","services","real estate services","production and transport operators, cleaners and labourers","3.6"
"2024-Q1","services","professional services","total","3.7"
"2024-Q1","services","professional services","professional, managers, executive and technicians","4.2"
"2024-Q1","services","professional services","clerical, sales and services workers","3.4"
"2024-Q1","services","professional services","production and transport operators, cleaners and labourers","2.1"
"2024-Q1","services","administrative and support services","total","3.7"
"2024-Q1","services","administrative and support services","professional, managers, executive and technicians","3.9"
"2024-Q1","services","administrative and support services","clerical, sales and services workers","4.1"
"2024-Q1","services","administrative and support services","production and transport operators, cleaners and labourers","3.3"
"2024-Q1","services","community, social and personal services","total","4.3"
"2024-Q1","services","community, social and personal services","professional, managers, executive and technicians","4.1"
"2024-Q1","services","community, social and personal services","clerical, sales and services workers","5.3"
"2024-Q1","services","community, social and personal services","production and transport operators, cleaners and labourers","4.4"
"2024-Q1","others","others","total","3.5"
"2024-Q1","others","others","professional, managers, executive and technicians","4.2"
"2024-Q1","others","others","clerical, sales and services workers","-"
"2024-Q1","others","others","production and transport operators, cleaners and labourers","2.6"
"2024-Q2","total","total","total","3.4"
"2024-Q2","total","total","professional, managers, executive and technicians","3.6"
"2024-Q2","total","total","clerical, sales and services workers","4.2"
"2024-Q2","total","total","production and transport operators, cleaners and labourers","2.7"
"2024-Q2","manufacturing","food, beverages and tobacco","total","2.8"
"2024-Q2","manufacturing","food, beverages and tobacco","professional, managers, executive and technicians","1.9"
"2024-Q2","manufacturing","food, beverages and tobacco","clerical, sales and services workers","4.3"
"2024-Q2","manufacturing","food, beverages and tobacco","production and transport operators, cleaners and labourers","2.3"
"2024-Q2","manufacturing","paper,rubber,plastic products and printing","total","2.2"
"2024-Q2","manufacturing","paper,rubber,plastic products and printing","professional, managers, executive and technicians","3.9"
"2024-Q2","manufacturing","paper,rubber,plastic products and printing","clerical, sales and services workers","2.1"
"2024-Q2","manufacturing","paper,rubber,plastic products and printing","production and transport operators, cleaners and labourers","1"
"2024-Q2","manufacturing","petroleum, chemical and pharmaceutical products","total","2.5"
"2024-Q2","manufacturing","petroleum, chemical and pharmaceutical products","professional, managers, executive and technicians","2.2"
"2024-Q2","manufacturing","petroleum, chemical and pharmaceutical products","clerical, sales and services workers","6.8"
"2024-Q2","manufacturing","petroleum, chemical and pharmaceutical products","production and transport operators, cleaners and labourers","2.4"
"2024-Q2","manufacturing","fabricated metal products, machinery and equipment","total","2.1"
"2024-Q2","manufacturing","fabricated metal products, machinery and equipment","professional, managers, executive and technicians","2"
"2024-Q2","manufacturing","fabricated metal products, machinery and equipment","clerical, sales and services workers","3"
"2024-Q2","manufacturing","fabricated metal products, machinery and equipment","production and transport operators, cleaners and labourers","2.1"
"2024-Q2","manufacturing","electronic, computer and optical products","total","2.3"
"2024-Q2","manufacturing","electronic, computer and optical products","professional, managers, executive and technicians","2.9"
"2024-Q2","manufacturing","electronic, computer and optical products","clerical, sales and services workers","-"
"2024-Q2","manufacturing","electronic, computer and optical products","production and transport operators, cleaners and labourers","1"
"2024-Q2","manufacturing","transport equipment","total","2"
"2024-Q2","manufacturing","transport equipment","professional, managers, executive and technicians","2.1"
"2024-Q2","manufacturing","transport equipment","clerical, sales and services workers","3.4"
"2024-Q2","manufacturing","transport equipment","production and transport operators, cleaners and labourers","1.8"
"2024-Q2","manufacturing","other manufacturing industries","total","2"
"2024-Q2","manufacturing","other manufacturing industries","professional, managers, executive and technicians","2.2"
"2024-Q2","manufacturing","other manufacturing industries","clerical, sales and services workers","3"
"2024-Q2","manufacturing","other manufacturing industries","production and transport operators, cleaners and labourers","1.6"
"2024-Q2","construction","construction","total","2.6"
"2024-Q2","construction","construction","professional, managers, executive and technicians","2.9"
"2024-Q2","construction","construction","clerical, sales and services workers","2.5"
"2024-Q2","construction","construction","production and transport operators, cleaners and labourers","2.5"
"2024-Q2","services","wholesale and retail trade","total","3"
"2024-Q2","services","wholesale and retail trade","professional, managers, executive and technicians","2.4"
"2024-Q2","services","wholesale and retail trade","clerical, sales and services workers","4.3"
"2024-Q2","services","wholesale and retail trade","production and transport operators, cleaners and labourers","2.2"
"2024-Q2","services","transportation and storage","total","3.9"
"2024-Q2","services","transportation and storage","professional, managers, executive and technicians","2.6"
"2024-Q2","services","transportation and storage","clerical, sales and services workers","5.2"
"2024-Q2","services","transportation and storage","production and transport operators, cleaners and labourers","4.4"
"2024-Q2","services","accommodation and food services","total","4.1"
"2024-Q2","services","accommodation and food services","professional, managers, executive and technicians","3.5"
"2024-Q2","services","accommodation and food services","clerical, sales and services workers","4.5"
"2024-Q2","services","accommodation and food services","production and transport operators, cleaners and labourers","3.8"
"2024-Q2","services","information and communications","total","5.4"
"2024-Q2","services","information and communications","professional, managers, executive and technicians","5.6"
"2024-Q2","services","information and communications","clerical, sales and services workers","3.2"
"2024-Q2","services","information and communications","production and transport operators, cleaners and labourers","2.3"
"2024-Q2","services","financial and insurance services","total","3"
"2024-Q2","services","financial and insurance services","professional, managers, executive and technicians","3.1"
"2024-Q2","services","financial and insurance services","clerical, sales and services workers","2.3"
"2024-Q2","services","financial and insurance services","production and transport operators, cleaners and labourers","-"
"2024-Q2","services","real estate services","total","4.3"
"2024-Q2","services","real estate services","professional, managers, executive and technicians","3.5"
"2024-Q2","services","real estate services","clerical, sales and services workers","5.6"
"2024-Q2","services","real estate services","production and transport operators, cleaners and labourers","4.3"
"2024-Q2","services","professional services","total","3.6"
"2024-Q2","services","professional services","professional, managers, executive and technicians","4"
"2024-Q2","services","professional services","clerical, sales and services workers","3.6"
"2024-Q2","services","professional services","production and transport operators, cleaners and labourers","2.4"
"2024-Q2","services","administrative and support services","total","3.4"
"2024-Q2","services","administrative and support services","professional, managers, executive and technicians","3.2"
"2024-Q2","services","administrative and support services","clerical, sales and services workers","3.7"
"2024-Q2","services","administrative and support services","production and transport operators, cleaners and labourers","3.3"
"2024-Q2","services","community, social and personal services","total","4.6"
"2024-Q2","services","community, social and personal services","professional, managers, executive and technicians","4.6"
"2024-Q2","services","community, social and personal services","clerical, sales and services workers","4.9"
"2024-Q2","services","community, social and personal services","production and transport operators, cleaners and labourers","3.2"
"2024-Q2","others","others","total","2.1"
"2024-Q2","others","others","professional, managers, executive and technicians","2.2"
"2024-Q2","others","others","clerical, sales and services workers","-"
"2024-Q2","others","others","production and transport operators, cleaners and labourers","2.3"
"2024-Q3","total","total","total","2.7"
"2024-Q3","total","total","professional, managers, executive and technicians","2.9"
"2024-Q3","total","total","clerical, sales and services workers","3.5"
"2024-Q3","total","total","production and transport operators, cleaners and labourers","1.7"
"2024-Q3","manufacturing","food, beverages and tobacco","total","2"
"2024-Q3","manufacturing","food, beverages and tobacco","professional, managers, executive and technicians","1.6"
"2024-Q3","manufacturing","food, beverages and tobacco","clerical, sales and services workers","2.6"
"2024-Q3","manufacturing","food, beverages and tobacco","production and transport operators, cleaners and labourers","1.8"
"2024-Q3","manufacturing","paper,rubber,plastic products and printing","total","2"
"2024-Q3","manufacturing","paper,rubber,plastic products and printing","professional, managers, executive and technicians","2.2"
"2024-Q3","manufacturing","paper,rubber,plastic products and printing","clerical, sales and services workers","-"
"2024-Q3","manufacturing","paper,rubber,plastic products and printing","production and transport operators, cleaners and labourers","1.7"
"2024-Q3","manufacturing","petroleum, chemical and pharmaceutical products","total","2.2"
"2024-Q3","manufacturing","petroleum, chemical and pharmaceutical products","professional, managers, executive and technicians","2.1"
"2024-Q3","manufacturing","petroleum, chemical and pharmaceutical products","clerical, sales and services workers","10"
"2024-Q3","manufacturing","petroleum, chemical and pharmaceutical products","production and transport operators, cleaners and labourers","1.1"
"2024-Q3","manufacturing","fabricated metal products, machinery and equipment","total","1.5"
"2024-Q3","manufacturing","fabricated metal products, machinery and equipment","professional, managers, executive and technicians","2.2"
"2024-Q3","manufacturing","fabricated metal products, machinery and equipment","clerical, sales and services workers","1.7"
"2024-Q3","manufacturing","fabricated metal products, machinery and equipment","production and transport operators, cleaners and labourers","0.8"
"2024-Q3","manufacturing","electronic, computer and optical products","total","1.9"
"2024-Q3","manufacturing","electronic, computer and optical products","professional, managers, executive and technicians","2.5"
"2024-Q3","manufacturing","electronic, computer and optical products","clerical, sales and services workers","-"
"2024-Q3","manufacturing","electronic, computer and optical products","production and transport operators, cleaners and labourers","0.9"
"2024-Q3","manufacturing","transport equipment","total","1.2"
"2024-Q3","manufacturing","transport equipment","professional, managers, executive and technicians","1.3"
"2024-Q3","manufacturing","transport equipment","clerical, sales and services workers","1.1"
"2024-Q3","manufacturing","transport equipment","production and transport operators, cleaners and labourers","1.1"
"2024-Q3","manufacturing","other manufacturing industries","total","1.6"
"2024-Q3","manufacturing","other manufacturing industries","professional, managers, executive and technicians","2"
"2024-Q3","manufacturing","other manufacturing industries","clerical, sales and services workers","2.1"
"2024-Q3","manufacturing","other manufacturing industries","production and transport operators, cleaners and labourers","1.3"
"2024-Q3","construction","construction","total","1.4"
"2024-Q3","construction","construction","professional, managers, executive and technicians","2.3"
"2024-Q3","construction","construction","clerical, sales and services workers","1.2"
"2024-Q3","construction","construction","production and transport operators, cleaners and labourers","1"
"2024-Q3","services","wholesale and retail trade","total","2.3"
"2024-Q3","services","wholesale and retail trade","professional, managers, executive and technicians","2"
"2024-Q3","services","wholesale and retail trade","clerical, sales and services workers","3.2"
"2024-Q3","services","wholesale and retail trade","production and transport operators, cleaners and labourers","1.5"
"2024-Q3","services","transportation and storage","total","2.7"
"2024-Q3","services","transportation and storage","professional, managers, executive and technicians","2.3"
"2024-Q3","services","transportation and storage","clerical, sales and services workers","2.7"
"2024-Q3","services","transportation and storage","production and transport operators, cleaners and labourers","3.1"
"2024-Q3","services","accommodation and food services","total","3.4"
"2024-Q3","services","accommodation and food services","professional, managers, executive and technicians","3.1"
"2024-Q3","services","accommodation and food services","clerical, sales and services workers","3.7"
"2024-Q3","services","accommodation and food services","production and transport operators, cleaners and labourers","3"
"2024-Q3","services","information and communications","total","4.9"
"2024-Q3","services","information and communications","professional, managers, executive and technicians","5"
"2024-Q3","services","information and communications","clerical, sales and services workers","4"
"2024-Q3","services","information and communications","production and transport operators, cleaners and labourers","3.3"
"2024-Q3","services","financial and insurance services","total","2.3"
"2024-Q3","services","financial and insurance services","professional, managers, executive and technicians","2.2"
"2024-Q3","services","financial and insurance services","clerical, sales and services workers","3.5"
"2024-Q3","services","financial and insurance services","production and transport operators, cleaners and labourers","-"
"2024-Q3","services","real estate services","total","3"
"2024-Q3","services","real estate services","professional, managers, executive and technicians","2.7"
"2024-Q3","services","real estate services","clerical, sales and services workers","3.7"
"2024-Q3","services","real estate services","production and transport operators, cleaners and labourers","3.1"
"2024-Q3","services","professional services","total","2.4"
"2024-Q3","services","professional services","professional, managers, executive and technicians","3"
"2024-Q3","services","professional services","clerical, sales and services workers","2"
"2024-Q3","services","professional services","production and transport operators, cleaners and labourers","0.6"
"2024-Q3","services","administrative and support services","total","3.1"
"2024-Q3","services","administrative and support services","professional, managers, executive and technicians","2.1"
"2024-Q3","services","administrative and support services","clerical, sales and services workers","3.5"
"2024-Q3","services","administrative and support services","production and transport operators, cleaners and labourers","3.2"
"2024-Q3","services","community, social and personal services","total","3.9"
"2024-Q3","services","community, social and personal services","professional, managers, executive and technicians","3.6"
"2024-Q3","services","community, social and personal services","clerical, sales and services workers","5.6"
"2024-Q3","services","community, social and personal services","production and transport operators, cleaners and labourers","2.7"
"2024-Q3","others","others","total","2.9"
"2024-Q3","others","others","professional, managers, executive and technicians","3.8"
"2024-Q3","others","others","clerical, sales and services workers","-"
"2024-Q3","others","others","production and transport operators, cleaners and labourers","1.7"
"2024-Q4","total","total","total","3"
"2024-Q4","total","total","professional, managers, executive and technicians","3.2"
"2024-Q4","total","total","clerical, sales and services workers","3.5"
"2024-Q4","total","total","production and transport operators, cleaners and labourers","2.4"
"2024-Q4","manufacturing","food, beverages and tobacco","total","3.6"
"2024-Q4","manufacturing","food, beverages and tobacco","professional, managers, executive and technicians","2.5"
"2024-Q4","manufacturing","food, beverages and tobacco","clerical, sales and services workers","3"
"2024-Q4","manufacturing","food, beverages and tobacco","production and transport operators, cleaners and labourers","4.5"
"2024-Q4","manufacturing","paper,rubber,plastic products and printing","total","1.8"
"2024-Q4","manufacturing","paper,rubber,plastic products and printing","professional, managers, executive and technicians","2.3"
"2024-Q4","manufacturing","paper,rubber,plastic products and printing","clerical, sales and services workers","-"
"2024-Q4","manufacturing","paper,rubber,plastic products and printing","production and transport operators, cleaners and labourers","1.8"
"2024-Q4","manufacturing","petroleum, chemical and pharmaceutical products","total","2.6"
"2024-Q4","manufacturing","petroleum, chemical and pharmaceutical products","professional, managers, executive and technicians","2"
"2024-Q4","manufacturing","petroleum, chemical and pharmaceutical products","clerical, sales and services workers","16"
"2024-Q4","manufacturing","petroleum, chemical and pharmaceutical products","production and transport operators, cleaners and labourers","1.3"
"2024-Q4","manufacturing","fabricated metal products, machinery and equipment","total","1.5"
"2024-Q4","manufacturing","fabricated metal products, machinery and equipment","professional, managers, executive and technicians","1.8"
"2024-Q4","manufacturing","fabricated metal products, machinery and equipment","clerical, sales and services workers","1.7"
"2024-Q4","manufacturing","fabricated metal products, machinery and equipment","production and transport operators, cleaners and labourers","1.2"
"2024-Q4","manufacturing","electronic, computer and optical products","total","1.8"
"2024-Q4","manufacturing","electronic, computer and optical products","professional, managers, executive and technicians","2.4"
"2024-Q4","manufacturing","electronic, computer and optical products","clerical, sales and services workers","-"
"2024-Q4","manufacturing","electronic, computer and optical products","production and transport operators, cleaners and labourers","0.8"
"2024-Q4","manufacturing","transport equipment","total","1.7"
"2024-Q4","manufacturing","transport equipment","professional, managers, executive and technicians","1.5"
"2024-Q4","manufacturing","transport equipment","clerical, sales and services workers","0.9"
"2024-Q4","manufacturing","transport equipment","production and transport operators, cleaners and labourers","2"
"2024-Q4","manufacturing","other manufacturing industries","total","1.7"
"2024-Q4","manufacturing","other manufacturing industries","professional, managers, executive and technicians","1.9"
"2024-Q4","manufacturing","other manufacturing industries","clerical, sales and services workers","3"
"2024-Q4","manufacturing","other manufacturing industries","production and transport operators, cleaners and labourers","1.2"
"2024-Q4","construction","construction","total","2.2"
"2024-Q4","construction","construction","professional, managers, executive and technicians","2.5"
"2024-Q4","construction","construction","clerical, sales and services workers","1.9"
"2024-Q4","construction","construction","production and transport operators, cleaners and labourers","2.1"
"2024-Q4","services","wholesale and retail trade","total","2.8"
"2024-Q4","services","wholesale and retail trade","professional, managers, executive and technicians","2.5"
"2024-Q4","services","wholesale and retail trade","clerical, sales and services workers","3.6"
"2024-Q4","services","wholesale and retail trade","production and transport operators, cleaners and labourers","2.1"
"2024-Q4","services","transportation and storage","total","2.6"
"2024-Q4","services","transportation and storage","professional, managers, executive and technicians","2"
"2024-Q4","services","transportation and storage","clerical, sales and services workers","2.7"
"2024-Q4","services","transportation and storage","production and transport operators, cleaners and labourers","2.9"
"2024-Q4","services","accommodation and food services","total","3.6"
"2024-Q4","services","accommodation and food services","professional, managers, executive and technicians","3.2"
"2024-Q4","services","accommodation and food services","clerical, sales and services workers","4.1"
"2024-Q4","services","accommodation and food services","production and transport operators, cleaners and labourers","2.8"
"2024-Q4","services","information and communications","total","4.4"
"2024-Q4","services","information and communications","professional, managers, executive and technicians","4.5"
"2024-Q4","services","information and communications","clerical, sales and services workers","2.8"
"2024-Q4","services","information and communications","production and transport operators, cleaners and labourers","3.4"
"2024-Q4","services","financial and insurance services","total","2.8"
"2024-Q4","services","financial and insurance services","professional, managers, executive and technicians","2.7"
"2024-Q4","services","financial and insurance services","clerical, sales and services workers","4.1"
"2024-Q4","services","financial and insurance services","production and transport operators, cleaners and labourers","3.6"
"2024-Q4","services","real estate services","total","2.9"
"2024-Q4","services","real estate services","professional, managers, executive and technicians","2.3"
"2024-Q4","services","real estate services","clerical, sales and services workers","3.8"
"2024-Q4","services","real estate services","production and transport operators, cleaners and labourers","3.1"
"2024-Q4","services","professional services","total","3.1"
"2024-Q4","services","professional services","professional, managers, executive and technicians","3.4"
"2024-Q4","services","professional services","clerical, sales and services workers","3.8"
"2024-Q4","services","professional services","production and transport operators, cleaners and labourers","1.9"
"2024-Q4","services","administrative and support services","total","3.4"
"2024-Q4","services","administrative and support services","professional, managers, executive and technicians","2.7"
"2024-Q4","services","administrative and support services","clerical, sales and services workers","3.2"
"2024-Q4","services","administrative and support services","production and transport operators, cleaners and labourers","3.8"
"2024-Q4","services","community, social and personal services","total","4.2"
"2024-Q4","services","community, social and personal services","professional, managers, executive and technicians","4.2"
"2024-Q4","services","community, social and personal services","clerical, sales and services workers","3.9"
"2024-Q4","services","community, social and personal services","production and transport operators, cleaners and labourers","3.9"
"2024-Q4","others","others","total","2.8"
"2024-Q4","others","others","professional, managers, executive and technicians","3.7"
"2024-Q4","others","others","clerical, sales and services workers","-"
"2024-Q4","others","others","production and transport operators, cleaners and labourers","2"
"2025-Q3","total","total","total","2.8"
"2025-Q3","total","total","professional, managers, executive and technicians","3.1"
"2025-Q3","total","total","clerical, sales and services workers","3.3"
"2025-Q3","total","total","production and transport operators, cleaners and labourers","2"
